law_id,domain,act_name,act_number,section_number,section_title,legal_text,jurisdiction,enforcement_status,effective_date,source_url,source_date_checked,verification_status
CPA-001,Consumer,"Consumer Protection Act, 2019",Act No. 35 of 2019,1,"Short title, extent, commencement and application.","Short title, extent, commencement and application. —(1) This Act may be called the Consumer Protection Act, 2019. (2) It extends to the whole of India except the State of Jammu and Kashmir*. (3) It shall come into force on such date1 as the Central Government may, by notification, appoint and different dates may be appointed for different States and for different provisions of this Act and any reference in any such provision to the commencement of this Act shall be construed as a reference to the coming into force of that provision. (4) Save as otherwise expressly provided by the Central Government, by notification, this Act shall apply to all goods and services.",India,To be verified,,https://www.indiacode.nic.in/,2026-09-12,Candidate—verify
CPA-002,Consumer,"Consumer Protection Act, 2019",Act No. 35 of 2019,2,Definitions.,"Definitions.—In this Act, unless the context otherwise requires,— (1) “advertisement” means any audio or visual publicity, representation, endorsement or pronouncement made by means of light, sound, smoke, gas, print, electronic media, internet or website and includes any notice, circular, label, wrapper, invoice or such other documents; (2) “appropriate laboratory” means a laboratory or an organisation— (i) recognised by the Central Government; or (ii) recognised by a State Government, subject to such guidelines as may be issued by the Central Government in this behalf; or (iii) established by or under any law for the time being in force, which is maintained, financed or aided by the Central Government or a State Government for carrying out analysis or test of any goods with a view to determining whether such goods suffer from any defect; (3) “branch office” means— (i) any office or place of work described as a branch by the establishment; or (ii) any establishment carrying on either the same or substantially the same activity carried on by the head office of the establishment; *. Vide Notifn. No. S.O. 3912(E), dated 30th October, 2019, this Act is made applicable to the Union territory of Jammu and Kashmir and the Union territory of Ladakh",India,To be verified,,https://www.indiacode.nic.in/,2026-09-12,Candidate—verify
CPA-003,Consumer,"Consumer Protection Act, 2019",Act No. 35 of 2019,3,Central Consumer Protection Council.,"Central Consumer Protection Council. —(1) The Central Government shall, by notification, establish with effect from such date as it may specify in that notification, the Central Consumer Protection Council to be known as the Central Council. (2) The Central Council shall be an advisory council and consist of the following members, namely:— (a) the Minister -in-charge of the Department of Consumer Affairs in the Central Government, who shall be the Chairperson; and (b) such number of other official or non -official members representing such interests as may be prescribed.",India,To be verified,,https://www.indiacode.nic.in/,2026-09-12,Candidate—verify
CPA-004,Consumer,"Consumer Protection Act, 2019",Act No. 35 of 2019,4,Procedure for meetings of Central Council.,"Procedure for meetings of Central Council. —(1) The Central Council shall meet as and when necessary, but at least one meeting of the Council shall be held every year. (2) The Central Council shall meet at such time and place as the Chairperson may think fit and shall observe such procedure in regard to the transaction of its business as may be prescribed.",India,To be verified,,https://www.indiacode.nic.in/,2026-09-12,Candidate—verify
CPA-005,Consumer,"Consumer Protection Act, 2019",Act No. 35 of 2019,5,Objects of Central Council.,Objects of Central Council. —The objects of the Central Council shall be to render advice on promotion and protection of the consumers’ rights under this Act.,India,To be verified,,https://www.indiacode.nic.in/,2026-09-12,Candidate—verify
CPA-006,Consumer,"Consumer Protection Act, 2019",Act No. 35 of 2019,6,State Consumer Protection Councils .,"State Consumer Protection Councils .—(1) Every State Government shall, by notification, establish with effect from such date as it may specify in such notification, a State Consumer Protection Council for such State to be known as the State Council. (2) The State Council shall be an advisory council and consist of the following members, namely:— (a) the Minister -in-charge of Consumer Affairs in the State Government who shall be the Chairperson; (b) such number of other official or non -official members representing such interests as may be prescribed; (c) such number of other official or non -official members, not exceeding ten, as may be nominated by the Central Government. (3) The State Council shall meet as and when necessary but not less than two meetings shall be held every year. (4) The State Council shall meet at such time and place as the Chairperson may think fit and shall observe such procedure in regard to the transaction of its business, as may be prescribed.",India,To be verified,,https://www.indiacode.nic.in/,2026-09-12,Candidate—verify
CPA-007,Consumer,"Consumer Protection Act, 2019",Act No. 35 of 2019,7,Objects of State Council .,Objects of State Council .—The objects of every State Council shall be to render advice on promotion and protection of consumer rights under this Act within the State.,India,To be verified,,https://www.indiacode.nic.in/,2026-09-12,Candidate—verify
CPA-008,Consumer,"Consumer Protection Act, 2019",Act No. 35 of 2019,8,District Consumer Protection Council .,"District Consumer Protection Council .—(1) The State Government shall, by notification, establish for every District with effect from such date as it may specify in such notification, a District Consumer Protection Council to be known as the District Council. 15 (2) The District Council shall be an advisory council and consist of the following members, namely:— (a) the Collector of the district (by whatever name called), who shall be the Chairperson; and (b) such number of other official and non -official members representing such interests as may be prescribed. (3) The District Council shall meet as and when necessary but not less than two meetings shall be held every year. (4) The District Council shall meet at such time and place within the district as the Chairperson may think fit and shall observe such procedure in regard to the transaction of its business as may be prescribed.",India,To be verified,,https://www.indiacode.nic.in/,2026-09-12,Candidate—verify
CPA-009,Consumer,"Consumer Protection Act, 2019",Act No. 35 of 2019,9,Objects of District Council .,Objects of District Council .—The objects of every District Council shall be to render advice on promotion and protection of consumer rights under this Act within the district.,India,To be verified,,https://www.indiacode.nic.in/,2026-09-12,Candidate—verify
CPA-010,Consumer,"Consumer Protection Act, 2019",Act No. 35 of 2019,10,Establishment of Central Consumer Protection Authority .,"Establishment of Central Consumer Protection Authority .—(1) The Central Government shall, by notification, establish with effect from such date as it may specify in that notification, a Central Consumer Protection Authority to be known as the Central Authority to regulate matters relating to violation of rights of consumers, unfair trade practices and false or misleading advertisements which are prejudicial to the interests of public and consumers and to promote, protect and enforce the rights of consumers as a class. (2) The Central Authority shall consist of a Chief Commissioner and such number of other Commissioners as may be prescribed, to be appointed by the Central Government to exercise the powers and discharge the functions under this Act. (3) The headquarters of the Central Authority shall be at such place in the National Capital Region of Delhi, and it shall have regional and other offices in any other place in India as the Central Government may decide.",India,To be verified,,https://www.indiacode.nic.in/,2026-09-12,Candidate—verify
CPA-011,Consumer,"Consumer Protection Act, 2019",Act No. 35 of 2019,11,"Qualifications, method of recruitment, etc., of Chief Commissioner and Commissioners .","Qualifications, method of recruitment, etc., of Chief Commissioner and Commissioners .— The Central Government may, by notification, make rules to provide for the qualifications for appointment, method of recruitment, procedure for appointment, term of office, salaries and allowances, resignation, removal and other terms and conditions of the service of the Chief Commissioner and Commissioners of the Central Authority.",India,To be verified,,https://www.indiacode.nic.in/,2026-09-12,Candidate—verify
CPA-012,Consumer,"Consumer Protection Act, 2019",Act No. 35 of 2019,12,"Vacancy, etc., not to invalidate proceedings of Central Authority .","Vacancy, etc., not to invalidate proceedings of Central Authority .—No act or proceeding of the Central Authority shall be invalid merely by reason of— (a) any vacancy in, or any defect in the constitution of, the Central Authority; or (b) any defect in the appointment of a person acting as the Chief Commissioner or as a Commissioner; or (c) any irregularity in the procedure of the Central Authority not affecting the merits of the case.",India,To be verified,,https://www.indiacode.nic.in/,2026-09-12,Candidate—verify
CPA-013,Consumer,"Consumer Protection Act, 2019",Act No. 35 of 2019,13,"Appointment of officers, experts, professionals and other employees of Central Authority.","Appointment of officers, experts, professionals and other employees of Central Authority.—(1) The Central Government shall provide the Central Authority such number of officers and other employees as it considers necessary for the efficient performance of its functions under this Act. (2) The salaries and allowances payable to, and the other terms and conditions of service of, the officers and other employees of the Central Authority appointed under this Act shall be such as may be prescribed. (3) The Central Authority may engage, in accordance with the procedure specified by regulations, such number of experts and professionals of integrity and ability, who have special knowledge and experience in the areas of consumer rights and welfare, consumer policy, law, medicine, food safety, 16 health, engineering, product safety, commerce, economics, public affairs or administration, as it deems necessary to assist it in the discharge of its functions under this Act.",India,To be verified,,https://www.indiacode.nic.in/,2026-09-12,Candidate—verify
CPA-014,Consumer,"Consumer Protection Act, 2019",Act No. 35 of 2019,14,Procedure of Central Authority .,"Procedure of Central Authority .—(1) The Central Authority shall regulate the procedure for transaction of its business and allocation of its business amongst the Chief Commissioner and Commissioners as may be specified by regulations. (2) The Chief Commissioner shall have the powers of general superintendence, direction and control in respect of all administrative matters of the Central Authority: Provided that the Chief Commissioner may delegate such of his powers relating to administrative matters of the Central Authority, as he may think fit, to any Commissioner (including Commissioner of a regional office) or any other officer of the Central Authority.",India,To be verified,,https://www.indiacode.nic.in/,2026-09-12,Candidate—verify
CPA-015,Consumer,"Consumer Protection Act, 2019",Act No. 35 of 2019,15,Investigation Wing.,"Investigation Wing.—(1) The Central Authority shall have an Investigation Wing headed by a Director-General for the purpose of conducting inquiry or investigation under this Act as may be directed by the Central Authority. (2) The Central Government may appoint a Director -General and such number of Additional Director-General, Director, Joint Director, Deputy Director and Assistant Director, from amongst persons who have experience in investigation and possess such qualifications, in such manner, as may be prescribed. (3) Every Additional Director -General, Director, Joint Director, Deputy Director and Assistant Director shall exercise his powers, and discharge his functions, subject to the general control, supervision and direction of the Director-General. (4) The Director-General may delegate all or any of his powers to the Additional Director -General or Director, Joint Director or Deputy Director or Assistant Director, as the case may be, while conducting inquiries or investigations under this Act. (5) The inquiries or the investigations made by the Director -General shall be submitted to the Central Authority in such form, in such manner and within such time, as may be specified by regulations.",India,To be verified,,https://www.indiacode.nic.in/,2026-09-12,Candidate—verify
CPA-016,Consumer,"Consumer Protection Act, 2019",Act No. 35 of 2019,16,Power of District Collector .,"Power of District Collector .—The District Collector (by whatever name called) may, on a complaint or on a reference made to him by the Central Authority or the Commissioner of a regional office, inquire into or investigate complaints regarding violation of rights of consumers as a class, on matters relating to violations of consumer rights, unfair trade practices and false or misleading advertisements, within his jurisdiction and submit his report to the Central Authority or to the Commissioner of a regional office, as the case may be.",India,To be verified,,https://www.indiacode.nic.in/,2026-09-12,Candidate—verify
CPA-017,Consumer,"Consumer Protection Act, 2019",Act No. 35 of 2019,17,Complaints to authorities.,"Complaints to authorities.—A complaint relating to violation of consumer rights or unfair trade practices or false or misleading advertisements which are prejudicial to the interests of consumers as a class, may be forwarded either in writing or in electronic mode, to any one of the authorities, namely, the District Collector or the Commissioner of regional office or the Central Authority.",India,To be verified,,https://www.indiacode.nic.in/,2026-09-12,Candidate—verify
CPA-018,Consumer,"Consumer Protection Act, 2019",Act No. 35 of 2019,18,Powers and functions of Central Authority.,"Powers and functions of Central Authority.—(1) The Central Authority shall— (a) protect, promote and enforce the rights of consumers as a class, and prevent violation of consumers rights under this Act; (b) prevent unfair trade practices and ensure that no person engages himself in unfair trade practices; (c) ensure that no false or misleading advertisement is made of any goods or services which contravenes the provisions of this Act or the rules or regulations made thereunder; (d) ensure that no person takes part in the publication of any advertisement which is false or misleading. (2) Without prejudice to the generality of the provisions contained in sub -section (1), the Central Authority may, for any of the purposes aforesaid,— 17 (a) inquire or cause an inquiry or investigation to be made into violations of consumer rights or unfair trade practices, either suo motu or on a complaint received or on the directions from the Central Government; (b) file complaints before the District Commission, the State Commission or the National Commission, as the case may be, under this Act; (c) intervene in any proceedings before the District Commission or the State Commission or the National Commission, as the case may be, in respect of any allegation of violation of consumer rights or unfair trade practices; (d) review the matters relating to, and the factors inhibiting enjoyment of, consumer rights, including safeguards provided for the protection of consumers under any other law for the time being in force and recommend appropriate remedial measures for their effective implementation; (e) recommend adoption of international covenants and best international practices on consumer rights to ensure effective enforcement of consumer rights; (f) undertake and promote research in the field of consumer rights; (g) spread and promote awareness on consumer rights; (h) encourage non -Governmental organisations and other institutions working in the field of consumer rights to co-operate and work with consumer protection agencies; (i) mandate the use of unique and universal goods identifiers in such goods, as may be necessary, to prevent unfair trade practices and to protect consumers' interest; (j) issue safety notices to alert consumers against dangerous or hazardous or unsafe goods or services; (k) advise the Ministries and Departments of the Central and State Governments on consumer welfare measures; (l) issue necessary guidelines to prevent unfair trade practices and protect consumers' interest.",India,To be verified,,https://www.indiacode.nic.in/,2026-09-12,Candidate—verify
CPA-019,Consumer,"Consumer Protection Act, 2019",Act No. 35 of 2019,19,Power of Central Authority to refer matter for investigation or to other Regulator.,"Power of Central Authority to refer matter for investigation or to other Regulator.—(1) The Central Authority may, after receiving any information or complaint or directions from the Central Government or of its own motion, conduct or cause to be conducted a preliminary inquiry as to whether there exists a prima facie case of violation of consumer rights or any unfair trade practice or any false or misleading advertisement, by any person, which is prejudicial to the public interest or to the interests o f consumers and if it is satisfied that there exists a prima facie case, it shall cause investigation to be made by the Director-General or by the District Collector. (2) Where, after preliminary inquiry, the Central Authority is of the opinion that the matter is to be dealt with by a Regulator established under any other law for the time being in force, it may refer such matter to the concerned Regulator along with its report. (3) For the purposes of investigation under sub -section ( 1), the Central Authority, the Director General or the District Collector may call upon a person referred to in sub -section (1) and also direct him to produce any document or record in his possession.",India,To be verified,,https://www.indiacode.nic.in/,2026-09-12,Candidate—verify
CPA-020,Consumer,"Consumer Protection Act, 2019",Act No. 35 of 2019,20,"Power of Central Authority to recall goods, etc .","Power of Central Authority to recall goods, etc .—Where the Central Authority is satisfied on the basis of investigation that there is sufficient evidence to show violation of consumer rights or unfair trade practice by a person, it may pass such order as may be necessary, including— (a) recalling of goods or withdrawal of services which are dangerous, hazardous or unsafe; (b) reimbursement of the prices of goods or services so recalled to purchasers of such goods or services; and (c) discontinuation of practices which are unfair and prejudicial to consumers’ interest: Provided that the Central Authority shall give the person an opportunity of being heard before passing an order under this section. 18",India,To be verified,,https://www.indiacode.nic.in/,2026-09-12,Candidate—verify
CPA-021,Consumer,"Consumer Protection Act, 2019",Act No. 35 of 2019,21,Power of Central Authority to issue directions and penalties against false or misleading advertisements.,"Power of Central Authority to issue directions and penalties against false or misleading advertisements.—(1) Where the Central Authority is satisfied after investigation that any advertisement is false or misleading and is prejudicial to the interest of any consumer or is in contravention of consumer rights, it may, by order, issue directions to the concerned trader or manufacturer or endorser or advertiser or publisher, as the case may be, to discontinue such advertisement or to modify the same in such ma nner and within such time as may be specified in that order. (2) Notwithstanding the order passed under sub -section (1), if the Central Authority is of the opinion that it is necessary to impose a penalty in respect of such false or misleading advertisement, by a manufacturer or an endorser, it may, by order, impose on manufacturer or endorser a penalty which may extend to ten lakh rupees: Provided that the Central Authority may, for every subsequent contravention by a manufacturer or endorser, impose a penalty, which may extend to fifty lakh rupees. (3) Notwithstanding any order under sub -sections (1) and ( 2), where the Central Authority deems it necessary, it may, by order, prohibit the endorser of a false or misleading advertisement from making endorsement of any product or service for a period which may extend to one year: Provided that the Central Authority may, for every subsequent contravention, prohibit such endorser from making endorsement in respect of any product or service for a period which may extend to three years. (4) Where the Central Authority is satisfied after investigation that any person is found to publish, or is a party to the publication of, a misleading advertisement, it may impose on such person a penalty which may extend to ten lakh rupees. (5) No endorser shall be liable to a penalty under sub -sections (2) and ( 3) if he has exercised due diligence to verify the veracity of the claims made in the advertisement regarding the product or service being endorsed by him. (6) No person shall be liable to such penalty if he proves that he had published or arranged for the publication of such advertisement in the ordinary course of his business: Provided that no such defence shall be available to such person if he had previous knowledge of the order passed by the Central Authority for withdrawal or modification of such advertisement. (7) While determining the penalty under this section, regard shall be had to the following, namely:— (a) the population and the area impacted or affected by such offence; (b) the frequency and duration of such offence; (c) the vulnerability of the class of persons likely to be adversely affected by such offence; and (d) the gross revenue from the sales effected by virtue of such offence. (8) The Central Authority shall give the person an opportunity of being heard before an orde r under this section is passed.",India,To be verified,,https://www.indiacode.nic.in/,2026-09-12,Candidate—verify
CPA-022,Consumer,"Consumer Protection Act, 2019",Act No. 35 of 2019,22,Search and seizure .,"Search and seizure .—(1) For the purpose of conducting an investigation after preliminary inquiry under sub-section (1) of section 19, the Director-General or any other officer authorised by him in this behalf, or the District Collector, as the case may be, may, if he has any reason to believe that any person has violated any consumer rights or committed unfair trade practice or causes any false or misleading advertisement to be made, shall,— (a) enter at any reasonable time into any such premises and search for any document or record or article or any other form of evidence and seize such document, record, article or such evidence; (b) make a note or an inventory of such record or article; or (c) require any person to produce any record, register or other document or article. (2) The provisions of the Code of Criminal Procedure, 1973 (2 of 1974), relating to search and seizure shall apply, as far as may be, for search and seizure under this Act. 19 (3) Every document, record or article seized under clause ( a) of sub -section (1) or produced under clause ( c) of that sub -section shall be returned to the person, from whom they were seized or who produced the same, within a period of twenty days of the date of such seizure or production, as the case may be, after copies thereof or extracts therefrom certified by that person, in such manner as may be prescribed, have been taken. (4) Where any article seized under sub -section ( 1) are subject to speedy or natural decay, the Director-General or such other officer may dispose of the article in such manner as may be prescribed. (5) In the case of articles other than the articles referred to in sub -section (4), provisions contained in clause (c) of sub-section (2) of section 38 shall mutatis mutandis apply in relation to analysis or tests.",India,To be verified,,https://www.indiacode.nic.in/,2026-09-12,Candidate—verify
CPA-023,Consumer,"Consumer Protection Act, 2019",Act No. 35 of 2019,23,Designation of any statutory authority or body to function as Central Authority .,"Designation of any statutory authority or body to function as Central Authority .—The Central Government may, if it considers necessary, by notification, designate any statutory authority or body to exercise the powers and perform the functions of the Central Authority referred to in section 10.",India,To be verified,,https://www.indiacode.nic.in/,2026-09-12,Candidate—verify
CPA-024,Consumer,"Consumer Protection Act, 2019",Act No. 35 of 2019,24,Appeal.,Appeal.—A person aggrieved by any order passed by the Central Authority under sections 20 and 21 may file an appeal to the National Commission within a period of thirty days from the date of receipt of such order.,India,To be verified,,https://www.indiacode.nic.in/,2026-09-12,Candidate—verify
CPA-025,Consumer,"Consumer Protection Act, 2019",Act No. 35 of 2019,25,Grants by Central Government .,"Grants by Central Government .—The Central Government may, after due appropriation made by Parliament by law in this behalf, make to the Central Authority grants of such sums of money as that Government may think fit for being utilised for the purposes of this Act.",India,To be verified,,https://www.indiacode.nic.in/,2026-09-12,Candidate—verify
CPA-026,Consumer,"Consumer Protection Act, 2019",Act No. 35 of 2019,26,Accounts and audit .,"Accounts and audit .—(1) The Central Authority shall maintain proper accounts and other relevant records and prepare an annual statement of accounts in such form and manner as may be prescribed in consultation with the Comptroller and Auditor-General of India. (2) The accounts of the Central Authority shall be audited by the Comptroller and Auditor -General of India at such intervals as may be specified by him and any expenditure incurred in connection with such audit shall be payable by the Central Authority to the Comptroller and Auditor-General of India. (3) The Comptroller and Auditor -General of India or any other person appointed by him in connection with the audit of the accounts of the Central Authority shall have the same rights, privileges and authority in connection with such audit as the Comptroller and Auditor -General of India generally has, in connection with the audit of the Government accounts and, in particular, shall have the right to demand the production of books, accounts, connected vouchers and other documents and papers and to inspect any of the offices of the Central Authority. (4) The accounts of the Central Authority as certified by the Comptroller and Auditor -General of India or any other person appointed by him in this behalf together with the audit report thereon shall be forwarded annually to the Central Government which shall cause the same to be laid b efore each House of Parliament.",India,To be verified,,https://www.indiacode.nic.in/,2026-09-12,Candidate—verify
CPA-027,Consumer,"Consumer Protection Act, 2019",Act No. 35 of 2019,27,"Furnishing of annual reports, etc.","Furnishing of annual reports, etc.—(1) The Central Authority shall prepare once in every year, in such form, manner and at such time as may be prescribed, an annual report giving full account of its activities during the previous year and such other reports and returns, as may be directed, and copies of such report and returns shall be forwarded to the Central Government. (2) A copy of the annual report received under sub-section (1) shall be laid, as soon as may be after it is received, before each House of Parliament.",India,To be verified,,https://www.indiacode.nic.in/,2026-09-12,Candidate—verify
CPA-028,Consumer,"Consumer Protection Act, 2019",Act No. 35 of 2019,28,Establishment of District Consumer Disputes Redressal Commission .,"Establishment of District Consumer Disputes Redressal Commission .—(1) The State Government shall, by notification, establish a District Consumer Disputes Redressal Commission, to be known as the District Commission, in each district of the State: Provided that the State Government may, if it deems fit, establish more than one District Commission in a district. 20 (2) Each District Commission shall consist of— (a) a President; and (b) not less than two and not more than such number of members as may be prescribed, in consultation with the Central Government.",India,To be verified,,https://www.indiacode.nic.in/,2026-09-12,Candidate—verify
CPA-029,Consumer,"Consumer Protection Act, 2019",Act No. 35 of 2019,29,"Qualifications, etc., of President and members of District Commission .","Qualifications, etc., of President and members of District Commission .—The Central Government may, by notification, make rules to provide for the qualifications, method of recruitment, procedure for appointment, term of office, resignation and removal of the President and members of the District Commission.",India,To be verified,,https://www.indiacode.nic.in/,2026-09-12,Candidate—verify
CPA-030,Consumer,"Consumer Protection Act, 2019",Act No. 35 of 2019,30,"Salaries, allowances and other terms and conditions of service of President and members of District Commission.","Salaries, allowances and other terms and conditions of service of President and members of District Commission.—The State Government may, by notification, make rules to provide for salaries and allowances and other terms and conditions of service of the President, and memb ers of the District Commission.",India,To be verified,,https://www.indiacode.nic.in/,2026-09-12,Candidate—verify
CPA-031,Consumer,"Consumer Protection Act, 2019",Act No. 35 of 2019,31,Transitional provision.,"Transitional provision.—Any person appointed as President or, as the case may be, a member of the District Commission immediately before the commencement of this Act shall hold office as such as President or, as the case may be, as member till the completion of his term f or which he has been appointed.",India,To be verified,,https://www.indiacode.nic.in/,2026-09-12,Candidate—verify
CPA-032,Consumer,"Consumer Protection Act, 2019",Act No. 35 of 2019,32,Vacancy in office of member of District Commission.,"Vacancy in office of member of District Commission.—If, at any time, there is a vacancy in the office of the President or member of a District Commission, the State Governmen t may, by notification, direct— (a) any other District Commission specified in that notification to exercise the jurisdiction in respect of that district also; or (b) the President or a member of any other District Commission specified in that notification to exercise the powers and discharge the functions of the President or member of that District Commission also.",India,To be verified,,https://www.indiacode.nic.in/,2026-09-12,Candidate—verify
CPA-033,Consumer,"Consumer Protection Act, 2019",Act No. 35 of 2019,33,Officers and other employees of District Commission .,"Officers and other employees of District Commission .—(1) The State Government shall provide the District Commission with such officers and other employees as may be required to assist the District Commission in the discharge of its functions. (2) The officers and other employees of the District Commission shall discharge their functions under the general superintendence of the President of the District Commission. (3) The salaries and allowances payable to, and the other terms and conditions of service of, the officers and other employees of the District Commission shall be such as may be prescribed.",India,To be verified,,https://www.indiacode.nic.in/,2026-09-12,Candidate—verify
CPA-034,Consumer,"Consumer Protection Act, 2019",Act No. 35 of 2019,34,Jurisdiction of District Commission .,"Jurisdiction of District Commission .—(1) Subject to the other provisions of this Act, the District Commission shall have jurisdiction to entertain complaints where the value of the goods or services paid as consideration does not exceed one crore rupees: Provided that where the Central Government deems it necessary so to do, it may prescribe such other value, as it deems fit. (2) A complaint shall be instituted in a District Commission within the local limits of whose jurisdiction,— (a) the opposite party or each of the opposite parties, where there are more than one, at the time of the institution of the complaint, ordinarily resides or carries on business or has a branch office or personally works for gain; or (b) any of the opposite parties, where there are more than one, at the time of the institution of the complaint, actually and voluntarily resides, or carries on business or has a branch office, or personally works for gain, provided that in such case the permission of the District Commission is given; or (c) the cause of action, wholly or in part, arises; or 21 (d) the complainant resides or personally works for gain. (3) The District Commission shall ordinarily function in the district headquarters and may perform its functions at such other place in the district, as the State Government may, in consultation with the State Commission, notify in the Official Gazette from time to time.",India,To be verified,,https://www.indiacode.nic.in/,2026-09-12,Candidate—verify
CPA-035,Consumer,"Consumer Protection Act, 2019",Act No. 35 of 2019,35,Manner in which complaint shall be made .,"Manner in which complaint shall be made .—(1) A complaint, in relation to any goods sold or delivered or agreed to be sold or delivered or any service provided or agreed to be provided, may be filed with a District Commission by— (a) the consumer,— (i) to whom such goods are sold or delivered or agreed to be sold or delivered or such service is provided or agreed to be provided; or (ii) who alleges unfair trade practice in respect of such goods or service; (b) any recognised consumer association, whether the consumer to whom such goods are sold or delivered or agreed to be sold or delivered or such service is provided or agreed to be provided, or who alleges unfair trade practice in respect of such goods or service, is a member of such association or not; (c) one or more consumers, where there are numerous consumers having the same interest, with the permission of the District Commission, on behalf of, or for the benefit of, all consumers so interested; or (d) the Central Government, the Central Authority or the State Government, as the case may be: Provided that the complaint under this sub -section may be filed electronically in such manner as may be prescribed. Explanation.—For the purposes of this sub -section, “recognised consumer association ” means any voluntary consumer association registered under any law for the time being in force. (2) Every complaint filed under sub -section (1) shall be accompanied with such fee and payable in such manner, including electronic form, as may be prescribed.",India,To be verified,,https://www.indiacode.nic.in/,2026-09-12,Candidate—verify
CPA-036,Consumer,"Consumer Protection Act, 2019",Act No. 35 of 2019,36,Proceedings before District Commission .,"Proceedings before District Commission .—(1) Every proceeding before the District Commission shall be conducted by the President of that Commission and atleast one member thereof, sitting together: Provided that where a member, for any reason, is unable to conduct a proceeding till it is completed, the President and the other member shall continue the proceeding from the stage at which it was last heard by the previous member. (2) On receipt of a complaint made under section 35, the District Commission may, by order, admit the complaint for being proceeded with or reject the same: Provided that a complaint shall not be rejected under this section unless an opportunity of being heard has been given to the complainant: Provided further that the admissibility of the complaint shall ordinarily be decided within twenty -one days from the date on which the complaint was filed. (3) Where the District Commission does not decide the issue of admissibility of the complaint within the period so specified, it shall be deemed to have been admitted.",India,To be verified,,https://www.indiacode.nic.in/,2026-09-12,Candidate—verify
CPA-037,Consumer,"Consumer Protection Act, 2019",Act No. 35 of 2019,37,Reference to mediation.,"Reference to mediation.—(1) At the first hearing of the complaint after its admission, or at any later stage, if it appears to the District Commission that there exists elements of a settlement which may be acceptable to the parties, except in such cases as may be prescribed, it may direct the parties to give in writing, within five days, consent to have their dispute settled by mediation in accordance with the provisions of Chapter V. 22 (2) Where the parties agree for settlement by mediation and give their consent in writing, the District Commission shall, within five days of receipt of such consent, refer the matter for mediation, and in such case, the provisions of Chapter V, relating to mediation, shall apply.",India,To be verified,,https://www.indiacode.nic.in/,2026-09-12,Candidate—verify
CPA-038,Consumer,"Consumer Protection Act, 2019",Act No. 35 of 2019,38,Procedure on admission of complaint .,"Procedure on admission of complaint .—(1) The District Commission shall, on admission of a complaint, or in respect of cases referred for mediation on failure of settlement by mediation, proceed with such complaint. (2) Where the complaint relates to any goods, the District Commission shall,— (a) refer a copy of the admitted complaint, within twenty -one days from the date of its admission to the opposite party mentioned in the complaint directing him to give his version of the case within a period of thirty days or such extended period not exceeding fifteen days as may be granted by it; (b) if the opposite party on receipt of a complaint referred to him under clause ( a) denies or disputes the allegations contained in the complaint, or omits or fails to take any action to represent his case within the time given by the District Commission, proceed to settle the consumer dispute in the manner specified in clauses (c) to (g); (c) if the complaint alleges a defect in the goods which cannot be determined without proper analysis or test of the goods, obtain a sample of the goods from the complainant, seal it and authenticate it in the manner as may be prescribed and refer the sample so sealed to the appropriate laboratory along with a direction that such laboratory to make an analysis or test, whichever may be necessary, with a view to finding out whether such goods suffer from any defect alleged in the complaint or from any other defect and to report its findings thereon to the District Commission within a period of forty -five days of the receipt of the reference or within such extended period as may be granted by it; (d) before any sample of the goods is referred to any appropriate laboratory under clause ( c), require the complainant to deposit to the credit of the Commission such fees as may be specified, for payment to the appropriate laboratory for carrying out the necessary analysis or test in relation to the goods in question; (e) remit the amount deposited to its credit under clause (d) to the appropriate laboratory to enable it to carry out the analysis or test mentioned in clause ( c) and on receipt of the report from the appropriate laboratory, it shall forward a copy of the report along with such remarks as it may feel appropriate to the opposite party; (f) if any of the parties disputes the correctness of the findings of the appropriate laboratory, or disputes the correctness of the methods of analysis or test adopted by the appropriate laboratory, require the opposite party or the complainant to submit in writing his objections with regard to the report made by the appropriate laboratory; (g) give a reasonable opportunity to the complainant as well as the opposite party of being heard as to the correctness or otherwise of the report made by the appropriate laboratory and also as to the objection made in relation thereto under clause (f) and issue an appropriate order under section 39. (3) The District Commission shall, if the complaint admitted by it under sub -section (2) of section 36 relates to goods in respect of which the procedure specified in sub -section (2) cannot be followed, or if the complaint relates to any services,— (a) refer a copy of such complaint to the opposite party directing him to give his version of the case within a period of thirty days or such extended period not exceeding fifteen days as may be granted by the District Commission; (b) if the opposite party, on receipt of a copy of the complaint, referred to him under clause ( a) denies or disputes the allegations contained in the complaint, or omits or fails to take any action to represent his case within the time given by the District Commission, it shall proceed to settle the consumer dispute— (i) on the basis of evidence brought to its notice by the complainant and the opposite party, if the opposite party denies or disputes the allegations contained in the complaint, or 23 (ii) ex parte on the basis of evidence brought to its notice by the complainant, where the opposite party omits or fails to take any action to represent his case within the time given by the Commission; (c) decide the complaint on merits if the complainant fails to appear on the date of hearing. (4) For the purposes of sub -sections (2) and ( 3), the District Commission may, by order, require an electronic service provider to provide such information, documents or records, as may be specified in that order. (5) No proceedings complying with the procedure laid down in [sub-sections ( 2) and ( 3)] shall be called in question in any court on the ground that the principles of natural justice have not been complied with. (6) Every complaint shall be heard by the District Commission on the basis of affidavit and documentary evidence placed on record: Provided that where an application is made for hearing or for examination of parties in person or through video conferencing, the District Commission may, on sufficient cause being shown, and after recording its reasons in writing, allow the same. (7) Every complaint shall be disposed of as expeditiously as possible and endeavour shall be made to decide the complaint within a period of three months from the date of receipt of notice by opposite party where the complaint does not require analysis or testing of commodities and within five months if it requires analysis or testing of commodities: Provided that no adjournment shall ordinarily be granted by the District Commission unless sufficient cause is shown and the reasons for grant of adjournment have been recorded in writing by the Commission: Provided further that the District Commission shall make such orders as to the costs occasioned by the adjournment as may be specified by regulations: Provided also that in the event of a complaint being disposed of after the period so specified, the District Commission shall record in writing, the reasons for the same at the time of disposing of the said complaint. (8) Where during the pendency of any proceeding before the District Commission, if it appears necessary, it may pass such interim order as is just and proper in the facts and circumstances of the case. (9) For the purposes of this section, the District Commission shall have the same powers as are vested in a civil court under the Code of Civil Procedure, 1908 (5 of 1908) while trying a suit in respect of the following matters, namely:— (a) the summoning and enforcing the attendance of any defendant or witness and examining the witness on oath; (b) requiring the discovery and production of any document or other material object as evidence; (c) receiving of evidence on affidavits; (d) the requisitioning of the report of the concerned analysis or test from the appropriate laboratory or from any other relevant source; (e) issuing of commissions for the examination of any witness, or document; and (f) any other matter which may be prescribed by the Central Government. (10) Every proceeding before the District Commission shall be deemed to be a judicial proceeding within the meaning of section 193 and 228 of the Indian Penal Code (45 of 1860), and the District Commission shall be deemed to be a criminal court for the purposes of section 195 and Chapter XXVI of the Code of Criminal Procedure, 1973 (2 of 1974). (11) Where the complainant is a consumer referred to in sub -clause (v) of clause (5) of section 2, the provisions of Order I Rule 8 of the First Schedule to the Code of Civil Procedure, 1908 (5 of 1908) shall 24 apply subject to the modification that every reference therein to a suit or decree shall be construed as a reference to a complaint or the order of the District Commission thereon. (12) In the event of death of a complainant who is a consumer or of the opposite party against whom the complaint has been filed, the provisions of Order XXII of the First Schedule to the Code of Civil Procedure, 1908 (5 of 1908) shall apply subject to the modification that every reference therein to the plaintiff and the defendant shall be construed as reference to a complainant or the oppo site party, as the case may be.",India,To be verified,,https://www.indiacode.nic.in/,2026-09-12,Candidate—verify
CPA-039,Consumer,"Consumer Protection Act, 2019",Act No. 35 of 2019,39,Findings of District Commission .,"Findings of District Commission .—(1) Where the District Commission is satisfied that the goods complained against suffer from any of the defects specified in the complaint or that any of the allegations contained in the complaint about the services or any unfair trade practices, or claims for compensation under product liability are proved, it shall issue an order to the opposite party directing him to do one or more of the following, namely:— (a) to remove the defect pointed out by the appropriate laboratory from the goods in question; (b) to replace the goods with new goods of similar description which shall be free from any defect; (c) to return to the complainant the price, or, as the case may be, the charges paid by the complainant along with such interest on such price or charges as may be decided; (d) to pay such amount as may be awarded by it as compensation to the consumer for any loss or injury suffered by the consumer due to the negligence of the opposite party: Provided that the District Commission shall have the power to grant punitive damages in such circumstances as it deems fit; (e) to pay such amount as may be awarded by it as compensation in a product liability action under Chapter VI; (f) to remove the defects in goods or deficiencies in the services in question; (g) to discontinue the unfair trade practice or restrictive trade practice and not to repeat them; (h) not to offer the hazardous or unsafe goods for sale; (i) to withdraw the hazardous goods from being offered for sale; (j) to cease manufacture of hazardous goods and to desist from offering services which are hazardous in nature; (k) to pay such sum as may be determined by it, if it is of the opinion that loss or injury has been suffered by a large number of consumers who are not identifiable conveniently: Provided that the minimum amount of sum so payable shall not be less than twenty -five per cent. of the value of such defective goods sold or service provided, as the case may be, to such consumers; (l) to issue corrective advertisement to neutralise the effect of misleading advertisement at the cost of the opposite party responsible for issuing such misleading advertisement; (m) to provide for adequate costs to parties; and (n) to cease and desist from issuing any misleading advertisement. (2) Any amount obtained under sub -section (1) shall be credited to such fund and utilised in such manner as may be prescribed. (3) In any proceeding conducted by the President and a member and if they differ on any point or points, they shall state the point or points on which they differ and refer the same to another member for hearing on such point or points and the opinion of the majority shall be the order of the District Commission: Provided that the other member shall give his opinion on such point or points referred to him within a period of one month from the date of such reference. 25 (4) Every order made by the District Commission under sub -section ( 1) shall be signed by the President and the member who conducted the proceeding: Provided that where the order is made as per majority opinion under sub -section (3), such order shall also be signed by the other member.",India,To be verified,,https://www.indiacode.nic.in/,2026-09-12,Candidate—verify
CPA-040,Consumer,"Consumer Protection Act, 2019",Act No. 35 of 2019,40,Review by District Commission in certain cases .,"Review by District Commission in certain cases .—The District Commission shall have the power to review any of the order passed by it if there is an error apparent on the face of the record, either of its own motion or on an application made by any of the parties within thirty days of such order.",India,To be verified,,https://www.indiacode.nic.in/,2026-09-12,Candidate—verify
CPA-041,Consumer,"Consumer Protection Act, 2019",Act No. 35 of 2019,41,Appeal against order of District Commission.,"Appeal against order of District Commission.—Any person aggrieved by an order made by the District Commission may prefer an appeal against such order to the State Commission on the grounds of facts or law within a period of forty-five days from the date of the order, in such form and manner, as may be prescribed: Provided that the State Commission may entertain an appeal after the expiry of the said period of forty-five days, if it is satisfied that there was sufficient cause for not filing it within that period: Provided further that no appeal by a person, who is required to pay any amount in terms of an order of the District Commission, shall be entertained by the State Commission unless the appellant has deposited fifty per cent. of that amount in the manner as may be prescribed: Provided also that no appeal shall lie from any order passed under sub-section (1) of section 81 by the District Commission pursuant to a settlement by mediation under section 80.",India,To be verified,,https://www.indiacode.nic.in/,2026-09-12,Candidate—verify
CPA-042,Consumer,"Consumer Protection Act, 2019",Act No. 35 of 2019,42,Establishment of State Consumer Disputes Redressal Commission .,"Establishment of State Consumer Disputes Redressal Commission .—(1) The State Government shall, by notification, establish a State Consumer Disputes Redressal Commission, to be known as the State Commission, in the State. (2) The State Commission shall ordinarily function at the State capital and perform its functions at such other places as the State Government may in consultation with the State Commission notify in the Official Gazette: Provided that the State Government may, by notification, establish regional benches of the State Commission, at such places, as it deems fit. (3) Each State Commission shall consist of— (a) a President; and (b) not less than four or not more than such number of members as may be prescribed in consultation with the Central Government.",India,To be verified,,https://www.indiacode.nic.in/,2026-09-12,Candidate—verify
CPA-043,Consumer,"Consumer Protection Act, 2019",Act No. 35 of 2019,43,"Qualifications, etc., of President and members of State Commission .","Qualifications, etc., of President and members of State Commission .—The Central Government may, by notification, make rules to provide for the qualification for appointment, method of recruitment, procedure of appointment, term of office, resignation and removal of the President and members of the State Commission.",India,To be verified,,https://www.indiacode.nic.in/,2026-09-12,Candidate—verify
CPA-044,Consumer,"Consumer Protection Act, 2019",Act No. 35 of 2019,44,"Salaries, allowances and other terms and conditions of service of President and members of State Commission.","Salaries, allowances and other terms and conditions of service of President and members of State Commission.—The State Government may, by notification, make rules to provide for salaries and allowances and other terms and conditions of service of the President and m embers of the State Commission.",India,To be verified,,https://www.indiacode.nic.in/,2026-09-12,Candidate—verify
CPA-045,Consumer,"Consumer Protection Act, 2019",Act No. 35 of 2019,45,Transitional provision.,"Transitional provision.—Any person appointed as President or, as the case may be, a member of the State Commission immediately before the commencement of this Act shall hold office as such, as President or member, as the case may be, till the completion of his term.",India,To be verified,,https://www.indiacode.nic.in/,2026-09-12,Candidate—verify
CPA-046,Consumer,"Consumer Protection Act, 2019",Act No. 35 of 2019,46,Officers and employees of State Commission .,"Officers and employees of State Commission .—(1) The State Government shall determine the nature and categories of the officers and other employees required to assist the State Commission in the discharge of its functions and provide the Commission with such officers and other employees as it may think fit. (2) The officers and other employees of the State Commission shall discharge their functions under the general superintendence of the President. 26 (3) The salaries and allowances payable to and the other terms and conditions of service of, the officers and other employees of the State Commission shall be such as may be prescribed.",India,To be verified,,https://www.indiacode.nic.in/,2026-09-12,Candidate—verify
CPA-047,Consumer,"Consumer Protection Act, 2019",Act No. 35 of 2019,47,Jurisdiction of State Commission .,"Jurisdiction of State Commission .—(1) Subject to the other provisions of this Act, the State Commission shall have jurisdiction— (a) to entertain— (i) complaints where the value of the goods or services paid as consideration, exceeds rupees one crore, but does not exceed rupees ten crore: Provided that where the Central Government deems it necessary so to do, it may prescribe such other value, as it deems fit; (ii) complaints against unfair contracts, where the value of goods or services paid as consideration does not exceed ten crore rupees; (iii) appeals against the orders of any District Commission within the State; and (b) to call for the records and pass appropriate orders in any consumer dispute which is pending before or has been decided by any District Commission within the State, where it appears to the State Commission that such District Commission has exercised a jurisdiction not vested in it by law, or has failed to exercise a jurisdiction so vested or has acted in exercise of its jurisdiction illegally or with material irregularity. (2) The jurisdiction, powers and authority of the State Commission may be exercised by Benches thereof, and a Bench may be constituted by the President with one or more members as the President may deem fit: Provided that the senior-most member shall preside over the Bench. (3) Where the members of a Bench differ in opinion on any point, the points shall be decided according to the opinion of the majority, if there is a majority, but if the members are equally divided, they shall state the point or points on which they differ, and make a reference to the President who shall either hear the point or points himself or refer the case for hearing on such point or points by one or more of the other members and such point or points shall be decided according to the opinion of the majority of the members who have heard the case, including those who first heard it: Provided that the President or the other members, as the case may be, shall give opinion on the point or points so referred within a period of one month from the date of such reference. (4) A complaint shall be instituted in a State Commission within the limits of whose jurisdiction,— (a) the opposite party or each of the opposite parties, where there are more than one, at the time of the institution of the complaint, ordinarily resides or carries on business or has a branch office or personally works for gain; or (b) any of the opposite parties, where there are more than one, at the time of the institution of the complaint, actually and voluntarily resides, or carries on business or has a branch office or personally works for gain, provided in such case, the permission of the State Commission is given; or (c) the cause of action, wholly or in part, arises; or (d) the complainant resides or personally works for gain.",India,To be verified,,https://www.indiacode.nic.in/,2026-09-12,Candidate—verify
CPA-048,Consumer,"Consumer Protection Act, 2019",Act No. 35 of 2019,48,Transfer of cases .,"Transfer of cases .—On the application of the complainant or of its own motion, the State Commission may, at any stage of the proceeding, transfer any complaint pending before a District Commission to another District Commission within the State if the interest of justice so requires.",India,To be verified,,https://www.indiacode.nic.in/,2026-09-12,Candidate—verify
CPA-049,Consumer,"Consumer Protection Act, 2019",Act No. 35 of 2019,49,Procedure applicable to State Commission .,"Procedure applicable to State Commission .—(1) The provisions relating to complaints under sections 35, 36, 37, 38 and 39 shall, with such modifications as may be necessary, be applicable to the disposal of complaints by the State Commission. 27 (2) Without prejudice to the provisions of sub-section (1), the State Commission may also declare any terms of contract, which is unfair to any consumer, to be null and void.",India,To be verified,,https://www.indiacode.nic.in/,2026-09-12,Candidate—verify
CPA-050,Consumer,"Consumer Protection Act, 2019",Act No. 35 of 2019,50,Review by State Commission in certain cases.,"Review by State Commission in certain cases.—The State Commission shall have the power to review any of the order passed by it if there is an error apparent on the face of the record, either of its own motion or on an application made by any of the parties within thirty days of such order.",India,To be verified,,https://www.indiacode.nic.in/,2026-09-12,Candidate—verify
CPA-051,Consumer,"Consumer Protection Act, 2019",Act No. 35 of 2019,51,Appeal to National Commission.,"Appeal to National Commission.—(1) Any person aggrieved by an order made by the State Commission in exercise of its powers conferred by sub-clause (i) or (ii) of clause (a) of sub-section (1) of section 47 may prefer an appeal against such order to the National Commission within a period of thirty days from the date of the order in such form and manner as may be prescribed: Provided that the National Commission shall not entertain the appeal after the expiry of the said period of thirty days unless it is satisfied that there was sufficient cause for not filing it within that period: Provided further that no appeal by a person, who is required to pay any amount in terms of an order of the State Commission, shall be entertained by the National Commission unless the appellant has deposited fifty per cent. of that amount in the manner as may be prescribed. (2) Save as otherwise expressly provided under this Act or by any other law for the time being in force, an appeal shall lie to the National Commission from any order passed in appeal by any State Commission, if the National Commission is satisfied that the case involves a substantial question of law. (3) In an appeal involving a question of law, the memorandum of appeal shall precisely state the substantial question of law involved in the appeal. (4) Where the National Commission is satisfied that a substantial question of law is involved in any case, it shall formulate that question and hear the appeal on that question: Provided that nothing in this sub -section shall be deemed to take away or abridge the power of the National Commission to hear, for reasons to be recorded in writing, the appeal on any other substantial question of law, if it is satisfied that the case involves such question of law. (5) An appeal may lie to the National Commission under this section from an order passed ex parte by the State Commission.",India,To be verified,,https://www.indiacode.nic.in/,2026-09-12,Candidate—verify
CPA-052,Consumer,"Consumer Protection Act, 2019",Act No. 35 of 2019,52,Hearing of appeal.,"Hearing of appeal. —An appeal filed before the State Commission or the National Commission, as the case may be, shall be heard as expeditiously as possible and every endeavour shall be made to dispose of the appeal within a period of ninety days from the date of its admission: Provided that no adjournment shall ordinarily be granted by the State Commission or the National Commission, as the case may be, unless sufficient cause is shown and the reasons for grant of adjournment have been recorded in writing by such Commission: Provided further that the State Commission or the National Commission, as the case may be, shall make such orders as to the costs occasioned by the adjournment, as may be specified by regulations: Provided also that in the event of an appeal being disposed of after the period so specified, the State Commission or the National Commission, as the case may be, shall record in writing the reasons for the same at the time of disposing of the said appeal.",India,To be verified,,https://www.indiacode.nic.in/,2026-09-12,Candidate—verify
CPA-053,Consumer,"Consumer Protection Act, 2019",Act No. 35 of 2019,53,Establishment of National Consumer Disputes Redressal Commission .,"Establishment of National Consumer Disputes Redressal Commission .—(1) The Central Government shall, by notification, establish a National Consumer Disputes Redressal Commission, to be known as the National Commission. (2) The National Commission shall ordinarily function at the National Capital Region and perform its functions at such other places as the Central Government may in consultation with the National Commission notify in the Official Gazette: Provided that the Central Government may, by notification, establish regional Benches of the National Commission, at such places, as it deems fit.",India,To be verified,,https://www.indiacode.nic.in/,2026-09-12,Candidate—verify
CPA-054,Consumer,"Consumer Protection Act, 2019",Act No. 35 of 2019,54,Composition of National Commission.,Composition of National Commission.—The National Commission shall consist of— 28 (a) a President; and (b) not less than four and not more than such number of members as may be prescribed.,India,To be verified,,https://www.indiacode.nic.in/,2026-09-12,Candidate—verify
CPA-055,Consumer,"Consumer Protection Act, 2019",Act No. 35 of 2019,55,"Qualifications, etc., of President and members of National Commission .","Qualifications, etc., of President and members of National Commission .—(1) The Central Government may, by notification, make rules to provide for qualifications, appointment, term of office, salaries and allowances, resignation, removal and other terms and conditions of service of the President and members of the National Commission: Provided that the President and members of the National Commission shall hold office for such term as specified in the rules made by the Central Government but not exceeding five years from the date on which he enters upon his office and shall be eligible for re-appointment: Provided further that no President or members shall hold office as such after he has attained such age as specified in the rules made by the Central Government which shall not exceed,— (a) in the case of the President, the age of seventy years; (b) in the case of any other member, the age of sixty-seven years. 1[(1A) Notwithstanding anything contained in sub-section (1), the qualifications, appointment, term of office, salaries and allowances, resignation, removal and the other terms and conditions of service of the President and other members of the National Commission appointed after the commencement of the Tribunal Reforms Act, 2021, shall be governed by the provisions of the said Act.] (2) Neither the salary and allowances nor the other terms and conditions of service of President and members of the National Commission shall be varied to his disadvantage after his appointment.",India,To be verified,,https://www.indiacode.nic.in/,2026-09-12,Candidate—verify
CPA-056,Consumer,"Consumer Protection Act, 2019",Act No. 35 of 2019,56,Transitional provision.,"Transitional provision.—The President and every other member appointed immediately before the commencement of section 177 of the Finance Act, 2017 (7 of 2017) shall continue to be governed by the provisions of the Consumer Protection Act, 1986 (68 of 1986) and the rules made there under as if this Act had not come into force.",India,To be verified,,https://www.indiacode.nic.in/,2026-09-12,Candidate—verify
CPA-057,Consumer,"Consumer Protection Act, 2019",Act No. 35 of 2019,57,Other officers and employees of National Commission .,"Other officers and employees of National Commission .—(1) The Central Government shall provide, in consultation with the President of the National Commission, such number of officers and other employees to assist the National Commission in the discharge of its functions as it may think fit. (2) The officers and other employees of the National Commission shall discharge their functions under the general superintendence of the President of the National Commission. (3) The salaries and allowances payable to, and the other terms and conditions of service of, the officers and other employees of the National Commission shall be such as may be prescribed.",India,To be verified,,https://www.indiacode.nic.in/,2026-09-12,Candidate—verify
CPA-058,Consumer,"Consumer Protection Act, 2019",Act No. 35 of 2019,58,Jurisdiction of National Commission .,"Jurisdiction of National Commission .—(1) Subject to the other provisions of this Act, the National Commission shall have jurisdiction— (a) to entertain— (i) complaints where the value of the goods or services paid as consideration exceeds rupees ten crore: Provided that where the Central Government deems it necessary so to do, it may prescribe such other value, as it deems fit; (ii) complaints against unfair contracts, where the value of goods or services paid as consideration exceeds ten crore rupees; (iii) appeals against the orders of any State Commission; (iv) appeals against the orders of the Central Authority; and (b) to call for the records and pass appropriate orders in any consumer dispute which is pending before or has been decided by any State Commission where it appears to the National Commission",India,To be verified,,https://www.indiacode.nic.in/,2026-09-12,Candidate—verify
CPA-059,Consumer,"Consumer Protection Act, 2019",Act No. 35 of 2019,59,Procedure applicable to National Commission .,"Procedure applicable to National Commission .—(1) The provisions relating to complaints under sections 35, 36, 37, 38 and 39 shall, with such modifications as may be considered necessary, be applicable to the disposal of complaints by the National Commission. (2) Without prejudice to sub -section ( 1), the National Commission may also declare any terms of contract, which is unfair to any consumer to be null and void.",India,To be verified,,https://www.indiacode.nic.in/,2026-09-12,Candidate—verify
CPA-060,Consumer,"Consumer Protection Act, 2019",Act No. 35 of 2019,60,Review by National Commission in certain cases .,"Review by National Commission in certain cases .—The National Commission shall have the power to review any of the order passed by it if there is an error apparent on the face of the record, either of its own motion or on an application made by any of the parties within thirty days of such order.",India,To be verified,,https://www.indiacode.nic.in/,2026-09-12,Candidate—verify
CPA-061,Consumer,"Consumer Protection Act, 2019",Act No. 35 of 2019,61,Power to set aside ex parte orders.,"Power to set aside ex parte orders.—Where an order is passed by the National Commission ex parte, the aggrieved party may make an application to the Commission for setting aside such order.",India,To be verified,,https://www.indiacode.nic.in/,2026-09-12,Candidate—verify
CPA-062,Consumer,"Consumer Protection Act, 2019",Act No. 35 of 2019,62,Transfer of cases .,"Transfer of cases .—On the application of the complainant or of its own motion, the National Commission may, at any stage of the proceeding, in the interest of justice, transfer any complaint pending before the District Commission of one State to a District Commission of another State or before one State Commission to another State Commission.",India,To be verified,,https://www.indiacode.nic.in/,2026-09-12,Candidate—verify
CPA-063,Consumer,"Consumer Protection Act, 2019",Act No. 35 of 2019,63,Vacancy in office of President of National Commission .,"Vacancy in office of President of National Commission .—When the office of President of the National Commission is vacant or a person occupying such office is, by reason of absence or otherwise, unable to perform the duties of his office, these shall be performed by the senior -most member of the National Commission: Provided that where a retired Judge of a High Court or a person who has been a Judicial Member is a member of the National Commission, such member or where the number of such members is more than one, the senior -most person amongst such members, shall preside over the National Commission in the absence of President of that Commission.",India,To be verified,,https://www.indiacode.nic.in/,2026-09-12,Candidate—verify
CPA-064,Consumer,"Consumer Protection Act, 2019",Act No. 35 of 2019,64,Vacancies or defects in appointment not to invalidate orders .,"Vacancies or defects in appointment not to invalidate orders .—No act or proceeding of the District Commission, the State Commission or the National Commission shall be invalid by reason only of the existence of any vacancy amongst its members or any defect in the constitution thereof.",India,To be verified,,https://www.indiacode.nic.in/,2026-09-12,Candidate—verify
CPA-065,Consumer,"Consumer Protection Act, 2019",Act No. 35 of 2019,65,"Service of notice, etc .","Service of notice, etc .—(1) All notices, required by this Act to be served, shall be served by delivering or transmitting a copy thereof by registered post acknowledgment due addressed to opposite party against whom complaint is made or to the complainant by speed post or by such courier service, approved by the District Commission, the State Commission or the National Commission, as the case may be, or by any other mode of transmission of documents including electronic means. (2) Without prejudice to the provisions contained in sub -section (1), the notice required by this Act may be served on an electronic service provider at the address provided by it on the electronic platform from where it provides its services as such and for this purpose, the electronic service provider shall designate a nodal officer to accept and process such notices. 30 (3) When an acknowledgment or any other receipt purporting to be signed by the opposite party or his agent or, as the case may be, by the complainant is received by the District Commission, the State Commission or the National Commission, as the case may be, or postal article containing the notice is received back by such District Commission, State Commission or the National Commission, with an endorsement purporting to have been made by a postal employee or by any person authorised by the courier service t o the effect that the opposite party or his agent or complainant had refused to take delivery of the postal article containing the notice or had refused to accept the notice by any other means specified in sub -section (1) when tendered or transmitted to him, the District Commission or the State Commission or the National Commission, as the case may be, shall declare that the notice has been duly served on the opposite party or to the complainant, as the case may be: Provided that where the notice was properly addressed, pre -paid and duly sent by registered post acknowledgment due, a declaration referred to in this sub -section shall be made notwithstanding the fact that the acknowledgment has been lost or misplaced, or for any other reason, has not been received by the District Commission, the State Commission or the National Commission, as the case may be, within thirty days from the date of issue of notice. (4) All notices required to be served on an opposite party or to complainant, as the case may be, shall be deemed to be sufficiently served, if addressed in the case of the opposite party, to the place where business or profession is carried on, and in case of the complainant, the place where such person ac tually and voluntarily resides.",India,To be verified,,https://www.indiacode.nic.in/,2026-09-12,Candidate—verify
CPA-066,Consumer,"Consumer Protection Act, 2019",Act No. 35 of 2019,66,Experts to assist National Commission or State Commission .,"Experts to assist National Commission or State Commission .—Where the National Commission or the State Commission, as the case may be, on an application by a complainant or otherwise, is of the opinion that it involves the larger interest of consumers, it may direct any individual or organisation or expert to assist the National Commission or the State Commission, as the case may be.",India,To be verified,,https://www.indiacode.nic.in/,2026-09-12,Candidate—verify
CPA-067,Consumer,"Consumer Protection Act, 2019",Act No. 35 of 2019,67,Appeal against order of National Commission .,"Appeal against order of National Commission .—Any person, aggrieved by an order made by the National Commission in exercise of its powers conferred by sub -clause ( i) or ( ii) of clause ( a) of sub-section ( 1) of section 58, may prefer an appeal against such order to the Supreme Court within a period of thirty days from the date of the order: Provided that the Supreme Court may entertain an appeal after the expiry of the said period of thirty days if it is satisfied that there was sufficient cause for not filing it within that period: Provided further that no appeal by a person who is required to pay any amount in terms of an order of the National Commission shall be entertained by the Supreme Court unless that person has deposited fifty per cent. of that amount in the manner as may be prescribed.",India,To be verified,,https://www.indiacode.nic.in/,2026-09-12,Candidate—verify
CPA-068,Consumer,"Consumer Protection Act, 2019",Act No. 35 of 2019,68,Finality of orders .,"Finality of orders .—Every order of a District Commission or the State Commission or the National Commission, as the case may be, shall, if no appeal has been preferred against such order under the provisions of this Act, be final.",India,To be verified,,https://www.indiacode.nic.in/,2026-09-12,Candidate—verify
CPA-069,Consumer,"Consumer Protection Act, 2019",Act No. 35 of 2019,69,Limitation period .,"Limitation period .—(1) The District Commission, the State Commission or the National Commission shall not admit a complaint unless it is filed within two years from the date on which the cause of action has arisen. (2) Notwithstanding anything contained in sub -section (1), a complaint may be entertained after the period specified in sub -section ( 1), if the complainant satisfies the District Commission, the State Commission or the National Commission, as the case may be, that he had sufficient cause for not filing the complaint within such period: Provided that no such complaint shall be entertained unless the District Commission or the State Commission or the National Commission, as the case may be, records its re asons for condoning such delay.",India,To be verified,,https://www.indiacode.nic.in/,2026-09-12,Candidate—verify
CPA-070,Consumer,"Consumer Protection Act, 2019",Act No. 35 of 2019,70,Administrative control.,"Administrative control.—(1) The National Commission shall have the authority to lay down such adequate standards in consultation with the Central Government from time to time, for better protection of the interests of consumers and for that purpose, shall have administrative control over all the State Commissions in the following matters, namely:— 31 (a) monitoring performance of the State Commissions in terms of their disposal by calling for periodical returns regarding the institution, disposal and pendency of cases; (b) investigating into any allegations against the President and members of a State Commission and submitting inquiry report to the State Government concerned along with copy endorsed to the Central Government for necessary action; (c) issuance of instructions regarding adoption of uniform procedure in the hearing of matters, prior service of copies of documents produced by one party to the opposite parties, furnishing of english translation of judgments written in any language, speedy grant of copies of documents; (d) overseeing the functioning of the State Commission or the District Commission either by way of inspection or by any other means, as the National Commission may like to order from time to time, to ensure that the objects and purposes of the Act are best served and the standards set by the National Commission are implemented without interfering with their quasi-judicial freedom. (2) There shall be a monitoring cell to be constituted by the President of the National Commission to oversee the functioning of the State Commissions from the administrative point of view. (3) The State Commission shall have administrative control over all the District Commissions within its jurisdiction in all matters referred to in sub-section (1). (4) The National Commission and the State Commissions shall furnish to the Central Government periodically or as and when required, any information including the pendency of cases in such form and manner as may be prescribed. (5) The State Commission shall furnish, periodically or as and when required to the State Government any information including pendency of cases in such form and manner as may be prescribed.",India,To be verified,,https://www.indiacode.nic.in/,2026-09-12,Candidate—verify
CPA-071,Consumer,"Consumer Protection Act, 2019",Act No. 35 of 2019,71,"Enforcement of orders of District Commission, State Commission and National Commission.","Enforcement of orders of District Commission, State Commission and National Commission.—Every order made by a District Commission, State Commission or the National Commission shall be enforced by it in the same manner as if it were a decree made by a Court in a suit before it and the provisions of Order XXI of the First Schedule to the Code of Civil Procedure, 1908 (5 of 1908) shall, as far as may be, applicable, subject to the modification that every reference therein to the decree shall be construed as reference to the order made under this Act.",India,To be verified,,https://www.indiacode.nic.in/,2026-09-12,Candidate—verify
CPA-072,Consumer,"Consumer Protection Act, 2019",Act No. 35 of 2019,72,Penalty for non-compliance of order.,"Penalty for non-compliance of order.—(1) Whoever fails to comply with any order made by the District Commission or the State Commission or the National Commission, as the case may be, shall be punishable with imprisonment for a term which shall not be less than one month, but which may extend to three years, or with fine, which shall not be less than twenty -five thousand rupees, but which may extend to one lakh rupees, or with both. (2) Notwithstanding anything contained in the Code of Criminal Procedure, 1973 (2 of 1974), the District Commission, the State Commission or the National Commission, as the case may be, shall have the power of a Judicial Magistrate of first class for the trial of offences under sub -section ( 1), and on conferment of such powers, the District Commission or the State Commission or the National Commission, as the case may be, shall be deemed to be a Judicial Magistrate of first class for the purposes of the Code of Criminal Procedure, 1973. (3) Save as otherwise provided, the offences under sub -section (1) shall be tried summarily by the District Commission or the State Commission or the National Commission, as the case may be.",India,To be verified,,https://www.indiacode.nic.in/,2026-09-12,Candidate—verify
CPA-073,Consumer,"Consumer Protection Act, 2019",Act No. 35 of 2019,73,Appeal against order passed under section 72.,"Appeal against order passed under section 72.—(1) Notwithstanding anything contained in the Code of Criminal Procedure, 1973 (2 of 1974), where an order is passed under sub -section ( 1) of section 72, an appeal shall lie, both on facts and on law from— (a) the order made by the District Commission to the State Commission; (b) the order made by the State Commission to the National Commission; and (c) the order made by the National Commission to the Supreme Court. 32 (2) Except as provided in sub -section (1), no appeal shall lie before any court, from any order of a District Commission or a State Commission or the National Commission, as the case may be. (3) Every appeal under this section shall be preferred within a period of thirty days from the date of order of a District Commission or a State Commission or the National Commission, as the case may be: Provided that the State Commission or the National Commission or the Supreme Court, as the case may be, may entertain an appeal after the expiry of the said period of thirty days, if it is satisfied that the appellant had sufficient cause for not preferring the appeal within the said period of thirty days.",India,To be verified,,https://www.indiacode.nic.in/,2026-09-12,Candidate—verify
CPA-074,Consumer,"Consumer Protection Act, 2019",Act No. 35 of 2019,74,Establishment of consumer mediation cell.,"Establishment of consumer mediation cell. —(1) The State Government shall establish, by notification, a consumer mediation cell to be attached to each of the District Commissions and the State Commissions of that State. (2) The Central Government shall establish, by notification, a consumer mediation cell to be attached to the National Commission and each of the regional Benches. (3) A consumer mediation cell shall consist of such persons as may be prescribed. (4) Every consumer mediation cell shall maintain— (a) a list of empanelled mediators; (b) a list of cases handled by the cell; (c) record of proceeding; and (d) any other information as may be specified by regulations. (5) Every consumer mediation cell shall submit a quarterly report to the District Commission, State Commission or the National Commission to which it is attached, in the manner specified by regulations.",India,To be verified,,https://www.indiacode.nic.in/,2026-09-12,Candidate—verify
CPA-075,Consumer,"Consumer Protection Act, 2019",Act No. 35 of 2019,75,Empanelment of mediators.,"Empanelment of mediators.—(1) For the purpose of mediation, the National Commission or the State Commission or the District Commission, as the case may be, shall prepare a panel of the mediators to be maintained by the consumer mediation cell attached to it, on the recommendation of a selection committee consisting of the President and a member of that Commission. (2) The qualifications and experience required for empanelment as mediator, the procedure for empanelment, the manner of training empanelled mediators, the fee payable to empanelled mediator, the terms and conditions for empanelment, the code of conduct for empanelled mediators, the grounds on which, and the manner in which, empanelled mediators shall be removed or empanelment shall be cancelled and other matters relating thereto, shall be such as may be specified by regulations. (3) The panel of mediators prepared under sub-section (1) shall be valid for a period of five years, and the empanelled mediators shall be eligible to be considered for re -empanelment for another term, subject to such conditions as may be specified by regulations.",India,To be verified,,https://www.indiacode.nic.in/,2026-09-12,Candidate—verify
CPA-076,Consumer,"Consumer Protection Act, 2019",Act No. 35 of 2019,76,Nomination of mediators from panel.,"Nomination of mediators from panel.—The District Commission, the State Commission or the National Commission shall, while nominating any person from the panel of mediators referred to in section 75, consider his suitability for resolving the consumer dispute involved.",India,To be verified,,https://www.indiacode.nic.in/,2026-09-12,Candidate—verify
CPA-077,Consumer,"Consumer Protection Act, 2019",Act No. 35 of 2019,77,Duty of mediator to disclose certain facts.,"Duty of mediator to disclose certain facts.—It shall be the duty of the mediator to disclose— (a) any personal, professional or financial interest in the outcome of the consumer dispute; (b) the circumstances which may give rise to a justifiable doubt as to his independence or impartiality; and (c) such other facts as may be specified by regulations.",India,To be verified,,https://www.indiacode.nic.in/,2026-09-12,Candidate—verify
CPA-078,Consumer,"Consumer Protection Act, 2019",Act No. 35 of 2019,78,Replacement of mediator in certain cases .,"Replacement of mediator in certain cases .—Where the District Commission or the State Commission or the National Commission, as the case may be, is satisfied, on the information furnished by 33 the mediator or on the information received from any other person including parties to the complaint and after hearing the mediator, it shall replace such mediator by another mediator.",India,To be verified,,https://www.indiacode.nic.in/,2026-09-12,Candidate—verify
CPA-079,Consumer,"Consumer Protection Act, 2019",Act No. 35 of 2019,79,Procedure for mediation .,"Procedure for mediation .—(1) The mediation shall be held in the consumer mediation cell attached to the District Commission, the State Commission or the National Commission, as the case may be. (2) Where a consumer dispute is referred for mediation by the District Commission or the State Commission or the National Commission, as the case may be, the mediator nominated by such Commission shall have regard to the rights and obligations of the parties, the usages of trade, if any, the circumstances giving rise to the consumer dispute and such other relevant factors, as he may deem necessary and shall be guided by the principles of natural justice while carrying out mediation. (3) The mediator so nominated shall conduct mediation within such time and in such manner as m ay be specified by regulations.",India,To be verified,,https://www.indiacode.nic.in/,2026-09-12,Candidate—verify
CPA-080,Consumer,"Consumer Protection Act, 2019",Act No. 35 of 2019,80,Settlement through mediation.,"Settlement through mediation.—(1) Pursuant to mediation, if an agreement is reached between the parties with respect to all of the issues involved in the consumer dispute or with respect to only some of the issues, the terms of such agreement shall be reduced to writing accordingly, and signed by the parties to such dispute or their authorised representatives. (2) The mediator shall prepare a settlement report of the settlement and forward the signed agreement along with such report to the concerned Commission. (3) Where no agreement is reached between the parties within the specified time or the mediator is of the opinion that settlement is not possible, he shall prepare his report accordingly and submit the sa me to the concerned Commission.",India,To be verified,,https://www.indiacode.nic.in/,2026-09-12,Candidate—verify
CPA-081,Consumer,"Consumer Protection Act, 2019",Act No. 35 of 2019,81,Recording settlement and passing of order .,"Recording settlement and passing of order .—(1) The District Commission or the State Commission or the National Commission, as the case may be, shall, within seven days of the receipt of the settlement report, pass suitable order recording such settlement of consumer dispute and dispose of the matter accordingly. (2) Where the consumer dispute is settled only in part, the District Commission or the State Commission or the National Commission, as the case may be, shall record settlement of the issues which have been so settled and continue to hear other issues involved in such consumer dispute. (3) Where the consumer dispute could not be settled by mediation, the District Commission or the State Commission or the National Commission, as the case may be, shall continue to hear all the issues involved in such consumer dispute.",India,To be verified,,https://www.indiacode.nic.in/,2026-09-12,Candidate—verify
CPA-082,Consumer,"Consumer Protection Act, 2019",Act No. 35 of 2019,82,Application of Chapter .,Application of Chapter .—This Chapter shall apply to every claim for compensation under a product liability action by a complainant for any harm caused by a defective product manufactured by a product manufacturer or serviced by a product service provider or sold by a product seller.,India,To be verified,,https://www.indiacode.nic.in/,2026-09-12,Candidate—verify
CPA-083,Consumer,"Consumer Protection Act, 2019",Act No. 35 of 2019,83,Product liability action.,"Product liability action.—A product liability action may be brought by a complainant against a product manufacturer or a product service provider or a product seller, as the case may be, for any harm caused to him on account of a defective product.",India,To be verified,,https://www.indiacode.nic.in/,2026-09-12,Candidate—verify
CPA-084,Consumer,"Consumer Protection Act, 2019",Act No. 35 of 2019,84,Liability of product manufacturer .,"Liability of product manufacturer .—(1) A product manufacturer shall be liable in a product liability action, if— (a) the product contains a manufacturing defect; or (b) the product is defective in design; or (c) there is a deviation from manufacturing specifications; or (d) the product does not conform to the express warranty; or 34 (e) the product fails to contain adequate instructions of correct usage to prevent any harm or any warning regarding improper or incorrect usage. (2) A product manufacturer shall be liable in a product liability action even if he proves that he was not negligent or fraudulent in making the express warranty of a product.",India,To be verified,,https://www.indiacode.nic.in/,2026-09-12,Candidate—verify
CPA-085,Consumer,"Consumer Protection Act, 2019",Act No. 35 of 2019,85,Liability of product service provider .,"Liability of product service provider .—A product service provider shall be liable in a product liability action, if— (a) the service provided by him was faulty or imperfect or deficient or inadequate in quality, nature or manner of performance which is required to be provided by or under any law for the time being in force, or pursuant to any contract or otherwise; or (b) there was an act of omission or commission or negligence or conscious withholding any information which caused harm; or (c) the service provider did not issue adequate instructions or warnings to prevent any harm; or (d) the service did not conform to express warranty or the terms and conditions of the contract.",India,To be verified,,https://www.indiacode.nic.in/,2026-09-12,Candidate—verify
CPA-086,Consumer,"Consumer Protection Act, 2019",Act No. 35 of 2019,86,Liability of product sellers.,"Liability of product sellers.—A product seller who is not a product manufacturer shall be liable in a product liability action, if— (a) he has exercised substantial control over the designing, testing, manufacturing, packaging or labelling of a product that caused harm; or (b) he has altered or modified the product and such alteration or modification was the substantial factor in causing the harm; or (c) he has made an express warranty of a product independent of any express warranty made by a manufacturer and such product failed to conform to the express warranty made by the product seller which caused the harm; or (d) the product has been sold by him and the identity of product manufacturer of such product is not known, or if known, the service of notice or process or warrant cannot be effected on him or he is not subject to the law which is in force in India or the order, if any, passed or to be passed cannot be enforced against him; or (e) he failed to exercise reasonable care in assembling, inspecting or maintaining such product or he did not pass on the warnings or instructions of the product manufacturer regarding the dangers involved or proper usage of the product while selling such product and such failure was the proximate cause of the harm.",India,To be verified,,https://www.indiacode.nic.in/,2026-09-12,Candidate—verify
CPA-087,Consumer,"Consumer Protection Act, 2019",Act No. 35 of 2019,87,Exceptions to product liability action.,"Exceptions to product liability action.—(1) A product liability action cannot be brought against the product seller if, at the time of harm, the product was misused, altered, or modified. (2) In any product liability action based on the failure to provide adequate warnings or instructions, the product manufacturer shall not be liable, if— (a) the product was purchased by an employer for use at the workplace and the product manufacturer had provided warnings or instructions to such employer; (b) the product was sold as a component or material to be used in another product and necessary warnings or instructions were given by the product manufacturer to the purchaser of such component or material, but the harm was caused to the complainant by use of the end product in which such component or material was used; (c) the product was one which was legally meant to be used or dispensed only by or under the supervision of an expert or a class of experts and the product manufacturer had employed reasonable means to give the warnings or instructions for usage of such product to such expert or class of experts; or (d) the complainant, while using such product, was under the influence of alcohol or any prescription drug which had not been prescribed by a medical practitioner. 35 (3) A product manufacturer shall not be liable for failure to instruct or warn about a danger which is obvious or commonly known to the user or consumer of such product or which, such user or consumer, ought to have known, taking into account the characteristics of such product.",India,To be verified,,https://www.indiacode.nic.in/,2026-09-12,Candidate—verify
CPA-088,Consumer,"Consumer Protection Act, 2019",Act No. 35 of 2019,88,Penalty for non -compliance of direction of Central Authority .,"Penalty for non -compliance of direction of Central Authority .—Whoever, fails to comply with any direction of the Central Authority under sections 20 and 21, shall be punished with imprisonment for a term which may extend to six months or with fine which may extend to tw enty lakh rupees, or with both.",India,To be verified,,https://www.indiacode.nic.in/,2026-09-12,Candidate—verify
CPA-089,Consumer,"Consumer Protection Act, 2019",Act No. 35 of 2019,89,Punishment for false or misleading advertisement .,"Punishment for false or misleading advertisement .—Any manufacturer or service provider who causes a false or misleading advertisement to be made which is prejudicial to the interest of consumers shall be punished with imprisonment for a term which may extend to two years and with fine which may extend to ten lakh rupees; and for every subsequent offence, be punished with imprisonment for a term which may extend to five years and with fine which may extend to fifty lakh rupees.",India,To be verified,,https://www.indiacode.nic.in/,2026-09-12,Candidate—verify
CPA-090,Consumer,"Consumer Protection Act, 2019",Act No. 35 of 2019,90,"Punishment for manufacturing for sale or storing, selling or distributing or importing products containing adulterant .","Punishment for manufacturing for sale or storing, selling or distributing or importing products containing adulterant .—(1) Whoever, by himself or by any other person on his behalf, manufactures for sale or stores or sells or distributes or imports any product containing an adulterant shall be punished, if such act— (a) does not result in any injury to the consumer, with imprisonment for a term which may extend to six months and with fine which may extend to one lakh rupees; (b) causing injury not amounting to grievous hurt to the consumer, with imprisonment for a term which may extend to one year and with fine which may extend to three lakh rupees; (c) causing injury resulting in grievous hurt to the consumer, with imprisonment for a term which may extend to seven years and with fine which may extend to five lakh rupees; and (d) results in the death of a consumer, with imprisonment for a term which shall not be less than seven years, but which may extend to imprisonment for life and with fine which shall not be less than ten lakh rupees. (2) The offences under clauses (c) and (d) of sub-section (1) shall be cognizable and non-bailable. (3) Notwithstanding the punishment under sub -section (1), the court may, in case of first conviction, suspend any licence issued to the person referred to in that sub -section, under any law for the time being in force, for a period up to two years, and in case of second or subsequent conviction, cancel the licence. Explanation.—For the purposes of this section,— (a) “adulterant” means any material including extraneous matter which is employed or used for making a product unsafe; (b) “grievous hurt ” shall have the same meaning as assigned to it in section 320 of the Indian Penal Code (45 of 1860).",India,To be verified,,https://www.indiacode.nic.in/,2026-09-12,Candidate—verify
CPA-091,Consumer,"Consumer Protection Act, 2019",Act No. 35 of 2019,91,Punishment for manufacturing for sale or for storing or selling or distributing or importing spurious goods.,"Punishment for manufacturing for sale or for storing or selling or distributing or importing spurious goods.—(1) Whoever, by himself or by any other person on his behalf, manufactures for sale or stores or sells or distributes or imports any spurious goods shall be punished, if such act— (a) causing injury not amounting to grievous hurt to the consumer, with imprisonment for a term which may extend to one year and with fine which may extend to three lakh rupees; (b) causing injury resulting in grievous hurt to the consumer, with imprisonment for a term which may extend to seven years and with fine which may extend to five lakh rupees; (c) results in the death of a consumer, with imprisonment for a term which shall not be less than seven years, but may extend to imprisonment for life and with fine which shall not be less than ten lakh rupees. 36 (2) The offences under clauses (b) and (c) of sub-section (1) shall be cognizable and non-bailable. (3) Notwithstanding the punishment under sub -section ( 1), the court may, in case of first conviction, suspend any licence issued to the person referred to in that sub -section, under any law for the time being in force, for a period up to two years, and in case of second or subsequent conviction, cancel the licence.",India,To be verified,,https://www.indiacode.nic.in/,2026-09-12,Candidate—verify
CPA-092,Consumer,"Consumer Protection Act, 2019",Act No. 35 of 2019,92,Cognizance of offence by court .,Cognizance of offence by court .—No cognizance shall be taken by a competent court of any offence under sections 88 and 89 except on a complaint filed by the Central Authority or any officer authorised by it in this behalf.,India,To be verified,,https://www.indiacode.nic.in/,2026-09-12,Candidate—verify
CPA-093,Consumer,"Consumer Protection Act, 2019",Act No. 35 of 2019,93,Vexatious search.,"Vexatious search.—The Director General or any other officer, exercising powers under section 22, who knows that there are no reasonable grounds for so doing, and yet— (a) searches, or causes to be searched any premises; or (b) seizes any record, register or other document or article, shall, for every such offence, be punished with imprisonment for a term which may extend to one year, or with fine which may extend to te n thousand rupees or with both.",India,To be verified,,https://www.indiacode.nic.in/,2026-09-12,Candidate—verify
CPA-094,Consumer,"Consumer Protection Act, 2019",Act No. 35 of 2019,94,"Measures to prevent unfair trade practices in e -commerce, direct selling, etc .","Measures to prevent unfair trade practices in e -commerce, direct selling, etc .—For the purposes of preventing unfair trade practices in e -commerce, direct selling and also to protect the interest and rights of consumers, the Central Government may take such measures in t he manner as may be prescribed.",India,To be verified,,https://www.indiacode.nic.in/,2026-09-12,Candidate—verify
CPA-095,Consumer,"Consumer Protection Act, 2019",Act No. 35 of 2019,95,"Presidents, members, Chief Commissioner, Commissioner and certain officers to be public servants.","Presidents, members, Chief Commissioner, Commissioner and certain officers to be public servants.—The Presidents and members of the District Commission, the State Commission and the National Commission, and officers and other employees thereof, the Chief Commissioner and the Commissioner of the Central Authority, the Director General, the Additional Director General, the Director, the Joint Director, the Deputy Director and the Assistant Director and all other officers and employees of the Central Authority and other persons performing any duty under this Act, while acting or purporting to act in pursuance of any of the provisions of this Act, shall be deemed to be public servants within the meaning of section 21 of the Indian Penal Code (45 of 1860).",India,To be verified,,https://www.indiacode.nic.in/,2026-09-12,Candidate—verify
CPA-096,Consumer,"Consumer Protection Act, 2019",Act No. 35 of 2019,96,Compounding of offences .,"Compounding of offences .—(1) Any offence punishable under sections 88 and 89, may, either before or after the institution of the prosecution, be compounded, on payment of such amount as may be prescribed: Provided that no compounding of such offence shall be made without the leave of the court before which a complaint has been filed under section 92: Provided further that such sum shall not, in any case, exceed the maximum amount of the fine, which may be imposed under this Act for the offence so compounded. (2) The Central Authority or any officer as may be specially authorised by him in this behalf, may compound offences under sub-section (1). (3) Nothing in sub-section (1) shall apply to person who commits the same or similar offence, within a period of three years from the date on which the first offence, committed by him, was compounded. Explanation.—For the purposes of this sub-section, any second or subsequent offence committed after the expiry of a period of three years from the date on which the offence was previously compounded, shall be deemed to be a first offence. (4) Where an offence has been compounded under sub -section ( 1), no proceeding or further proceeding, as the case may be, shall be taken against the offender in respect of the offence so compounded. (5) The acceptance of the sum of money for compounding an offence in accordance with sub-section (1) by the Central Authority or an officer of the Central Authority empowered in this behalf 37 shall be deemed to amount to an acquittal within the meaning of the Code of Criminal Procedure, 1973 (2 of 1974).",India,To be verified,,https://www.indiacode.nic.in/,2026-09-12,Candidate—verify
CPA-097,Consumer,"Consumer Protection Act, 2019",Act No. 35 of 2019,97,Manner of crediting penalty.,Manner of crediting penalty.—The penalty collected under section 21 and the amount collected under section 96 shall be credited to such fund as may be prescribed.,India,To be verified,,https://www.indiacode.nic.in/,2026-09-12,Candidate—verify
CPA-098,Consumer,"Consumer Protection Act, 2019",Act No. 35 of 2019,98,Protection of action taken in good faith .,"Protection of action taken in good faith .—No suit, prosecution or other legal proceeding shall lie against the Presidents and members of the District Commission, the State Commission and the National Commission, the Chief Commissioner, the Commissioner, any officer or employee and other person performing any duty under this Act, for any act which is in good faith done or intended to be done in pursuance of this Act or under any rule or order made thereunder.",India,To be verified,,https://www.indiacode.nic.in/,2026-09-12,Candidate—verify
CPA-099,Consumer,"Consumer Protection Act, 2019",Act No. 35 of 2019,99,Power to give directions by Central Government .,"Power to give directions by Central Government .—(1) Without prejudice to the foregoing provisions of this Act, the Central Authority, shall, in exercise of its powers or the performance of its functions under this Act, be bound by such directions on questions of policy, as the Central Government may give in writing to it from time to time: Provided that the Central Authority shall, as far as practicable, be given an opportunity to express its views before any direction is given under this sub-section. (2) The decision of the Central Government whether a question is one of policy or not shall be final.",India,To be verified,,https://www.indiacode.nic.in/,2026-09-12,Candidate—verify
CPA-100,Consumer,"Consumer Protection Act, 2019",Act No. 35 of 2019,100,Act not in derogation of any other law.,Act not in derogation of any other law.—The provisions of this Act shall be in addition to and not in derogation of the provisions of any other law for the time being in force.,India,To be verified,,https://www.indiacode.nic.in/,2026-09-12,Candidate—verify
CPA-101,Consumer,"Consumer Protection Act, 2019",Act No. 35 of 2019,101,Power of Central Government to make rules .,"Power of Central Government to make rules .—(1) The Central Government may, by notification, make rules for carrying out any of the provisions contained in this Act. (2) Without prejudice to the generality of the foregoing power, such rules may provide for,— (a) the other class or classes of persons including public utility entities under clause ( 19) of section 2; (b) the contest, lottery, game of chance or skill which are to be exempted under item ( b) of sub-clause (iii) of clause (47) of section 2; (c) the manner of issuing bill or cash memo or receipt for goods sold or services rendered under sub-clause (vii) of clause (47) of section 2; (d) the number of other official or non -official members of the Central Council under clause ( b) of sub-section (2) of section 3; (e) the time and place of meeting of Central Council and the procedure for the transaction of its business under sub-section (2) of section 4; (f) the number of Commissioners in the Central Authority under sub-section (2) of section 10; (g) the qualifications for appointment, method of recruitment, procedure of appointment, term of office, salaries and allowances, resignation, removal and other terms and conditions of service of the Chief Commissioner and other Commissioners of the Central Authority under section 11; (h) the salaries and allowances payable to, and the other terms and conditions of service of, the officers and other employees of the Central Authority under sub-section (2) of section 13; (i) the qualifications for appointment of Director General, Additional Director General, Director, Joint Director, Deputy Director and Assistant Director and the manner of appointment under sub - section (2) of section 15; (j) the manner of taking copies or extracts of document, record or article seized or produced before returning to the person under sub-section (3) of section 22; (k) the officer and the manner of disposing of articles which are subject to speedy or natural decay under sub-section (4) of section 22; 38 (l) the form and manner for preparing annual statement of accounts by the Central Authority in consultation with the Comptroller and Auditor-General of India under sub-section (1) of section 26; (m) the form in which, and the time within which, an annual report, other reports and returns may be prepared by the Central Authority under sub-section (1) of section 27; (n) the qualifications for appointment, method of recruitment, procedure for appointment, term of office, resignation and removal of President and members of the District Commission under section 29; (o) the other value of goods and services in respect of which the District Commission shall have jurisdiction to entertain complaints under proviso to sub-section (1) of section 34; (p) the manner of electronically filing complaint under the proviso to sub -section (1) of section 35; (q) the fee, electronic form and the manner of payment of fee for filing complaint under sub-section (2) of section 35; (r) the cases which may not be referred for settlement by mediation under sub -section ( 1) of section 37; (s) the manner of authentication of goods sampled in case of the National Commission under clause (c) of sub-section (2) of section 38; (t) any other matter which may be prescribed under clause (f) of sub-section (9) of section 38; (u) the fund where the amount obtained may be credited and the manner of utilisation of such amount under sub-section (2) of section 39; (v) the form and the manner in which appeal may be preferred to the State Commission under section 41; (w) the qualifications for appointment, method of recruitment, procedure for appointment, term of office, resignation and removal of the President and members of the State Commission under section 43; (x) the other value of goods and services in respect of which the State Commission shall have jurisdiction under the proviso to sub-clause (i) of clause (a) of sub-section (1) of section 47; (y) the form and manner of filing appeal to the National Commission, and the manner of depositing fifty per cent. of the amount before filing appeal, under sub-section (1) of section 51; (z) the number of members of the National Commission under clause (b) of section 54; (za) the qualifications, appointment, term of office, salaries and allowances, resignation, removal and other terms and conditions of service of the President and members of the National Commission under sub-section (1) of section 55; (zb) the salaries and allowances payable to, and other terms and conditions of service of, the officers and other employees of the National Commission under sub-section (3) of section 57; (zc) the other value of goods and services in respect of which the National Commission shall have jurisdiction under the proviso to sub-clause (i) of clause (a) of sub-section (1) of section 58; (zd) the manner of depositing fifty per cent. of the amount under the second proviso to section 67; (ze) the form in which the National Commission and the State Commission shall furnish information to the Central Government under sub-section (4) of section 70; (zf) the persons in the consumer mediation cell under sub-section (3) of section 74; (zg) the measures to be taken by the Central Government to prevent unfair trade practices in e-commerce, direct selling under section 94; (zh) the amount for compounding offences under sub-section (1) of section 96; 39 (zi) the fund to which the penalty and amount collected shall be credited under section 97; and (zj) any other matter which is to be, or may be, prescribed, or in respect of which provisions are to be, or may be, made by rules",India,To be verified,,https://www.indiacode.nic.in/,2026-09-12,Candidate—verify
CPA-102,Consumer,"Consumer Protection Act, 2019",Act No. 35 of 2019,102,Power of State Government to make rules .,"Power of State Government to make rules .—(1) The State Governments may, by notification, make rules for carrying out the provisions of this Act: Provided that the Central Government may, frame model rules in respect of all or any of the matters with respect to which the State Government may make rules under this section, and where any such model rules have been framed in respect of any such matter, they shall apply to the State until the rules in respect of that matter is made by the State Government and while making any such rules, so far as is practicable, they shall conform to such model rules. (2) In particular, and without prejudice to the generality of the foregoing power, such rules may provide for all or any of the following matters, namely:— (a) the other class or classes of persons including public utility entities under clause ( 19) of section 2; (b) the contest, lottery, game of chance or skill which are to be exempted under item ( b) of sub-clause (iii) of clause (47) of section 2; (c) the number of other official or non -official members of the State Council under clause (b) of sub-section (2) of section 6; (d) the time and place of meeting of the State Council and the procedure for the transaction of its business under sub-section (4) of section 6; (e) the number of other official and non-official members of District Council under clause (b) of sub-section (2) of section 8; (f) the time and place of meeting of the District Council and procedure for the transaction of its business under sub-section (4) of section 8; (g) the number of members of the District Commission under clause ( b) of sub-section (2) of section 28; (h) the salaries and allowances payable to, and other terms and conditions of service of, the President and members of the District Commission under section 30; (i) the salaries and allowances payable to, and other terms and conditions of service of, the officers and other employees of the District Commission under sub-section (3) of section 33; (j) the manner of authentication of goods sampled by the State Commission and the District Commission under clause (c) of sub-section (2) of section 38; (k) the manner of depositing fifty per cent. of the amount before filing appeal under second proviso to section 41; (l) the number of members of the State Commission under sub-section (3) of section 42; (m) the salaries and allowances payable to, and other terms and conditions of service of, the President and members of the State Commission under section 44; (n) the salaries and allowances payable to, and other terms and conditions of service of, the officers and other employees of the State Commission under sub-section (3) of section 46; (o) the form in which the State Commission shall furnish information to the State Government under sub-section (5) of section 70; (p) the persons in the consumer mediation cell under sub-section (3) of section 74; (q) any other matter which is to be, or may be prescribed, or in respect of which provisions are to be, or may be, made by rules. 40",India,To be verified,,https://www.indiacode.nic.in/,2026-09-12,Candidate—verify
CPA-103,Consumer,"Consumer Protection Act, 2019",Act No. 35 of 2019,103,Power of National Commission to make regulations .,"Power of National Commission to make regulations .—(1) The National Commission may, with the previous approval of the Central Government, by notification, make regulations not inconsistent with this Act to provide for all matters for which provision is necessary or expedient for the purpose of giving effect to the provisions of this Act. (2) In particular, and without prejudice to the generality of the foregoing power, such regulations may make provisions for— (a) the costs for adjournment to be imposed by the District Commission under the second proviso to sub-section (7) of section 38; (b) the costs for adjournment to be imposed by the State Commission or the National Commission, as the case may be, under the second proviso to section 52; (c) the maintenance of any other information by the consumer mediation cell under sub-section (4) of section 74; (d) the manner of submission of quarterly report by consumer mediation cell to the District Commission, the State Commission or the National Commission under sub -section ( 5) of section 74; (e) the qualifications and experience required for empanelment as mediator, the procedure for empanelment, the manner of training empanelled mediators, the fee payable to empanelled mediator, the terms and conditions for empanelment, the code of conduct for empanelled mediators, the grounds on which, and the manner in which, empanelled mediators shall be removed or empanelment shall be cancelled and the other matters relating thereto under sub -section ( 2) of section 75; (f) the conditions for re -empanelment of mediators for another term under sub -section ( 3) of section 75; (g) the other facts to be disclosed by mediators under clause (c) of section 77; (h) the time within which, and the manner in which, mediation may be conducted under sub-section (3) of section 79; and (i) such other matter for which provision is to be, or may be, made by regulation.",India,To be verified,,https://www.indiacode.nic.in/,2026-09-12,Candidate—verify
CPA-104,Consumer,"Consumer Protection Act, 2019",Act No. 35 of 2019,104,Power of Central Authority to make regulations .,"Power of Central Authority to make regulations .—(1) The Central Authority may, with the previous approval of the Central Government, by notification, make regulations not inconsistent with this Act, for the purpose of giving effect to the provisions of this Act. (2) In particular, and without prejudice to the generality of the foregoing power, such regulations may provide for all or any of the following matters, namely:— (a) the procedure for engaging experts and professionals and the number of such experts and professionals under sub-section (3) of section 13; (b) the procedure for transaction of business and the allocation of business of the Chief Commissioner and Commissioner under sub-section (1) of section 14; (c) the form, manner and time within which, inquiries or investigation made by the Director-General shall be submitted to the Central Authority under sub -section (5) of section 15; and (d) such other matter for which provision is to be, or may be, made by regulation.",India,To be verified,,https://www.indiacode.nic.in/,2026-09-12,Candidate—verify
CPA-105,Consumer,"Consumer Protection Act, 2019",Act No. 35 of 2019,105,Rules and regulations to be laid before each House of Parliament.,"Rules and regulations to be laid before each House of Parliament.—(1) Every rule and every regulation made under this Act shall be laid, as soon as may be after it is made, before each House of Parliament, while it is in session, for a total period of thirty days which may be comprised in one session or in two or more successive sessions, and if, before the expiry of the session immediately following the session or the successive sessions aforesaid, both Houses agree in making any modification in the rule or regulation or both Houses agree that the rule or regulation shall thereafter have effect only in such modified form or be of no effect, as the case may be; so, however, that any such modification or 41 annulment shall be without prejudice to the validity of anything previously done under that rule or regulation. (2) Every rule made by a State Government under this Act shall be laid as soon as may be after it is made, before the State Legislature.",India,To be verified,,https://www.indiacode.nic.in/,2026-09-12,Candidate—verify
CPA-106,Consumer,"Consumer Protection Act, 2019",Act No. 35 of 2019,106,Power to Remove Difficulties.,"Power to Remove Difficulties.—If any difficulty arises in giving effect to the provisions of this Act, the Central Government may, by order in the Official Gazette, make such provisions not inconsistent with the provisions of this Act as appear to it to be necessary or expedient for removing the difficulty: Provided that no such order shall be made after the expiry of a period of two years fro m the commencement of this Act.",India,To be verified,,https://www.indiacode.nic.in/,2026-09-12,Candidate—verify
CPA-107,Consumer,"Consumer Protection Act, 2019",Act No. 35 of 2019,107,Repeal and savings.,"Repeal and savings.—(1) The Consumer Protection Act, 1986 (68 of 1986) is hereby repealed. (2) Notwithstanding such repeal, anything done or any action taken or purported to have been done or taken under the Act hereby repealed shall, in so far as it is not inconsistent with the provisions of this Act, be deemed to have been done or taken under the corresponding provisions of this Act. (3) The mention of particular matters in sub -section (2) shall not be held to prejudice or affect the general application of section 6 of the General Clauses Act, 1897 (10 of 1897) with regard to the effect of repeal. 42 STATEMENT OF OBJECTS AND REASONS The Consumer Protection Act, 1986 (68 of 1986) was enacted to provide for better protection of the interests of consumers and for the purpose of making provision for establishment of consumer protection councils and other authorities for the settlement of consumer disputes, etc. Although, the working of the consumer dispute redressal agencies has served the purpose to a considerable extent under the said Act, the disposal of cases has not been fast due to various constraints. Several shortcomings have been noticed while administering the various provisions of the said Act.",India,To be verified,,https://www.indiacode.nic.in/,2026-09-12,Candidate—verify
LAW-P-001,Property,"Transfer of Property Act, 1882",4 of 1882,1,Short title . Commencement. Extent.,Short title . Commencement. Extent.,India,To be verified,,https://www.indiacode.nic.in/,2026-09-12,Candidate—verify
LAW-P-002,Property,"Transfer of Property Act, 1882",4 of 1882,2,"Repeal of Acts. Saving of certain enactments, incidents, rights, liabilities, etc.","Repeal of Acts. Saving of certain enactments, incidents, rights, liabilities, etc.",India,To be verified,,https://www.indiacode.nic.in/,2026-09-12,Candidate—verify
LAW-P-003,Property,"Transfer of Property Act, 1882",4 of 1882,3,Interpretation -clause.,Interpretation -clause.,India,To be verified,,https://www.indiacode.nic.in/,2026-09-12,Candidate—verify
LAW-P-004,Property,"Transfer of Property Act, 1882",4 of 1882,4,"Enactments relating to contracts to be taken as part of Contract Act and supplemental to the Registration Act. CHAPTER II OF TRANSFERS OF PROPERTY BY ACT OF PARTIES (A) Transfe r of Property, whether moveable or immoveable","Enactments relating to contracts to be taken as part of Contract Act and supplemental to the Registration Act. CHAPTER II OF TRANSFERS OF PROPERTY BY ACT OF PARTIES (A) Transfe r of Property, whether moveable or immoveable",India,To be verified,,https://www.indiacode.nic.in/,2026-09-12,Candidate—verify
LAW-P-005,Property,"Transfer of Property Act, 1882",4 of 1882,5,“Transfer of property” defined.,“Transfer of property” defined.,India,To be verified,,https://www.indiacode.nic.in/,2026-09-12,Candidate—verify
LAW-P-006,Property,"Transfer of Property Act, 1882",4 of 1882,6,What may be transferred.,What may be transferred.,India,To be verified,,https://www.indiacode.nic.in/,2026-09-12,Candidate—verify
LAW-P-007,Property,"Transfer of Property Act, 1882",4 of 1882,7,Persons competent to transfer.,Persons competent to transfer.,India,To be verified,,https://www.indiacode.nic.in/,2026-09-12,Candidate—verify
LAW-P-008,Property,"Transfer of Property Act, 1882",4 of 1882,8,Operation of transfer.,Operation of transfer.,India,To be verified,,https://www.indiacode.nic.in/,2026-09-12,Candidate—verify
LAW-P-009,Property,"Transfer of Property Act, 1882",4 of 1882,9,Oral transfer.,Oral transfer.,India,To be verified,,https://www.indiacode.nic.in/,2026-09-12,Candidate—verify
LAW-P-010,Property,"Transfer of Property Act, 1882",4 of 1882,10,Condition restraining alienation.,Condition restraining alienation.,India,To be verified,,https://www.indiacode.nic.in/,2026-09-12,Candidate—verify
LAW-P-011,Property,"Transfer of Property Act, 1882",4 of 1882,11,Restriction repugnant to interest cleated.,Restriction repugnant to interest cleated.,India,To be verified,,https://www.indiacode.nic.in/,2026-09-12,Candidate—verify
LAW-P-012,Property,"Transfer of Property Act, 1882",4 of 1882,12,Condition making interest determinable on insolvency or attempted alienation.,Condition making interest determinable on insolvency or attempted alienation.,India,To be verified,,https://www.indiacode.nic.in/,2026-09-12,Candidate—verify
LAW-P-013,Property,"Transfer of Property Act, 1882",4 of 1882,13,Transfer for benefit of unborn person.,Transfer for benefit of unborn person.,India,To be verified,,https://www.indiacode.nic.in/,2026-09-12,Candidate—verify
LAW-P-014,Property,"Transfer of Property Act, 1882",4 of 1882,14,Rule against perpetuity.,Rule against perpetuity.,India,To be verified,,https://www.indiacode.nic.in/,2026-09-12,Candidate—verify
LAW-P-015,Property,"Transfer of Property Act, 1882",4 of 1882,15,Transfer to class some of whom come under sections 13 and 14.,Transfer to class some of whom come under sections 13 and 14.,India,To be verified,,https://www.indiacode.nic.in/,2026-09-12,Candidate—verify
LAW-P-016,Property,"Transfer of Property Act, 1882",4 of 1882,16,Transfer to take effect on failure of prior interes t.,Transfer to take effect on failure of prior interes t.,India,To be verified,,https://www.indiacode.nic.in/,2026-09-12,Candidate—verify
LAW-P-017,Property,"Transfer of Property Act, 1882",4 of 1882,17,Direction for accumulation.,Direction for accumulation.,India,To be verified,,https://www.indiacode.nic.in/,2026-09-12,Candidate—verify
LAW-P-018,Property,"Transfer of Property Act, 1882",4 of 1882,18,Transfer in perpetuity for benefit of public.,Transfer in perpetuity for benefit of public.,India,To be verified,,https://www.indiacode.nic.in/,2026-09-12,Candidate—verify
LAW-P-019,Property,"Transfer of Property Act, 1882",4 of 1882,19,Vested interest.,Vested interest.,India,To be verified,,https://www.indiacode.nic.in/,2026-09-12,Candidate—verify
LAW-P-020,Property,"Transfer of Property Act, 1882",4 of 1882,20,When unborn person acquires vested interest on transfer for his benefit.,When unborn person acquires vested interest on transfer for his benefit.,India,To be verified,,https://www.indiacode.nic.in/,2026-09-12,Candidate—verify
LAW-P-021,Property,"Transfer of Property Act, 1882",4 of 1882,21,Conting ent interest. IndiaCode 2 SECTIONS,Conting ent interest. IndiaCode 2 SECTIONS,India,To be verified,,https://www.indiacode.nic.in/,2026-09-12,Candidate—verify
LAW-P-022,Property,"Transfer of Property Act, 1882",4 of 1882,22,Transfer to members of a class who attain a particular age.,Transfer to members of a class who attain a particular age.,India,To be verified,,https://www.indiacode.nic.in/,2026-09-12,Candidate—verify
LAW-P-023,Property,"Transfer of Property Act, 1882",4 of 1882,23,Transfer contingent on happening of specified uncertain event.,Transfer contingent on happening of specified uncertain event.,India,To be verified,,https://www.indiacode.nic.in/,2026-09-12,Candidate—verify
LAW-P-024,Property,"Transfer of Property Act, 1882",4 of 1882,24,Transfer to such of certain persons as survive at some period not specified.,Transfer to such of certain persons as survive at some period not specified.,India,To be verified,,https://www.indiacode.nic.in/,2026-09-12,Candidate—verify
LAW-P-025,Property,"Transfer of Property Act, 1882",4 of 1882,25,Conditional transfer.,Conditional transfer.,India,To be verified,,https://www.indiacode.nic.in/,2026-09-12,Candidate—verify
LAW-P-026,Property,"Transfer of Property Act, 1882",4 of 1882,26,Fulfilment of condition precedent.,Fulfilment of condition precedent.,India,To be verified,,https://www.indiacode.nic.in/,2026-09-12,Candidate—verify
LAW-P-027,Property,"Transfer of Property Act, 1882",4 of 1882,27,Conditional transfer to one person coupled with transfer to another on failure of prior disposition.,Conditional transfer to one person coupled with transfer to another on failure of prior disposition.,India,To be verified,,https://www.indiacode.nic.in/,2026-09-12,Candidate—verify
LAW-P-028,Property,"Transfer of Property Act, 1882",4 of 1882,28,Ulterior transfer conditional on happening or not happening of specified event.,Ulterior transfer conditional on happening or not happening of specified event.,India,To be verified,,https://www.indiacode.nic.in/,2026-09-12,Candidate—verify
LAW-P-029,Property,"Transfer of Property Act, 1882",4 of 1882,29,Fulfilment of condition subsequent.,Fulfilment of condition subsequent.,India,To be verified,,https://www.indiacode.nic.in/,2026-09-12,Candidate—verify
LAW-P-030,Property,"Transfer of Property Act, 1882",4 of 1882,30,Prior disposition not affected by inva lidity of ulterior disp osition.,Prior disposition not affected by inva lidity of ulterior disp osition.,India,To be verified,,https://www.indiacode.nic.in/,2026-09-12,Candidate—verify
LAW-P-031,Property,"Transfer of Property Act, 1882",4 of 1882,31,Condition that transfer shall cease to have effect in case specified uncertain event happens or does not happen.,Condition that transfer shall cease to have effect in case specified uncertain event happens or does not happen.,India,To be verified,,https://www.indiacode.nic.in/,2026-09-12,Candidate—verify
LAW-P-032,Property,"Transfer of Property Act, 1882",4 of 1882,32,Such condition must not be invalid.,Such condition must not be invalid.,India,To be verified,,https://www.indiacode.nic.in/,2026-09-12,Candidate—verify
LAW-P-033,Property,"Transfer of Property Act, 1882",4 of 1882,33,"Transfer conditional on performance of act, no time being specified for per formance.","Transfer conditional on performance of act, no time being specified for per formance.",India,To be verified,,https://www.indiacode.nic.in/,2026-09-12,Candidate—verify
LAW-P-034,Property,"Transfer of Property Act, 1882",4 of 1882,34,"Transfer conditional on performance of act, time being specified. Election","Transfer conditional on performance of act, time being specified. Election",India,To be verified,,https://www.indiacode.nic.in/,2026-09-12,Candidate—verify
LAW-P-035,Property,"Transfer of Property Act, 1882",4 of 1882,35,Election when necessary. Apportionment,Election when necessary. Apportionment,India,To be verified,,https://www.indiacode.nic.in/,2026-09-12,Candidate—verify
LAW-P-036,Property,"Transfer of Property Act, 1882",4 of 1882,36,Apportionment of periodical payments on determination of interest of person entitled.,Apportionment of periodical payments on determination of interest of person entitled.,India,To be verified,,https://www.indiacode.nic.in/,2026-09-12,Candidate—verify
LAW-P-037,Property,"Transfer of Property Act, 1882",4 of 1882,37,Apportionment of benefit of obligation on severance. (B) Transfer of Immoveable Property,Apportionment of benefit of obligation on severance. (B) Transfer of Immoveable Property,India,To be verified,,https://www.indiacode.nic.in/,2026-09-12,Candidate—verify
LAW-P-038,Property,"Transfer of Property Act, 1882",4 of 1882,38,Transfer by person authori sed only under certain circumstances to transfer.,Transfer by person authori sed only under certain circumstances to transfer.,India,To be verified,,https://www.indiacode.nic.in/,2026-09-12,Candidate—verify
LAW-P-039,Property,"Transfer of Property Act, 1882",4 of 1882,39,Transfer where third person is entitled to maintenance.,Transfer where third person is entitled to maintenance.,India,To be verified,,https://www.indiacode.nic.in/,2026-09-12,Candidate—verify
LAW-P-040,Property,"Transfer of Property Act, 1882",4 of 1882,40,Burden of obligation imposing restriction on use of land or of obligation annexed to ownership but not amounting to interest or easement.,Burden of obligation imposing restriction on use of land or of obligation annexed to ownership but not amounting to interest or easement.,India,To be verified,,https://www.indiacode.nic.in/,2026-09-12,Candidate—verify
LAW-P-041,Property,"Transfer of Property Act, 1882",4 of 1882,41,Transfer by ostensible owner.,Transfer by ostensible owner.,India,To be verified,,https://www.indiacode.nic.in/,2026-09-12,Candidate—verify
LAW-P-042,Property,"Transfer of Property Act, 1882",4 of 1882,42,Transfer by person having authority to revoke former transfer.,Transfer by person having authority to revoke former transfer.,India,To be verified,,https://www.indiacode.nic.in/,2026-09-12,Candidate—verify
LAW-P-043,Property,"Transfer of Property Act, 1882",4 of 1882,43,Transfer by unauthori sed person who subsequently acquires interest in property transferred.,Transfer by unauthori sed person who subsequently acquires interest in property transferred.,India,To be verified,,https://www.indiacode.nic.in/,2026-09-12,Candidate—verify
LAW-P-044,Property,"Transfer of Property Act, 1882",4 of 1882,44,Transfe r by one co -owner.,Transfe r by one co -owner.,India,To be verified,,https://www.indiacode.nic.in/,2026-09-12,Candidate—verify
LAW-P-045,Property,"Transfer of Property Act, 1882",4 of 1882,45,Joint transfer for consideration.,Joint transfer for consideration.,India,To be verified,,https://www.indiacode.nic.in/,2026-09-12,Candidate—verify
LAW-P-046,Property,"Transfer of Property Act, 1882",4 of 1882,46,Transfer for consideration by persons having distinct interests.,Transfer for consideration by persons having distinct interests.,India,To be verified,,https://www.indiacode.nic.in/,2026-09-12,Candidate—verify
LAW-P-047,Property,"Transfer of Property Act, 1882",4 of 1882,47,Transfer by co -owners of share in common property.,Transfer by co -owners of share in common property.,India,To be verified,,https://www.indiacode.nic.in/,2026-09-12,Candidate—verify
LAW-P-048,Property,"Transfer of Property Act, 1882",4 of 1882,48,Priority of rights created by transfer.,Priority of rights created by transfer.,India,To be verified,,https://www.indiacode.nic.in/,2026-09-12,Candidate—verify
LAW-P-049,Property,"Transfer of Property Act, 1882",4 of 1882,49,Transferee's right under policy.,Transferee's right under policy.,India,To be verified,,https://www.indiacode.nic.in/,2026-09-12,Candidate—verify
LAW-P-050,Property,"Transfer of Property Act, 1882",4 of 1882,50,Rent bona fide paid to holder under defective title. IndiaCode 3 SECTIONS,Rent bona fide paid to holder under defective title. IndiaCode 3 SECTIONS,India,To be verified,,https://www.indiacode.nic.in/,2026-09-12,Candidate—verify
LAW-P-051,Property,"Transfer of Property Act, 1882",4 of 1882,51,Improvements made by bona fide holders under defective titles.,Improvements made by bona fide holders under defective titles.,India,To be verified,,https://www.indiacode.nic.in/,2026-09-12,Candidate—verify
LAW-P-052,Property,"Transfer of Property Act, 1882",4 of 1882,52,Transfer of property pending suit relating thereto.,Transfer of property pending suit relating thereto.,India,To be verified,,https://www.indiacode.nic.in/,2026-09-12,Candidate—verify
LAW-P-053,Property,"Transfer of Property Act, 1882",4 of 1882,53,Fraudulent transfer. 53A. Part performance. CHAPTER III OF SALES OF IMMOVEABLE PROPERTY,Fraudulent transfer. 53A. Part performance. CHAPTER III OF SALES OF IMMOVEABLE PROPERTY,India,To be verified,,https://www.indiacode.nic.in/,2026-09-12,Candidate—verify
LAW-P-054,Property,"Transfer of Property Act, 1882",4 of 1882,54,“Sale” defined. Sale how made. Contract for sale.,“Sale” defined. Sale how made. Contract for sale.,India,To be verified,,https://www.indiacode.nic.in/,2026-09-12,Candidate—verify
LAW-P-055,Property,"Transfer of Property Act, 1882",4 of 1882,55,Rights and liabilities of buyer and seller.,Rights and liabilities of buyer and seller.,India,To be verified,,https://www.indiacode.nic.in/,2026-09-12,Candidate—verify
LAW-P-056,Property,"Transfer of Property Act, 1882",4 of 1882,56,Marshalling by subsequent purchaser. Discharge of Incumbrances on Sale,Marshalling by subsequent purchaser. Discharge of Incumbrances on Sale,India,To be verified,,https://www.indiacode.nic.in/,2026-09-12,Candidate—verify
LAW-P-057,Property,"Transfer of Property Act, 1882",4 of 1882,57,Provision by Court for incumbranc es and sale freed therefrom. CHAPTER IV OF MORTGAGES OF IMMOVEABLE PROPERTY AND CHARGES,Provision by Court for incumbranc es and sale freed therefrom. CHAPTER IV OF MORTGAGES OF IMMOVEABLE PROPERTY AND CHARGES,India,To be verified,,https://www.indiacode.nic.in/,2026-09-12,Candidate—verify
LAW-P-058,Property,"Transfer of Property Act, 1882",4 of 1882,58,"“Mortgage ”, “mortgagor ”, “mortgagee ”, “mortgage -money ”and “mortgage - deed ”defined. Simple mortgage. Mortgage by conditional sale. Usufructuary mortgage. English mortgage. Mortgage by deposit of title -deeds. Anomalous mortgage.","“Mortgage ”, “mortgagor ”, “mortgagee ”, “mortgage -money ”and “mortgage - deed ”defined. Simple mortgage. Mortgage by conditional sale. Usufructuary mortgage. English mortgage. Mortgage by deposit of title -deeds. Anomalous mortgage.",India,To be verified,,https://www.indiacode.nic.in/,2026-09-12,Candidate—verify
LAW-P-059,Property,"Transfer of Property Act, 1882",4 of 1882,59,Mortgage when to be by assurance. 59A. References to mortgagors and mortgagees to include persons deriving title from them. Rights and Liabilities of Mortgagor,Mortgage when to be by assurance. 59A. References to mortgagors and mortgagees to include persons deriving title from them. Rights and Liabilities of Mortgagor,India,To be verified,,https://www.indiacode.nic.in/,2026-09-12,Candidate—verify
LAW-P-060,Property,"Transfer of Property Act, 1882",4 of 1882,60,Right of mortgagor to redeem. Redemption of portion of mortgaged property. 60A. Obligation to transfer to third party instead of re -tran sference to mortgagor. 60B. Right to inspection and production of documents.,Right of mortgagor to redeem. Redemption of portion of mortgaged property. 60A. Obligation to transfer to third party instead of re -tran sference to mortgagor. 60B. Right to inspection and production of documents.,India,To be verified,,https://www.indiacode.nic.in/,2026-09-12,Candidate—verify
LAW-P-061,Property,"Transfer of Property Act, 1882",4 of 1882,61,Right to redeem separately or simultaneously.,Right to redeem separately or simultaneously.,India,To be verified,,https://www.indiacode.nic.in/,2026-09-12,Candidate—verify
LAW-P-062,Property,"Transfer of Property Act, 1882",4 of 1882,62,Right of usufructuary mortgagor to recover possession.,Right of usufructuary mortgagor to recover possession.,India,To be verified,,https://www.indiacode.nic.in/,2026-09-12,Candidate—verify
LAW-P-063,Property,"Transfer of Property Act, 1882",4 of 1882,63,Accession to mortgaged property. Accession acquired in virtue of transferred ownership. IndiaCode 4 SECTIONS 63A. Improvements to mortgaged property.,Accession to mortgaged property. Accession acquired in virtue of transferred ownership. IndiaCode 4 SECTIONS 63A. Improvements to mortgaged property.,India,To be verified,,https://www.indiacode.nic.in/,2026-09-12,Candidate—verify
LAW-P-064,Property,"Transfer of Property Act, 1882",4 of 1882,64,Renewal of mortgaged lease.,Renewal of mortgaged lease.,India,To be verified,,https://www.indiacode.nic.in/,2026-09-12,Candidate—verify
LAW-P-065,Property,"Transfer of Property Act, 1882",4 of 1882,65,Implied contracts by mortgagor. 65A. Mortgagor’s power to lease.,Implied contracts by mortgagor. 65A. Mortgagor’s power to lease.,India,To be verified,,https://www.indiacode.nic.in/,2026-09-12,Candidate—verify
LAW-P-066,Property,"Transfer of Property Act, 1882",4 of 1882,66,Waste by mortgagor in possession. Rights and liabilities of Mortgagee,Waste by mortgagor in possession. Rights and liabilities of Mortgagee,India,To be verified,,https://www.indiacode.nic.in/,2026-09-12,Candidate—verify
LAW-P-067,Property,"Transfer of Property Act, 1882",4 of 1882,67,Right to foreclosure or sale. 67A. Mortgagee when bound to bring one suit on several mortgages.,Right to foreclosure or sale. 67A. Mortgagee when bound to bring one suit on several mortgages.,India,To be verified,,https://www.indiacode.nic.in/,2026-09-12,Candidate—verify
LAW-P-068,Property,"Transfer of Property Act, 1882",4 of 1882,68,Right to sue for mortgage -money.,Right to sue for mortgage -money.,India,To be verified,,https://www.indiacode.nic.in/,2026-09-12,Candidate—verify
LAW-P-069,Property,"Transfer of Property Act, 1882",4 of 1882,69,Power of sale when valid. 69A. Appointment of receiver.,Power of sale when valid. 69A. Appointment of receiver.,India,To be verified,,https://www.indiacode.nic.in/,2026-09-12,Candidate—verify
LAW-P-070,Property,"Transfer of Property Act, 1882",4 of 1882,70,Accession to mortgaged property.,Accession to mortgaged property.,India,To be verified,,https://www.indiacode.nic.in/,2026-09-12,Candidate—verify
LAW-P-071,Property,"Transfer of Property Act, 1882",4 of 1882,71,Renewal of mortgaged lease.,Renewal of mortgaged lease.,India,To be verified,,https://www.indiacode.nic.in/,2026-09-12,Candidate—verify
LAW-P-072,Property,"Transfer of Property Act, 1882",4 of 1882,72,Rights of mortgagee in possession.,Rights of mortgagee in possession.,India,To be verified,,https://www.indiacode.nic.in/,2026-09-12,Candidate—verify
LAW-P-073,Property,"Transfer of Property Act, 1882",4 of 1882,73,Right to proceeds of revenue sale or compensation on acquisition.,Right to proceeds of revenue sale or compensation on acquisition.,India,To be verified,,https://www.indiacode.nic.in/,2026-09-12,Candidate—verify
LAW-P-074,Property,"Transfer of Property Act, 1882",4 of 1882,74,[Repealed.].,[Repealed.].,India,To be verified,,https://www.indiacode.nic.in/,2026-09-12,Candidate—verify
LAW-P-075,Property,"Transfer of Property Act, 1882",4 of 1882,75,[Repealed.].,[Repealed.].,India,To be verified,,https://www.indiacode.nic.in/,2026-09-12,Candidate—verify
LAW-P-076,Property,"Transfer of Property Act, 1882",4 of 1882,76,Liabilities of mortgagee in possession. Loss occasioned by his defa ult.,Liabilities of mortgagee in possession. Loss occasioned by his defa ult.,India,To be verified,,https://www.indiacode.nic.in/,2026-09-12,Candidate—verify
LAW-P-077,Property,"Transfer of Property Act, 1882",4 of 1882,77,Receipts in lieu of interests. Priority,Receipts in lieu of interests. Priority,India,To be verified,,https://www.indiacode.nic.in/,2026-09-12,Candidate—verify
LAW-P-078,Property,"Transfer of Property Act, 1882",4 of 1882,78,Postponement of prior mortgagee.,Postponement of prior mortgagee.,India,To be verified,,https://www.indiacode.nic.in/,2026-09-12,Candidate—verify
LAW-P-079,Property,"Transfer of Property Act, 1882",4 of 1882,79,Mortgage to secure uncertain amount when maximum is expressed.,Mortgage to secure uncertain amount when maximum is expressed.,India,To be verified,,https://www.indiacode.nic.in/,2026-09-12,Candidate—verify
LAW-P-080,Property,"Transfer of Property Act, 1882",4 of 1882,80,[Repealed.]. Marshalling and Contribution,[Repealed.]. Marshalling and Contribution,India,To be verified,,https://www.indiacode.nic.in/,2026-09-12,Candidate—verify
LAW-P-081,Property,"Transfer of Property Act, 1882",4 of 1882,81,Marshalling securities.,Marshalling securities.,India,To be verified,,https://www.indiacode.nic.in/,2026-09-12,Candidate—verify
LAW-P-082,Property,"Transfer of Property Act, 1882",4 of 1882,82,Contribution to mortgage-debt. Deposit in Court,Contribution to mortgage-debt. Deposit in Court,India,To be verified,,https://www.indiacode.nic.in/,2026-09-12,Candidate—verify
LAW-P-083,Property,"Transfer of Property Act, 1882",4 of 1882,83,Power to deposit in Court money due on mortgage. Right to money deposited by mortgagor.,Power to deposit in Court money due on mortgage. Right to money deposited by mortgagor.,India,To be verified,,https://www.indiacode.nic.in/,2026-09-12,Candidate—verify
LAW-P-084,Property,"Transfer of Property Act, 1882",4 of 1882,84,"Cessation of interest. Suits for Foreclosure, Sale or Redemption","Cessation of interest. Suits for Foreclosure, Sale or Redemption",India,To be verified,,https://www.indiacode.nic.in/,2026-09-12,Candidate—verify
LAW-P-085,Property,"Transfer of Property Act, 1882",4 of 1882,85,[Repealed. ]. Foreclosure and Sale,[Repealed. ]. Foreclosure and Sale,India,To be verified,,https://www.indiacode.nic.in/,2026-09-12,Candidate—verify
LAW-P-086,Property,"Transfer of Property Act, 1882",4 of 1882,86,[Repealed .].,[Repealed .].,India,To be verified,,https://www.indiacode.nic.in/,2026-09-12,Candidate—verify
LAW-P-087,Property,"Transfer of Property Act, 1882",4 of 1882,87,[Repealed .].,[Repealed .].,India,To be verified,,https://www.indiacode.nic.in/,2026-09-12,Candidate—verify
LAW-P-088,Property,"Transfer of Property Act, 1882",4 of 1882,88,[Repealed .]. IndiaCode 5 SECTIONS,[Repealed .]. IndiaCode 5 SECTIONS,India,To be verified,,https://www.indiacode.nic.in/,2026-09-12,Candidate—verify
LAW-P-089,Property,"Transfer of Property Act, 1882",4 of 1882,89,[Repealed .].,[Repealed .].,India,To be verified,,https://www.indiacode.nic.in/,2026-09-12,Candidate—verify
LAW-P-090,Property,"Transfer of Property Act, 1882",4 of 1882,90,[Repealed .]. Redemption,[Repealed .]. Redemption,India,To be verified,,https://www.indiacode.nic.in/,2026-09-12,Candidate—verify
LAW-P-091,Property,"Transfer of Property Act, 1882",4 of 1882,91,Persons who may sue for redemption.,Persons who may sue for redemption.,India,To be verified,,https://www.indiacode.nic.in/,2026-09-12,Candidate—verify
LAW-P-092,Property,"Transfer of Property Act, 1882",4 of 1882,92,Subrogation.,Subrogation.,India,To be verified,,https://www.indiacode.nic.in/,2026-09-12,Candidate—verify
LAW-P-093,Property,"Transfer of Property Act, 1882",4 of 1882,93,Prohibition of tacking .,Prohibition of tacking .,India,To be verified,,https://www.indiacode.nic.in/,2026-09-12,Candidate—verify
LAW-P-094,Property,"Transfer of Property Act, 1882",4 of 1882,94,Right s of mesne mortgagee .,Right s of mesne mortgagee .,India,To be verified,,https://www.indiacode.nic.in/,2026-09-12,Candidate—verify
LAW-P-095,Property,"Transfer of Property Act, 1882",4 of 1882,95,Right of redeeming co -mortgagor to expenses.,Right of redeeming co -mortgagor to expenses.,India,To be verified,,https://www.indiacode.nic.in/,2026-09-12,Candidate—verify
LAW-P-096,Property,"Transfer of Property Act, 1882",4 of 1882,96,Mortgage by deposit of title -deeds.,Mortgage by deposit of title -deeds.,India,To be verified,,https://www.indiacode.nic.in/,2026-09-12,Candidate—verify
LAW-P-097,Property,"Transfer of Property Act, 1882",4 of 1882,97,[Repealed.]. Anomalous Mortgages,[Repealed.]. Anomalous Mortgages,India,To be verified,,https://www.indiacode.nic.in/,2026-09-12,Candidate—verify
LAW-P-098,Property,"Transfer of Property Act, 1882",4 of 1882,98,Rights and liabilities of parties to anomalous mortgages.,Rights and liabilities of parties to anomalous mortgages.,India,To be verified,,https://www.indiacode.nic.in/,2026-09-12,Candidate—verify
LAW-P-099,Property,"Transfer of Property Act, 1882",4 of 1882,99,[Repealed.]. Charges,[Repealed.]. Charges,India,To be verified,,https://www.indiacode.nic.in/,2026-09-12,Candidate—verify
LAW-P-100,Property,"Transfer of Property Act, 1882",4 of 1882,100,Charges.,Charges.,India,To be verified,,https://www.indiacode.nic.in/,2026-09-12,Candidate—verify
LAW-P-101,Property,"Transfer of Property Act, 1882",4 of 1882,101,No merger in case of subsequent encumbrance. Notice and Tender,No merger in case of subsequent encumbrance. Notice and Tender,India,To be verified,,https://www.indiacode.nic.in/,2026-09-12,Candidate—verify
LAW-P-102,Property,"Transfer of Property Act, 1882",4 of 1882,102,Service or tender on or to agent.,Service or tender on or to agent.,India,To be verified,,https://www.indiacode.nic.in/,2026-09-12,Candidate—verify
LAW-P-103,Property,"Transfer of Property Act, 1882",4 of 1882,103,"Notice, etc., to or by person incompetent to contract.","Notice, etc., to or by person incompetent to contract.",India,To be verified,,https://www.indiacode.nic.in/,2026-09-12,Candidate—verify
LAW-P-104,Property,"Transfer of Property Act, 1882",4 of 1882,104,Power to make rules. CHAPTER V OF LEASES OF IMMOVEABLE PROPERTY,Power to make rules. CHAPTER V OF LEASES OF IMMOVEABLE PROPERTY,India,To be verified,,https://www.indiacode.nic.in/,2026-09-12,Candidate—verify
LAW-P-105,Property,"Transfer of Property Act, 1882",4 of 1882,105,"Lease defined. Lessor, lessee, premium and rent defined.","Lease defined. Lessor, lessee, premium and rent defined.",India,To be verified,,https://www.indiacode.nic.in/,2026-09-12,Candidate—verify
LAW-P-106,Property,"Transfer of Property Act, 1882",4 of 1882,106,Duration of certain leases in absence of written contract or local usage.,Duration of certain leases in absence of written contract or local usage.,India,To be verified,,https://www.indiacode.nic.in/,2026-09-12,Candidate—verify
LAW-P-107,Property,"Transfer of Property Act, 1882",4 of 1882,107,Leases how made.,Leases how made.,India,To be verified,,https://www.indiacode.nic.in/,2026-09-12,Candidate—verify
LAW-P-108,Property,"Transfer of Property Act, 1882",4 of 1882,108,Rights and liabilities of lessor and lessee. A.,Rights and liabilities of lessor and lessee. A.—Rights and liabilities of the lessor. B.—Rights and liabilities of the lessee.,India,To be verified,,https://www.indiacode.nic.in/,2026-09-12,Candidate—verify
LAW-P-109,Property,"Transfer of Property Act, 1882",4 of 1882,109,Rights of lessor ’s transferee.,Rights of lessor ’s transferee.,India,To be verified,,https://www.indiacode.nic.in/,2026-09-12,Candidate—verify
LAW-P-110,Property,"Transfer of Property Act, 1882",4 of 1882,110,Exclusion of day on which term commences. Duration of lease for a year. Option to determine lease.,Exclusion of day on which term commences. Duration of lease for a year. Option to determine lease.,India,To be verified,,https://www.indiacode.nic.in/,2026-09-12,Candidate—verify
LAW-P-111,Property,"Transfer of Property Act, 1882",4 of 1882,111,Determination of lease.,Determination of lease.,India,To be verified,,https://www.indiacode.nic.in/,2026-09-12,Candidate—verify
LAW-P-112,Property,"Transfer of Property Act, 1882",4 of 1882,112,Waiver of forfeiture.,Waiver of forfeiture.,India,To be verified,,https://www.indiacode.nic.in/,2026-09-12,Candidate—verify
LAW-P-113,Property,"Transfer of Property Act, 1882",4 of 1882,113,Waiver of notice to quit.,Waiver of notice to quit.,India,To be verified,,https://www.indiacode.nic.in/,2026-09-12,Candidate—verify
LAW-P-114,Property,"Transfer of Property Act, 1882",4 of 1882,114,Relief against forfeiture for non-payment of rent. IndiaCode 6 SECTIONS 114A. Relief against forfeiture in certain other cases.,Relief against forfeiture for non-payment of rent. IndiaCode 6 SECTIONS 114A. Relief against forfeiture in certain other cases.,India,To be verified,,https://www.indiacode.nic.in/,2026-09-12,Candidate—verify
LAW-P-115,Property,"Transfer of Property Act, 1882",4 of 1882,115,Effect of surrender and forfeiture on under -leases.,Effect of surrender and forfeiture on under -leases.,India,To be verified,,https://www.indiacode.nic.in/,2026-09-12,Candidate—verify
LAW-P-116,Property,"Transfer of Property Act, 1882",4 of 1882,116,Effect of holding over.,Effect of holding over.,India,To be verified,,https://www.indiacode.nic.in/,2026-09-12,Candidate—verify
LAW-P-117,Property,"Transfer of Property Act, 1882",4 of 1882,117,Exemption of leases for agricultural purposes. CHAPTER VI OF EXCHANGES,Exemption of leases for agricultural purposes. CHAPTER VI OF EXCHANGES,India,To be verified,,https://www.indiacode.nic.in/,2026-09-12,Candidate—verify
LAW-P-118,Property,"Transfer of Property Act, 1882",4 of 1882,118,“Exchange ” defined.,“Exchange ” defined.,India,To be verified,,https://www.indiacode.nic.in/,2026-09-12,Candidate—verify
LAW-P-119,Property,"Transfer of Property Act, 1882",4 of 1882,119,Right of party deprived of thing received in exchange.,Right of party deprived of thing received in exchange.,India,To be verified,,https://www.indiacode.nic.in/,2026-09-12,Candidate—verify
LAW-P-120,Property,"Transfer of Property Act, 1882",4 of 1882,120,Rights and liabilities of parties.,Rights and liabilities of parties.,India,To be verified,,https://www.indiacode.nic.in/,2026-09-12,Candidate—verify
LAW-P-121,Property,"Transfer of Property Act, 1882",4 of 1882,121,Exchange of money. CHAPTER VII OF GIFTS,Exchange of money. CHAPTER VII OF GIFTS,India,To be verified,,https://www.indiacode.nic.in/,2026-09-12,Candidate—verify
LAW-P-122,Property,"Transfer of Property Act, 1882",4 of 1882,122,“Gift ” defined. Acceptance when to be made.,“Gift ” defined. Acceptance when to be made.,India,To be verified,,https://www.indiacode.nic.in/,2026-09-12,Candidate—verify
LAW-P-123,Property,"Transfer of Property Act, 1882",4 of 1882,123,Transfer how effected.,Transfer how effected.,India,To be verified,,https://www.indiacode.nic.in/,2026-09-12,Candidate—verify
LAW-P-124,Property,"Transfer of Property Act, 1882",4 of 1882,124,Gift of existing and future property.,Gift of existing and future property.,India,To be verified,,https://www.indiacode.nic.in/,2026-09-12,Candidate—verify
LAW-P-125,Property,"Transfer of Property Act, 1882",4 of 1882,125,"Gift to several, of whom one does not accept.","Gift to several, of whom one does not accept.",India,To be verified,,https://www.indiacode.nic.in/,2026-09-12,Candidate—verify
LAW-P-126,Property,"Transfer of Property Act, 1882",4 of 1882,126,When gift may be suspended or revoked.,When gift may be suspended or revoked.,India,To be verified,,https://www.indiacode.nic.in/,2026-09-12,Candidate—verify
LAW-P-127,Property,"Transfer of Property Act, 1882",4 of 1882,127,Onerous gifts. Onerous gift to disqualified person.,Onerous gifts. Onerous gift to disqualified person.,India,To be verified,,https://www.indiacode.nic.in/,2026-09-12,Candidate—verify
LAW-P-128,Property,"Transfer of Property Act, 1882",4 of 1882,128,Universal donee.,Universal donee.,India,To be verified,,https://www.indiacode.nic.in/,2026-09-12,Candidate—verify
LAW-P-129,Property,"Transfer of Property Act, 1882",4 of 1882,129,Saving of donations mortis causa and Muhammadan law. CHAPTER VIII OF TRANSFERS OF ACTIONABLE CLAIMS,Saving of donations mortis causa and Muhammadan law. CHAPTER VIII OF TRANSFERS OF ACTIONABLE CLAIMS,India,To be verified,,https://www.indiacode.nic.in/,2026-09-12,Candidate—verify
LAW-P-130,Property,"Transfer of Property Act, 1882",4 of 1882,130,Transfer of actionable claim. 130A. [Repealed.].,Transfer of actionable claim. 130A. [Repealed.].,India,To be verified,,https://www.indiacode.nic.in/,2026-09-12,Candidate—verify
LAW-P-131,Property,"Transfer of Property Act, 1882",4 of 1882,131,"Notice to be in writing, signed.","Notice to be in writing, signed.",India,To be verified,,https://www.indiacode.nic.in/,2026-09-12,Candidate—verify
LAW-P-132,Property,"Transfer of Property Act, 1882",4 of 1882,132,Liability of transferee of actionable claim.,Liability of transferee of actionable claim.,India,To be verified,,https://www.indiacode.nic.in/,2026-09-12,Candidate—verify
LAW-P-133,Property,"Transfer of Property Act, 1882",4 of 1882,133,Warranty of solvency of debtor.,Warranty of solvency of debtor.,India,To be verified,,https://www.indiacode.nic.in/,2026-09-12,Candidate—verify
LAW-P-134,Property,"Transfer of Property Act, 1882",4 of 1882,134,Mortgaged debt.,Mortgaged debt.,India,To be verified,,https://www.indiacode.nic.in/,2026-09-12,Candidate—verify
LAW-P-135,Property,"Transfer of Property Act, 1882",4 of 1882,135,Assignment of rights under policy of insurance against fire. 135A. [Repealed.].,Assignment of rights under policy of insurance against fire. 135A. [Repealed.].,India,To be verified,,https://www.indiacode.nic.in/,2026-09-12,Candidate—verify
LAW-P-136,Property,"Transfer of Property Act, 1882",4 of 1882,136,Incapacity of officers connected with Courts of Justi ce.,Incapacity of officers connected with Courts of Justi ce.,India,To be verified,,https://www.indiacode.nic.in/,2026-09-12,Candidate—verify
LAW-P-137,Property,"Transfer of Property Act, 1882",4 of 1882,137,"Saving of negotiable instruments, etc.","Saving of negotiable instruments, etc.",India,To be verified,,https://www.indiacode.nic.in/,2026-09-12,Candidate—verify
LAW-BNS-001,Criminal Law,"Bharatiya Nyaya Sanhita, 2023",45 of 2023,1,"Short title, commencement and application.","Short title, commencement and application.",India,To be verified,,https://www.indiacode.nic.in/,2026-09-12,Candidate—verify
LAW-BNS-002,Criminal Law,"Bharatiya Nyaya Sanhita, 2023",45 of 2023,2,Definitions.,Definitions.,India,To be verified,,https://www.indiacode.nic.in/,2026-09-12,Candidate—verify
LAW-BNS-003,Criminal Law,"Bharatiya Nyaya Sanhita, 2023",45 of 2023,3,General explanations. CHAPTER II OF PUNISHMENTS,General explanations. CHAPTER II OF PUNISHMENTS,India,To be verified,,https://www.indiacode.nic.in/,2026-09-12,Candidate—verify
LAW-BNS-004,Criminal Law,"Bharatiya Nyaya Sanhita, 2023",45 of 2023,4,Punishments.,Punishments.,India,To be verified,,https://www.indiacode.nic.in/,2026-09-12,Candidate—verify
LAW-BNS-005,Criminal Law,"Bharatiya Nyaya Sanhita, 2023",45 of 2023,5,Commutation of sentence.,Commutation of sentence.,India,To be verified,,https://www.indiacode.nic.in/,2026-09-12,Candidate—verify
LAW-BNS-006,Criminal Law,"Bharatiya Nyaya Sanhita, 2023",45 of 2023,6,Fractions of terms of punishment.,Fractions of terms of punishment.,India,To be verified,,https://www.indiacode.nic.in/,2026-09-12,Candidate—verify
LAW-BNS-007,Criminal Law,"Bharatiya Nyaya Sanhita, 2023",45 of 2023,7,Sentence may be (in certain cases of imprisonment) wholly or partly rigorous or simple.,Sentence may be (in certain cases of imprisonment) wholly or partly rigorous or simple.,India,To be verified,,https://www.indiacode.nic.in/,2026-09-12,Candidate—verify
LAW-BNS-008,Criminal Law,"Bharatiya Nyaya Sanhita, 2023",45 of 2023,8,"Amount of fine, liability in default of payment of fine, etc.","Amount of fine, liability in default of payment of fine, etc.",India,To be verified,,https://www.indiacode.nic.in/,2026-09-12,Candidate—verify
LAW-BNS-009,Criminal Law,"Bharatiya Nyaya Sanhita, 2023",45 of 2023,9,Limit of punishment of offence made up of several offences.,Limit of punishment of offence made up of several offences.,India,To be verified,,https://www.indiacode.nic.in/,2026-09-12,Candidate—verify
LAW-BNS-010,Criminal Law,"Bharatiya Nyaya Sanhita, 2023",45 of 2023,10,"Punishment of person guilty of one of several offences, judgment stating that it is doubtful of which.","Punishment of person guilty of one of several offences, judgment stating that it is doubtful of which.",India,To be verified,,https://www.indiacode.nic.in/,2026-09-12,Candidate—verify
LAW-BNS-011,Criminal Law,"Bharatiya Nyaya Sanhita, 2023",45 of 2023,11,Solitary confinement.,Solitary confinement.,India,To be verified,,https://www.indiacode.nic.in/,2026-09-12,Candidate—verify
LAW-BNS-012,Criminal Law,"Bharatiya Nyaya Sanhita, 2023",45 of 2023,12,Limit of solitary confinement.,Limit of solitary confinement.,India,To be verified,,https://www.indiacode.nic.in/,2026-09-12,Candidate—verify
LAW-BNS-013,Criminal Law,"Bharatiya Nyaya Sanhita, 2023",45 of 2023,13,Enhanced punishment for certain offences after previous conviction. CHAPTER III GENERAL EXCEPTIONS,Enhanced punishment for certain offences after previous conviction. CHAPTER III GENERAL EXCEPTIONS,India,To be verified,,https://www.indiacode.nic.in/,2026-09-12,Candidate—verify
LAW-BNS-014,Criminal Law,"Bharatiya Nyaya Sanhita, 2023",45 of 2023,14,"Act done by a person bound, or by mistake of fact believing himself bound, by law.","Act done by a person bound, or by mistake of fact believing himself bound, by law.",India,To be verified,,https://www.indiacode.nic.in/,2026-09-12,Candidate—verify
LAW-BNS-015,Criminal Law,"Bharatiya Nyaya Sanhita, 2023",45 of 2023,15,Act of Judge when acting judicially.,Act of Judge when acting judicially.,India,To be verified,,https://www.indiacode.nic.in/,2026-09-12,Candidate—verify
LAW-BNS-016,Criminal Law,"Bharatiya Nyaya Sanhita, 2023",45 of 2023,16,Act done pursuant to judgment or order of Court.,Act done pursuant to judgment or order of Court.,India,To be verified,,https://www.indiacode.nic.in/,2026-09-12,Candidate—verify
LAW-BNS-017,Criminal Law,"Bharatiya Nyaya Sanhita, 2023",45 of 2023,17,"Act done by a person justified, or by mistake of fact believing himself justified, by law.","Act done by a person justified, or by mistake of fact believing himself justified, by law.",India,To be verified,,https://www.indiacode.nic.in/,2026-09-12,Candidate—verify
LAW-BNS-018,Criminal Law,"Bharatiya Nyaya Sanhita, 2023",45 of 2023,18,Accident in doing a lawful act.,Accident in doing a lawful act.,India,To be verified,,https://www.indiacode.nic.in/,2026-09-12,Candidate—verify
LAW-BNS-019,Criminal Law,"Bharatiya Nyaya Sanhita, 2023",45 of 2023,19,"Act likely to cause harm, but done without criminal intent, and to prevent other harm.","Act likely to cause harm, but done without criminal intent, and to prevent other harm.",India,To be verified,,https://www.indiacode.nic.in/,2026-09-12,Candidate—verify
LAW-BNS-020,Criminal Law,"Bharatiya Nyaya Sanhita, 2023",45 of 2023,20,Act of a child under seven years of age.,Act of a child under seven years of age.,India,To be verified,,https://www.indiacode.nic.in/,2026-09-12,Candidate—verify
LAW-BNS-021,Criminal Law,"Bharatiya Nyaya Sanhita, 2023",45 of 2023,21,Act of a child above seven and under twelve years of age of immature understanding.,Act of a child above seven and under twelve years of age of immature understanding.,India,To be verified,,https://www.indiacode.nic.in/,2026-09-12,Candidate—verify
LAW-BNS-022,Criminal Law,"Bharatiya Nyaya Sanhita, 2023",45 of 2023,22,Act of a person of unsound mind.,Act of a person of unsound mind.,India,To be verified,,https://www.indiacode.nic.in/,2026-09-12,Candidate—verify
LAW-BNS-023,Criminal Law,"Bharatiya Nyaya Sanhita, 2023",45 of 2023,23,Act of a person incapable of judgment by reason of intoxication caused against his will.,Act of a person incapable of judgment by reason of intoxication caused against his will.,India,To be verified,,https://www.indiacode.nic.in/,2026-09-12,Candidate—verify
LAW-BNS-024,Criminal Law,"Bharatiya Nyaya Sanhita, 2023",45 of 2023,24,Offence requiring a particular intent or knowledge committed by one who is intoxicated. IndiaCode 4 SECTIONS,Offence requiring a particular intent or knowledge committed by one who is intoxicated. IndiaCode 4 SECTIONS,India,To be verified,,https://www.indiacode.nic.in/,2026-09-12,Candidate—verify
LAW-BNS-025,Criminal Law,"Bharatiya Nyaya Sanhita, 2023",45 of 2023,25,"Act not intended and not known to be likely to cause death or grievous hurt, done by consent.","Act not intended and not known to be likely to cause death or grievous hurt, done by consent.",India,To be verified,,https://www.indiacode.nic.in/,2026-09-12,Candidate—verify
LAW-BNS-026,Criminal Law,"Bharatiya Nyaya Sanhita, 2023",45 of 2023,26,"Act not intended to cause death, done by consent in good faith for person's benefit.","Act not intended to cause death, done by consent in good faith for person's benefit.",India,To be verified,,https://www.indiacode.nic.in/,2026-09-12,Candidate—verify
LAW-BNS-027,Criminal Law,"Bharatiya Nyaya Sanhita, 2023",45 of 2023,27,"Act done in good faith for benefit of child or person of unsound mind, by, or by consent of guardian.","Act done in good faith for benefit of child or person of unsound mind, by, or by consent of guardian.",India,To be verified,,https://www.indiacode.nic.in/,2026-09-12,Candidate—verify
LAW-BNS-028,Criminal Law,"Bharatiya Nyaya Sanhita, 2023",45 of 2023,28,Consent known to be given under fear or misconception.,Consent known to be given under fear or misconception.,India,To be verified,,https://www.indiacode.nic.in/,2026-09-12,Candidate—verify
LAW-BNS-029,Criminal Law,"Bharatiya Nyaya Sanhita, 2023",45 of 2023,29,Exclusion of acts which are offences independently of harm caused.,Exclusion of acts which are offences independently of harm caused.,India,To be verified,,https://www.indiacode.nic.in/,2026-09-12,Candidate—verify
LAW-BNS-030,Criminal Law,"Bharatiya Nyaya Sanhita, 2023",45 of 2023,30,Act done in good faith for benefit of a person without consent.,Act done in good faith for benefit of a person without consent.,India,To be verified,,https://www.indiacode.nic.in/,2026-09-12,Candidate—verify
LAW-BNS-031,Criminal Law,"Bharatiya Nyaya Sanhita, 2023",45 of 2023,31,Communication made in good faith.,Communication made in good faith.,India,To be verified,,https://www.indiacode.nic.in/,2026-09-12,Candidate—verify
LAW-BNS-032,Criminal Law,"Bharatiya Nyaya Sanhita, 2023",45 of 2023,32,Act to which a person is compelled by threats.,Act to which a person is compelled by threats.,India,To be verified,,https://www.indiacode.nic.in/,2026-09-12,Candidate—verify
LAW-BNS-033,Criminal Law,"Bharatiya Nyaya Sanhita, 2023",45 of 2023,33,Act causing slight harm. Of right of private defence,Act causing slight harm. Of right of private defence,India,To be verified,,https://www.indiacode.nic.in/,2026-09-12,Candidate—verify
LAW-BNS-034,Criminal Law,"Bharatiya Nyaya Sanhita, 2023",45 of 2023,34,Things done in private defence.,Things done in private defence.,India,To be verified,,https://www.indiacode.nic.in/,2026-09-12,Candidate—verify
LAW-BNS-035,Criminal Law,"Bharatiya Nyaya Sanhita, 2023",45 of 2023,35,Right of private defence of body and of property.,Right of private defence of body and of property.,India,To be verified,,https://www.indiacode.nic.in/,2026-09-12,Candidate—verify
LAW-BNS-036,Criminal Law,"Bharatiya Nyaya Sanhita, 2023",45 of 2023,36,"Right of private defence against act of a person of unsound mind, etc.","Right of private defence against act of a person of unsound mind, etc.",India,To be verified,,https://www.indiacode.nic.in/,2026-09-12,Candidate—verify
LAW-BNS-037,Criminal Law,"Bharatiya Nyaya Sanhita, 2023",45 of 2023,37,Acts against which there is no right of private defence.,Acts against which there is no right of private defence.,India,To be verified,,https://www.indiacode.nic.in/,2026-09-12,Candidate—verify
LAW-BNS-038,Criminal Law,"Bharatiya Nyaya Sanhita, 2023",45 of 2023,38,When right of private defence of body extends to causing death.,When right of private defence of body extends to causing death.,India,To be verified,,https://www.indiacode.nic.in/,2026-09-12,Candidate—verify
LAW-BNS-039,Criminal Law,"Bharatiya Nyaya Sanhita, 2023",45 of 2023,39,When such right extends to causing any harm other than death.,When such right extends to causing any harm other than death.,India,To be verified,,https://www.indiacode.nic.in/,2026-09-12,Candidate—verify
LAW-BNS-040,Criminal Law,"Bharatiya Nyaya Sanhita, 2023",45 of 2023,40,Commencement and continuance of right of private defence of body.,Commencement and continuance of right of private defence of body.,India,To be verified,,https://www.indiacode.nic.in/,2026-09-12,Candidate—verify
LAW-BNS-041,Criminal Law,"Bharatiya Nyaya Sanhita, 2023",45 of 2023,41,When right of private defence of property extends to causing death.,When right of private defence of property extends to causing death.,India,To be verified,,https://www.indiacode.nic.in/,2026-09-12,Candidate—verify
LAW-BNS-042,Criminal Law,"Bharatiya Nyaya Sanhita, 2023",45 of 2023,42,When such right extends to causing any harm other than death.,When such right extends to causing any harm other than death.,India,To be verified,,https://www.indiacode.nic.in/,2026-09-12,Candidate—verify
LAW-BNS-043,Criminal Law,"Bharatiya Nyaya Sanhita, 2023",45 of 2023,43,Commencement and continuance of right of private defence of property.,Commencement and continuance of right of private defence of property.,India,To be verified,,https://www.indiacode.nic.in/,2026-09-12,Candidate—verify
LAW-BNS-044,Criminal Law,"Bharatiya Nyaya Sanhita, 2023",45 of 2023,44,"Right of private defence against deadly assault when there is risk of harm to innocent person. CHAPTER IV OF ABETMENT, CRIMINAL CONSPIRACY AND ATTEMPT of abetment","Right of private defence against deadly assault when there is risk of harm to innocent person. CHAPTER IV OF ABETMENT, CRIMINAL CONSPIRACY AND ATTEMPT of abetment",India,To be verified,,https://www.indiacode.nic.in/,2026-09-12,Candidate—verify
LAW-BNS-045,Criminal Law,"Bharatiya Nyaya Sanhita, 2023",45 of 2023,45,Abetment of a thing.,Abetment of a thing.,India,To be verified,,https://www.indiacode.nic.in/,2026-09-12,Candidate—verify
LAW-BNS-046,Criminal Law,"Bharatiya Nyaya Sanhita, 2023",45 of 2023,46,Abettor.,Abettor.,India,To be verified,,https://www.indiacode.nic.in/,2026-09-12,Candidate—verify
LAW-BNS-047,Criminal Law,"Bharatiya Nyaya Sanhita, 2023",45 of 2023,47,Abetment in India of offences outside India.,Abetment in India of offences outside India.,India,To be verified,,https://www.indiacode.nic.in/,2026-09-12,Candidate—verify
LAW-BNS-048,Criminal Law,"Bharatiya Nyaya Sanhita, 2023",45 of 2023,48,Abetment outside India for offence in India.,Abetment outside India for offence in India.,India,To be verified,,https://www.indiacode.nic.in/,2026-09-12,Candidate—verify
LAW-BNS-049,Criminal Law,"Bharatiya Nyaya Sanhita, 2023",45 of 2023,49,Punishment of abetment if act abetted is committed in consequence and where no express provision is made for its punishment.,Punishment of abetment if act abetted is committed in consequence and where no express provision is made for its punishment.,India,To be verified,,https://www.indiacode.nic.in/,2026-09-12,Candidate—verify
LAW-BNS-050,Criminal Law,"Bharatiya Nyaya Sanhita, 2023",45 of 2023,50,Punishment of abetment if person abetted does act with different intention from that of abettor.,Punishment of abetment if person abetted does act with different intention from that of abettor.,India,To be verified,,https://www.indiacode.nic.in/,2026-09-12,Candidate—verify
LAW-BNS-051,Criminal Law,"Bharatiya Nyaya Sanhita, 2023",45 of 2023,51,Liability of abettor when one act abetted and different act done.,Liability of abettor when one act abetted and different act done.,India,To be verified,,https://www.indiacode.nic.in/,2026-09-12,Candidate—verify
LAW-BNS-052,Criminal Law,"Bharatiya Nyaya Sanhita, 2023",45 of 2023,52,Abettor when liable to cumulative punishment for act abetted and for act done.,Abettor when liable to cumulative punishment for act abetted and for act done.,India,To be verified,,https://www.indiacode.nic.in/,2026-09-12,Candidate—verify
LAW-BNS-053,Criminal Law,"Bharatiya Nyaya Sanhita, 2023",45 of 2023,53,Liability of abettor for an effect caused by act abetted different from that intended by abettor.,Liability of abettor for an effect caused by act abetted different from that intended by abettor.,India,To be verified,,https://www.indiacode.nic.in/,2026-09-12,Candidate—verify
LAW-BNS-054,Criminal Law,"Bharatiya Nyaya Sanhita, 2023",45 of 2023,54,Abettor present when offence is committed. IndiaCode 5 SECTIONS,Abettor present when offence is committed. IndiaCode 5 SECTIONS,India,To be verified,,https://www.indiacode.nic.in/,2026-09-12,Candidate—verify
LAW-BNS-055,Criminal Law,"Bharatiya Nyaya Sanhita, 2023",45 of 2023,55,Abetment of offence punishable with death or imprisonment for life.,Abetment of offence punishable with death or imprisonment for life.,India,To be verified,,https://www.indiacode.nic.in/,2026-09-12,Candidate—verify
LAW-BNS-056,Criminal Law,"Bharatiya Nyaya Sanhita, 2023",45 of 2023,56,Abetment of offence punishable with imprisonment.,Abetment of offence punishable with imprisonment.,India,To be verified,,https://www.indiacode.nic.in/,2026-09-12,Candidate—verify
LAW-BNS-057,Criminal Law,"Bharatiya Nyaya Sanhita, 2023",45 of 2023,57,Abetting commission of offence by public or by more than ten persons.,Abetting commission of offence by public or by more than ten persons.,India,To be verified,,https://www.indiacode.nic.in/,2026-09-12,Candidate—verify
LAW-BNS-058,Criminal Law,"Bharatiya Nyaya Sanhita, 2023",45 of 2023,58,Concealing design to commit offence punishable with death or imprisonment for life.,Concealing design to commit offence punishable with death or imprisonment for life.,India,To be verified,,https://www.indiacode.nic.in/,2026-09-12,Candidate—verify
LAW-BNS-059,Criminal Law,"Bharatiya Nyaya Sanhita, 2023",45 of 2023,59,Public servant concealing design to commit offence which it is his duty to prevent.,Public servant concealing design to commit offence which it is his duty to prevent.,India,To be verified,,https://www.indiacode.nic.in/,2026-09-12,Candidate—verify
LAW-BNS-060,Criminal Law,"Bharatiya Nyaya Sanhita, 2023",45 of 2023,60,Concealing design to commit offence punishable with imprisonment. Of criminal conspiracy,Concealing design to commit offence punishable with imprisonment. Of criminal conspiracy,India,To be verified,,https://www.indiacode.nic.in/,2026-09-12,Candidate—verify
LAW-BNS-061,Criminal Law,"Bharatiya Nyaya Sanhita, 2023",45 of 2023,61,Criminal conspiracy. Of attempt,Criminal conspiracy. Of attempt,India,To be verified,,https://www.indiacode.nic.in/,2026-09-12,Candidate—verify
LAW-BNS-062,Criminal Law,"Bharatiya Nyaya Sanhita, 2023",45 of 2023,62,Punishment for attempting to commit offences punishable with imprisonment for life or other imprisonment. CHAPTER V OF OFFENCES AGAINST WOMAN AND CHILD Of sexual offences,Punishment for attempting to commit offences punishable with imprisonment for life or other imprisonment. CHAPTER V OF OFFENCES AGAINST WOMAN AND CHILD Of sexual offences,India,To be verified,,https://www.indiacode.nic.in/,2026-09-12,Candidate—verify
LAW-BNS-063,Criminal Law,"Bharatiya Nyaya Sanhita, 2023",45 of 2023,63,Rape.,Rape.,India,To be verified,,https://www.indiacode.nic.in/,2026-09-12,Candidate—verify
LAW-BNS-064,Criminal Law,"Bharatiya Nyaya Sanhita, 2023",45 of 2023,64,Punishment for rape.,Punishment for rape.,India,To be verified,,https://www.indiacode.nic.in/,2026-09-12,Candidate—verify
LAW-BNS-065,Criminal Law,"Bharatiya Nyaya Sanhita, 2023",45 of 2023,65,Punishment for rape in certain cases.,Punishment for rape in certain cases.,India,To be verified,,https://www.indiacode.nic.in/,2026-09-12,Candidate—verify
LAW-BNS-066,Criminal Law,"Bharatiya Nyaya Sanhita, 2023",45 of 2023,66,Punishment for causing death or resulting in persistent vegetative state of victim.,Punishment for causing death or resulting in persistent vegetative state of victim.,India,To be verified,,https://www.indiacode.nic.in/,2026-09-12,Candidate—verify
LAW-BNS-067,Criminal Law,"Bharatiya Nyaya Sanhita, 2023",45 of 2023,67,Sexual intercourse by husband upon his wife during separation.,Sexual intercourse by husband upon his wife during separation.,India,To be verified,,https://www.indiacode.nic.in/,2026-09-12,Candidate—verify
LAW-BNS-068,Criminal Law,"Bharatiya Nyaya Sanhita, 2023",45 of 2023,68,Sexual intercourse by a person in authority.,Sexual intercourse by a person in authority.,India,To be verified,,https://www.indiacode.nic.in/,2026-09-12,Candidate—verify
LAW-BNS-069,Criminal Law,"Bharatiya Nyaya Sanhita, 2023",45 of 2023,69,"Sexual intercourse by employing deceitful means, etc.","Sexual intercourse by employing deceitful means, etc.",India,To be verified,,https://www.indiacode.nic.in/,2026-09-12,Candidate—verify
LAW-BNS-070,Criminal Law,"Bharatiya Nyaya Sanhita, 2023",45 of 2023,70,Gang rape.,Gang rape.,India,To be verified,,https://www.indiacode.nic.in/,2026-09-12,Candidate—verify
LAW-BNS-071,Criminal Law,"Bharatiya Nyaya Sanhita, 2023",45 of 2023,71,Punishment for repeat offenders.,Punishment for repeat offenders.,India,To be verified,,https://www.indiacode.nic.in/,2026-09-12,Candidate—verify
LAW-BNS-072,Criminal Law,"Bharatiya Nyaya Sanhita, 2023",45 of 2023,72,"Disclosure of identity of victim of certain offences, etc.","Disclosure of identity of victim of certain offences, etc.",India,To be verified,,https://www.indiacode.nic.in/,2026-09-12,Candidate—verify
LAW-BNS-073,Criminal Law,"Bharatiya Nyaya Sanhita, 2023",45 of 2023,73,Printing or publishing any matter relating to Court proceedings without permission. Of criminal force and assault against woman,Printing or publishing any matter relating to Court proceedings without permission. Of criminal force and assault against woman,India,To be verified,,https://www.indiacode.nic.in/,2026-09-12,Candidate—verify
LAW-BNS-074,Criminal Law,"Bharatiya Nyaya Sanhita, 2023",45 of 2023,74,Assault or use of criminal force to woman with intent to outrage her modesty.,Assault or use of criminal force to woman with intent to outrage her modesty.,India,To be verified,,https://www.indiacode.nic.in/,2026-09-12,Candidate—verify
LAW-BNS-075,Criminal Law,"Bharatiya Nyaya Sanhita, 2023",45 of 2023,75,Sexual harassment.,Sexual harassment.,India,To be verified,,https://www.indiacode.nic.in/,2026-09-12,Candidate—verify
LAW-BNS-076,Criminal Law,"Bharatiya Nyaya Sanhita, 2023",45 of 2023,76,Assault or use of criminal force to woman with intent to disrobe.,Assault or use of criminal force to woman with intent to disrobe.,India,To be verified,,https://www.indiacode.nic.in/,2026-09-12,Candidate—verify
LAW-BNS-077,Criminal Law,"Bharatiya Nyaya Sanhita, 2023",45 of 2023,77,Voyeurism.,Voyeurism.,India,To be verified,,https://www.indiacode.nic.in/,2026-09-12,Candidate—verify
LAW-BNS-078,Criminal Law,"Bharatiya Nyaya Sanhita, 2023",45 of 2023,78,Stalking.,Stalking.,India,To be verified,,https://www.indiacode.nic.in/,2026-09-12,Candidate—verify
LAW-BNS-079,Criminal Law,"Bharatiya Nyaya Sanhita, 2023",45 of 2023,79,"Word, gesture or act intended to insult modesty of a woman. Of offences relating to marriage","Word, gesture or act intended to insult modesty of a woman. Of offences relating to marriage",India,To be verified,,https://www.indiacode.nic.in/,2026-09-12,Candidate—verify
LAW-BNS-080,Criminal Law,"Bharatiya Nyaya Sanhita, 2023",45 of 2023,80,Dowry death. IndiaCode 6 SECTIONS,Dowry death. IndiaCode 6 SECTIONS,India,To be verified,,https://www.indiacode.nic.in/,2026-09-12,Candidate—verify
LAW-BNS-081,Criminal Law,"Bharatiya Nyaya Sanhita, 2023",45 of 2023,81,Cohabitation caused by man deceitfully inducing belief of lawful marriage.,Cohabitation caused by man deceitfully inducing belief of lawful marriage.,India,To be verified,,https://www.indiacode.nic.in/,2026-09-12,Candidate—verify
LAW-BNS-082,Criminal Law,"Bharatiya Nyaya Sanhita, 2023",45 of 2023,82,Marrying again during lifetime of husband or wife.,Marrying again during lifetime of husband or wife.,India,To be verified,,https://www.indiacode.nic.in/,2026-09-12,Candidate—verify
LAW-BNS-083,Criminal Law,"Bharatiya Nyaya Sanhita, 2023",45 of 2023,83,Marriage ceremony fraudulently gone through without lawful marriage.,Marriage ceremony fraudulently gone through without lawful marriage.,India,To be verified,,https://www.indiacode.nic.in/,2026-09-12,Candidate—verify
LAW-BNS-084,Criminal Law,"Bharatiya Nyaya Sanhita, 2023",45 of 2023,84,Enticing or taking away or detaining with criminal intent a married woman.,Enticing or taking away or detaining with criminal intent a married woman.,India,To be verified,,https://www.indiacode.nic.in/,2026-09-12,Candidate—verify
LAW-BNS-085,Criminal Law,"Bharatiya Nyaya Sanhita, 2023",45 of 2023,85,Husband or relative of husband of a woman subjecting her to cruelty.,Husband or relative of husband of a woman subjecting her to cruelty.,India,To be verified,,https://www.indiacode.nic.in/,2026-09-12,Candidate—verify
LAW-BNS-086,Criminal Law,"Bharatiya Nyaya Sanhita, 2023",45 of 2023,86,Cruelty defined.,Cruelty defined.,India,To be verified,,https://www.indiacode.nic.in/,2026-09-12,Candidate—verify
LAW-BNS-087,Criminal Law,"Bharatiya Nyaya Sanhita, 2023",45 of 2023,87,"Kidnapping, abducting or inducing woman to compel her marriage, etc. Of causing miscarriage, etc.","Kidnapping, abducting or inducing woman to compel her marriage, etc. Of causing miscarriage, etc.",India,To be verified,,https://www.indiacode.nic.in/,2026-09-12,Candidate—verify
LAW-BNS-088,Criminal Law,"Bharatiya Nyaya Sanhita, 2023",45 of 2023,88,Causing miscarriage.,Causing miscarriage.,India,To be verified,,https://www.indiacode.nic.in/,2026-09-12,Candidate—verify
LAW-BNS-089,Criminal Law,"Bharatiya Nyaya Sanhita, 2023",45 of 2023,89,Causing miscarriage without woman's consent.,Causing miscarriage without woman's consent.,India,To be verified,,https://www.indiacode.nic.in/,2026-09-12,Candidate—verify
LAW-BNS-090,Criminal Law,"Bharatiya Nyaya Sanhita, 2023",45 of 2023,90,Death caused by act done with intent to cause miscarriage.,Death caused by act done with intent to cause miscarriage.,India,To be verified,,https://www.indiacode.nic.in/,2026-09-12,Candidate—verify
LAW-BNS-091,Criminal Law,"Bharatiya Nyaya Sanhita, 2023",45 of 2023,91,Act done with intent to prevent child being born alive or to cause to die after birth.,Act done with intent to prevent child being born alive or to cause to die after birth.,India,To be verified,,https://www.indiacode.nic.in/,2026-09-12,Candidate—verify
LAW-BNS-092,Criminal Law,"Bharatiya Nyaya Sanhita, 2023",45 of 2023,92,Causing death of quick unborn child by act amounting to culpable homicide. Of offences against child,Causing death of quick unborn child by act amounting to culpable homicide. Of offences against child,India,To be verified,,https://www.indiacode.nic.in/,2026-09-12,Candidate—verify
LAW-BNS-093,Criminal Law,"Bharatiya Nyaya Sanhita, 2023",45 of 2023,93,"Exposure and abandonment of child under twelve years of age, by parent or person having care of it.","Exposure and abandonment of child under twelve years of age, by parent or person having care of it.",India,To be verified,,https://www.indiacode.nic.in/,2026-09-12,Candidate—verify
LAW-BNS-094,Criminal Law,"Bharatiya Nyaya Sanhita, 2023",45 of 2023,94,Concealment of birth by secret disposal of dead body.,Concealment of birth by secret disposal of dead body.,India,To be verified,,https://www.indiacode.nic.in/,2026-09-12,Candidate—verify
LAW-BNS-095,Criminal Law,"Bharatiya Nyaya Sanhita, 2023",45 of 2023,95,"Hiring, employing or engaging a child to commit an offence.","Hiring, employing or engaging a child to commit an offence.",India,To be verified,,https://www.indiacode.nic.in/,2026-09-12,Candidate—verify
LAW-BNS-096,Criminal Law,"Bharatiya Nyaya Sanhita, 2023",45 of 2023,96,Procuration of child.,Procuration of child.,India,To be verified,,https://www.indiacode.nic.in/,2026-09-12,Candidate—verify
LAW-BNS-097,Criminal Law,"Bharatiya Nyaya Sanhita, 2023",45 of 2023,97,Kidnapping or abducting child under ten years of age with intent to steal from its person.,Kidnapping or abducting child under ten years of age with intent to steal from its person.,India,To be verified,,https://www.indiacode.nic.in/,2026-09-12,Candidate—verify
LAW-BNS-098,Criminal Law,"Bharatiya Nyaya Sanhita, 2023",45 of 2023,98,"Selling child for purposes of prostitution, etc.","Selling child for purposes of prostitution, etc.",India,To be verified,,https://www.indiacode.nic.in/,2026-09-12,Candidate—verify
LAW-BNS-099,Criminal Law,"Bharatiya Nyaya Sanhita, 2023",45 of 2023,99,"Buying child for purposes of prostitution, etc. CHAPTER VI OF OFFENCES AFFECTING THE HUMAN BODY Of offences affecting life","Buying child for purposes of prostitution, etc. CHAPTER VI OF OFFENCES AFFECTING THE HUMAN BODY Of offences affecting life",India,To be verified,,https://www.indiacode.nic.in/,2026-09-12,Candidate—verify
LAW-BNS-100,Criminal Law,"Bharatiya Nyaya Sanhita, 2023",45 of 2023,100,Culpable homicide.,Culpable homicide.,India,To be verified,,https://www.indiacode.nic.in/,2026-09-12,Candidate—verify
LAW-BNS-101,Criminal Law,"Bharatiya Nyaya Sanhita, 2023",45 of 2023,101,Murder.,Murder.,India,To be verified,,https://www.indiacode.nic.in/,2026-09-12,Candidate—verify
LAW-BNS-102,Criminal Law,"Bharatiya Nyaya Sanhita, 2023",45 of 2023,102,Culpable homicide by causing death of person other than person whose death was intended.,Culpable homicide by causing death of person other than person whose death was intended.,India,To be verified,,https://www.indiacode.nic.in/,2026-09-12,Candidate—verify
LAW-BNS-103,Criminal Law,"Bharatiya Nyaya Sanhita, 2023",45 of 2023,103,Punishment for murder.,Punishment for murder.,India,To be verified,,https://www.indiacode.nic.in/,2026-09-12,Candidate—verify
LAW-BNS-104,Criminal Law,"Bharatiya Nyaya Sanhita, 2023",45 of 2023,104,Punishment for murder by life-convict.,Punishment for murder by life-convict.,India,To be verified,,https://www.indiacode.nic.in/,2026-09-12,Candidate—verify
LAW-BNS-105,Criminal Law,"Bharatiya Nyaya Sanhita, 2023",45 of 2023,105,Punishment for culpable homicide not amounting to murder.,Punishment for culpable homicide not amounting to murder.,India,To be verified,,https://www.indiacode.nic.in/,2026-09-12,Candidate—verify
LAW-BNS-106,Criminal Law,"Bharatiya Nyaya Sanhita, 2023",45 of 2023,106,Causing death by negligence.,Causing death by negligence.,India,To be verified,,https://www.indiacode.nic.in/,2026-09-12,Candidate—verify
LAW-BNS-107,Criminal Law,"Bharatiya Nyaya Sanhita, 2023",45 of 2023,107,Abetment of suicide of child or person of unsound mind.,Abetment of suicide of child or person of unsound mind.,India,To be verified,,https://www.indiacode.nic.in/,2026-09-12,Candidate—verify
LAW-BNS-108,Criminal Law,"Bharatiya Nyaya Sanhita, 2023",45 of 2023,108,Abetment of suicide.,Abetment of suicide.,India,To be verified,,https://www.indiacode.nic.in/,2026-09-12,Candidate—verify
LAW-BNS-109,Criminal Law,"Bharatiya Nyaya Sanhita, 2023",45 of 2023,109,Attempt to murder.,Attempt to murder.,India,To be verified,,https://www.indiacode.nic.in/,2026-09-12,Candidate—verify
LAW-BNS-110,Criminal Law,"Bharatiya Nyaya Sanhita, 2023",45 of 2023,110,Attempt to commit culpable homicide. IndiaCode 7 SECTIONS,Attempt to commit culpable homicide. IndiaCode 7 SECTIONS,India,To be verified,,https://www.indiacode.nic.in/,2026-09-12,Candidate—verify
LAW-BNS-111,Criminal Law,"Bharatiya Nyaya Sanhita, 2023",45 of 2023,111,Organised crime.,Organised crime.,India,To be verified,,https://www.indiacode.nic.in/,2026-09-12,Candidate—verify
LAW-BNS-112,Criminal Law,"Bharatiya Nyaya Sanhita, 2023",45 of 2023,112,Petty organised crime.,Petty organised crime.,India,To be verified,,https://www.indiacode.nic.in/,2026-09-12,Candidate—verify
LAW-BNS-113,Criminal Law,"Bharatiya Nyaya Sanhita, 2023",45 of 2023,113,Terrorist act. Of hurt,Terrorist act. Of hurt,India,To be verified,,https://www.indiacode.nic.in/,2026-09-12,Candidate—verify
LAW-BNS-114,Criminal Law,"Bharatiya Nyaya Sanhita, 2023",45 of 2023,114,Hurt.,Hurt.,India,To be verified,,https://www.indiacode.nic.in/,2026-09-12,Candidate—verify
LAW-BNS-115,Criminal Law,"Bharatiya Nyaya Sanhita, 2023",45 of 2023,115,Voluntarily causing hurt.,Voluntarily causing hurt.,India,To be verified,,https://www.indiacode.nic.in/,2026-09-12,Candidate—verify
LAW-BNS-116,Criminal Law,"Bharatiya Nyaya Sanhita, 2023",45 of 2023,116,Grievous hurt.,Grievous hurt.,India,To be verified,,https://www.indiacode.nic.in/,2026-09-12,Candidate—verify
LAW-BNS-117,Criminal Law,"Bharatiya Nyaya Sanhita, 2023",45 of 2023,117,Voluntarily causing grievous hurt.,Voluntarily causing grievous hurt.,India,To be verified,,https://www.indiacode.nic.in/,2026-09-12,Candidate—verify
LAW-BNS-118,Criminal Law,"Bharatiya Nyaya Sanhita, 2023",45 of 2023,118,Voluntarily causing hurt or grievous hurt by dangerous weapons or means.,Voluntarily causing hurt or grievous hurt by dangerous weapons or means.,India,To be verified,,https://www.indiacode.nic.in/,2026-09-12,Candidate—verify
LAW-BNS-119,Criminal Law,"Bharatiya Nyaya Sanhita, 2023",45 of 2023,119,"Voluntarily causing hurt or grievous hurt to extort property, or to constrain to an illegal act.","Voluntarily causing hurt or grievous hurt to extort property, or to constrain to an illegal act.",India,To be verified,,https://www.indiacode.nic.in/,2026-09-12,Candidate—verify
LAW-BNS-120,Criminal Law,"Bharatiya Nyaya Sanhita, 2023",45 of 2023,120,"Voluntarily causing hurt or grievous hurt to extort confession, or to compel restoration of property.","Voluntarily causing hurt or grievous hurt to extort confession, or to compel restoration of property.",India,To be verified,,https://www.indiacode.nic.in/,2026-09-12,Candidate—verify
LAW-BNS-121,Criminal Law,"Bharatiya Nyaya Sanhita, 2023",45 of 2023,121,Voluntarily causing hurt or grievous hurt to deter public servant from his duty.,Voluntarily causing hurt or grievous hurt to deter public servant from his duty.,India,To be verified,,https://www.indiacode.nic.in/,2026-09-12,Candidate—verify
LAW-BNS-122,Criminal Law,"Bharatiya Nyaya Sanhita, 2023",45 of 2023,122,Voluntarily causing hurt or grievous hurt on provocation.,Voluntarily causing hurt or grievous hurt on provocation.,India,To be verified,,https://www.indiacode.nic.in/,2026-09-12,Candidate—verify
LAW-BNS-123,Criminal Law,"Bharatiya Nyaya Sanhita, 2023",45 of 2023,123,"Causing hurt by means of poison, etc., with intent to commit an offence.","Causing hurt by means of poison, etc., with intent to commit an offence.",India,To be verified,,https://www.indiacode.nic.in/,2026-09-12,Candidate—verify
LAW-BNS-124,Criminal Law,"Bharatiya Nyaya Sanhita, 2023",45 of 2023,124,"Voluntarily causing grievous hurt by use of acid, etc.","Voluntarily causing grievous hurt by use of acid, etc.",India,To be verified,,https://www.indiacode.nic.in/,2026-09-12,Candidate—verify
LAW-BNS-125,Criminal Law,"Bharatiya Nyaya Sanhita, 2023",45 of 2023,125,Act endangering life or personal safety of others. Of wrongful restraint and wrongful confinement,Act endangering life or personal safety of others. Of wrongful restraint and wrongful confinement,India,To be verified,,https://www.indiacode.nic.in/,2026-09-12,Candidate—verify
LAW-BNS-126,Criminal Law,"Bharatiya Nyaya Sanhita, 2023",45 of 2023,126,Wrongful restraint.,Wrongful restraint.,India,To be verified,,https://www.indiacode.nic.in/,2026-09-12,Candidate—verify
LAW-BNS-127,Criminal Law,"Bharatiya Nyaya Sanhita, 2023",45 of 2023,127,Wrongful confinement. Of criminal force and assault,Wrongful confinement. Of criminal force and assault,India,To be verified,,https://www.indiacode.nic.in/,2026-09-12,Candidate—verify
LAW-BNS-128,Criminal Law,"Bharatiya Nyaya Sanhita, 2023",45 of 2023,128,Force.,Force.,India,To be verified,,https://www.indiacode.nic.in/,2026-09-12,Candidate—verify
LAW-BNS-129,Criminal Law,"Bharatiya Nyaya Sanhita, 2023",45 of 2023,129,Criminal force.,Criminal force.,India,To be verified,,https://www.indiacode.nic.in/,2026-09-12,Candidate—verify
LAW-BNS-130,Criminal Law,"Bharatiya Nyaya Sanhita, 2023",45 of 2023,130,Assault.,Assault.,India,To be verified,,https://www.indiacode.nic.in/,2026-09-12,Candidate—verify
LAW-BNS-131,Criminal Law,"Bharatiya Nyaya Sanhita, 2023",45 of 2023,131,Punishment for assault or criminal force otherwise than on grave provocation.,Punishment for assault or criminal force otherwise than on grave provocation.,India,To be verified,,https://www.indiacode.nic.in/,2026-09-12,Candidate—verify
LAW-BNS-132,Criminal Law,"Bharatiya Nyaya Sanhita, 2023",45 of 2023,132,Assault or criminal force to deter public servant from discharge of his duty.,Assault or criminal force to deter public servant from discharge of his duty.,India,To be verified,,https://www.indiacode.nic.in/,2026-09-12,Candidate—verify
LAW-BNS-133,Criminal Law,"Bharatiya Nyaya Sanhita, 2023",45 of 2023,133,"Assault or criminal force with intent to dishonour person, otherwise than on grave provocation.","Assault or criminal force with intent to dishonour person, otherwise than on grave provocation.",India,To be verified,,https://www.indiacode.nic.in/,2026-09-12,Candidate—verify
LAW-BNS-134,Criminal Law,"Bharatiya Nyaya Sanhita, 2023",45 of 2023,134,Assault or criminal force in attempt to commit theft of property carried by a person.,Assault or criminal force in attempt to commit theft of property carried by a person.,India,To be verified,,https://www.indiacode.nic.in/,2026-09-12,Candidate—verify
LAW-BNS-135,Criminal Law,"Bharatiya Nyaya Sanhita, 2023",45 of 2023,135,Assault or criminal force in attempt to wrongfully confine a person.,Assault or criminal force in attempt to wrongfully confine a person.,India,To be verified,,https://www.indiacode.nic.in/,2026-09-12,Candidate—verify
LAW-BNS-136,Criminal Law,"Bharatiya Nyaya Sanhita, 2023",45 of 2023,136,"Assault or criminal force on grave provocation. Of kidnapping, abduction, slavery and forced labour","Assault or criminal force on grave provocation. Of kidnapping, abduction, slavery and forced labour",India,To be verified,,https://www.indiacode.nic.in/,2026-09-12,Candidate—verify
LAW-BNS-137,Criminal Law,"Bharatiya Nyaya Sanhita, 2023",45 of 2023,137,Kidnapping.,Kidnapping.,India,To be verified,,https://www.indiacode.nic.in/,2026-09-12,Candidate—verify
LAW-BNS-138,Criminal Law,"Bharatiya Nyaya Sanhita, 2023",45 of 2023,138,Abduction.,Abduction.,India,To be verified,,https://www.indiacode.nic.in/,2026-09-12,Candidate—verify
LAW-BNS-139,Criminal Law,"Bharatiya Nyaya Sanhita, 2023",45 of 2023,139,Kidnapping or maiming a child for purposes of begging.,Kidnapping or maiming a child for purposes of begging.,India,To be verified,,https://www.indiacode.nic.in/,2026-09-12,Candidate—verify
LAW-BNS-140,Criminal Law,"Bharatiya Nyaya Sanhita, 2023",45 of 2023,140,"Kidnapping or abducting in order to murder or for ransom, etc.","Kidnapping or abducting in order to murder or for ransom, etc.",India,To be verified,,https://www.indiacode.nic.in/,2026-09-12,Candidate—verify
LAW-BNS-141,Criminal Law,"Bharatiya Nyaya Sanhita, 2023",45 of 2023,141,Importation of girl or boy from foreign country. IndiaCode 8 SECTIONS,Importation of girl or boy from foreign country. IndiaCode 8 SECTIONS,India,To be verified,,https://www.indiacode.nic.in/,2026-09-12,Candidate—verify
LAW-BNS-142,Criminal Law,"Bharatiya Nyaya Sanhita, 2023",45 of 2023,142,"Wrongfully concealing or keeping in confinement, kidnapped or abducted person.","Wrongfully concealing or keeping in confinement, kidnapped or abducted person.",India,To be verified,,https://www.indiacode.nic.in/,2026-09-12,Candidate—verify
LAW-BNS-143,Criminal Law,"Bharatiya Nyaya Sanhita, 2023",45 of 2023,143,Trafficking of person.,Trafficking of person.,India,To be verified,,https://www.indiacode.nic.in/,2026-09-12,Candidate—verify
LAW-BNS-144,Criminal Law,"Bharatiya Nyaya Sanhita, 2023",45 of 2023,144,Exploitation of a trafficked person.,Exploitation of a trafficked person.,India,To be verified,,https://www.indiacode.nic.in/,2026-09-12,Candidate—verify
LAW-BNS-145,Criminal Law,"Bharatiya Nyaya Sanhita, 2023",45 of 2023,145,Habitual dealing in slaves.,Habitual dealing in slaves.,India,To be verified,,https://www.indiacode.nic.in/,2026-09-12,Candidate—verify
LAW-BNS-146,Criminal Law,"Bharatiya Nyaya Sanhita, 2023",45 of 2023,146,Unlawful compulsory labour. CHAPTER VII OF OFFENCES AGAINST THE STATE,Unlawful compulsory labour. CHAPTER VII OF OFFENCES AGAINST THE STATE,India,To be verified,,https://www.indiacode.nic.in/,2026-09-12,Candidate—verify
LAW-BNS-147,Criminal Law,"Bharatiya Nyaya Sanhita, 2023",45 of 2023,147,"Waging, or attempting to wage war, or abetting waging of war, against Government of India.","Waging, or attempting to wage war, or abetting waging of war, against Government of India.",India,To be verified,,https://www.indiacode.nic.in/,2026-09-12,Candidate—verify
LAW-BNS-148,Criminal Law,"Bharatiya Nyaya Sanhita, 2023",45 of 2023,148,Conspiracy to commit offences punishable by section 147.,Conspiracy to commit offences punishable by section 147.,India,To be verified,,https://www.indiacode.nic.in/,2026-09-12,Candidate—verify
LAW-BNS-149,Criminal Law,"Bharatiya Nyaya Sanhita, 2023",45 of 2023,149,"Collecting arms, etc., with intention of waging war against Government of India.","Collecting arms, etc., with intention of waging war against Government of India.",India,To be verified,,https://www.indiacode.nic.in/,2026-09-12,Candidate—verify
LAW-BNS-150,Criminal Law,"Bharatiya Nyaya Sanhita, 2023",45 of 2023,150,Concealing with intent to facilitate design to wage war.,Concealing with intent to facilitate design to wage war.,India,To be verified,,https://www.indiacode.nic.in/,2026-09-12,Candidate—verify
LAW-BNS-151,Criminal Law,"Bharatiya Nyaya Sanhita, 2023",45 of 2023,151,"Assaulting President, Governor, etc., with intent to compel or restrain exercise of any lawful power.","Assaulting President, Governor, etc., with intent to compel or restrain exercise of any lawful power.",India,To be verified,,https://www.indiacode.nic.in/,2026-09-12,Candidate—verify
LAW-BNS-152,Criminal Law,"Bharatiya Nyaya Sanhita, 2023",45 of 2023,152,"Act endangering sovereignty, unity and integrity of India.","Act endangering sovereignty, unity and integrity of India.",India,To be verified,,https://www.indiacode.nic.in/,2026-09-12,Candidate—verify
LAW-BNS-153,Criminal Law,"Bharatiya Nyaya Sanhita, 2023",45 of 2023,153,Waging war against Government of any foreign State at peace with Government of India.,Waging war against Government of any foreign State at peace with Government of India.,India,To be verified,,https://www.indiacode.nic.in/,2026-09-12,Candidate—verify
LAW-BNS-154,Criminal Law,"Bharatiya Nyaya Sanhita, 2023",45 of 2023,154,Committing depredation on territories of foreign State at peace with Government of India.,Committing depredation on territories of foreign State at peace with Government of India.,India,To be verified,,https://www.indiacode.nic.in/,2026-09-12,Candidate—verify
LAW-BNS-155,Criminal Law,"Bharatiya Nyaya Sanhita, 2023",45 of 2023,155,Receiving property taken by war or depredation mentioned in sections 153 and 154.,Receiving property taken by war or depredation mentioned in sections 153 and 154.,India,To be verified,,https://www.indiacode.nic.in/,2026-09-12,Candidate—verify
LAW-BNS-156,Criminal Law,"Bharatiya Nyaya Sanhita, 2023",45 of 2023,156,Public servant voluntarily allowing prisoner of State or war to escape.,Public servant voluntarily allowing prisoner of State or war to escape.,India,To be verified,,https://www.indiacode.nic.in/,2026-09-12,Candidate—verify
LAW-BNS-157,Criminal Law,"Bharatiya Nyaya Sanhita, 2023",45 of 2023,157,Public servant negligently suffering such prisoner to escape.,Public servant negligently suffering such prisoner to escape.,India,To be verified,,https://www.indiacode.nic.in/,2026-09-12,Candidate—verify
LAW-BNS-158,Criminal Law,"Bharatiya Nyaya Sanhita, 2023",45 of 2023,158,"Aiding escape of, rescuing or harbouring such prisoner. CHAPTER VIII OF OFFENCES RELATING TO THE ARMY, NAVY AND AIR FORCE","Aiding escape of, rescuing or harbouring such prisoner. CHAPTER VIII OF OFFENCES RELATING TO THE ARMY, NAVY AND AIR FORCE",India,To be verified,,https://www.indiacode.nic.in/,2026-09-12,Candidate—verify
LAW-BNS-159,Criminal Law,"Bharatiya Nyaya Sanhita, 2023",45 of 2023,159,"Abetting mutiny, or attempting to seduce a soldier, sailor or airman from his duty.","Abetting mutiny, or attempting to seduce a soldier, sailor or airman from his duty.",India,To be verified,,https://www.indiacode.nic.in/,2026-09-12,Candidate—verify
LAW-BNS-160,Criminal Law,"Bharatiya Nyaya Sanhita, 2023",45 of 2023,160,"Abetment of mutiny, if mutiny is committed in consequence thereof.","Abetment of mutiny, if mutiny is committed in consequence thereof.",India,To be verified,,https://www.indiacode.nic.in/,2026-09-12,Candidate—verify
LAW-BNS-161,Criminal Law,"Bharatiya Nyaya Sanhita, 2023",45 of 2023,161,"Abetment of assault by soldier, sailor or airman on his superior officer, when in execution of his office.","Abetment of assault by soldier, sailor or airman on his superior officer, when in execution of his office.",India,To be verified,,https://www.indiacode.nic.in/,2026-09-12,Candidate—verify
LAW-BNS-162,Criminal Law,"Bharatiya Nyaya Sanhita, 2023",45 of 2023,162,"Abetment of such assault, if assault committed.","Abetment of such assault, if assault committed.",India,To be verified,,https://www.indiacode.nic.in/,2026-09-12,Candidate—verify
LAW-BNS-163,Criminal Law,"Bharatiya Nyaya Sanhita, 2023",45 of 2023,163,"Abetment of desertion of soldier, sailor or airman.","Abetment of desertion of soldier, sailor or airman.",India,To be verified,,https://www.indiacode.nic.in/,2026-09-12,Candidate—verify
LAW-BNS-164,Criminal Law,"Bharatiya Nyaya Sanhita, 2023",45 of 2023,164,Harbouring deserter.,Harbouring deserter.,India,To be verified,,https://www.indiacode.nic.in/,2026-09-12,Candidate—verify
LAW-BNS-165,Criminal Law,"Bharatiya Nyaya Sanhita, 2023",45 of 2023,165,Deserter concealed on board merchant vessel through negligence of master.,Deserter concealed on board merchant vessel through negligence of master.,India,To be verified,,https://www.indiacode.nic.in/,2026-09-12,Candidate—verify
LAW-BNS-166,Criminal Law,"Bharatiya Nyaya Sanhita, 2023",45 of 2023,166,"Abetment of act of insubordination by soldier, sailor or airman.","Abetment of act of insubordination by soldier, sailor or airman.",India,To be verified,,https://www.indiacode.nic.in/,2026-09-12,Candidate—verify
LAW-BNS-167,Criminal Law,"Bharatiya Nyaya Sanhita, 2023",45 of 2023,167,Persons subject to certain Acts.,Persons subject to certain Acts.,India,To be verified,,https://www.indiacode.nic.in/,2026-09-12,Candidate—verify
LAW-BNS-168,Criminal Law,"Bharatiya Nyaya Sanhita, 2023",45 of 2023,168,"Wearing garb or carrying token used by soldier, sailor or airman. CHAPTER IX OF OFFENCES RELATING TO ELECTIONS","Wearing garb or carrying token used by soldier, sailor or airman. CHAPTER IX OF OFFENCES RELATING TO ELECTIONS",India,To be verified,,https://www.indiacode.nic.in/,2026-09-12,Candidate—verify
LAW-BNS-169,Criminal Law,"Bharatiya Nyaya Sanhita, 2023",45 of 2023,169,"Candidate, electoral right defined. IndiaCode 9 SECTIONS","Candidate, electoral right defined. IndiaCode 9 SECTIONS",India,To be verified,,https://www.indiacode.nic.in/,2026-09-12,Candidate—verify
LAW-BNS-170,Criminal Law,"Bharatiya Nyaya Sanhita, 2023",45 of 2023,170,Bribery.,Bribery.,India,To be verified,,https://www.indiacode.nic.in/,2026-09-12,Candidate—verify
LAW-BNS-171,Criminal Law,"Bharatiya Nyaya Sanhita, 2023",45 of 2023,171,Undue influence at elections.,Undue influence at elections.,India,To be verified,,https://www.indiacode.nic.in/,2026-09-12,Candidate—verify
LAW-BNS-172,Criminal Law,"Bharatiya Nyaya Sanhita, 2023",45 of 2023,172,Personation at elections.,Personation at elections.,India,To be verified,,https://www.indiacode.nic.in/,2026-09-12,Candidate—verify
LAW-BNS-173,Criminal Law,"Bharatiya Nyaya Sanhita, 2023",45 of 2023,173,Punishment for bribery.,Punishment for bribery.,India,To be verified,,https://www.indiacode.nic.in/,2026-09-12,Candidate—verify
LAW-BNS-174,Criminal Law,"Bharatiya Nyaya Sanhita, 2023",45 of 2023,174,Punishment for undue influence or personation at an election.,Punishment for undue influence or personation at an election.,India,To be verified,,https://www.indiacode.nic.in/,2026-09-12,Candidate—verify
LAW-BNS-175,Criminal Law,"Bharatiya Nyaya Sanhita, 2023",45 of 2023,175,False statement in connection with an election.,False statement in connection with an election.,India,To be verified,,https://www.indiacode.nic.in/,2026-09-12,Candidate—verify
LAW-BNS-176,Criminal Law,"Bharatiya Nyaya Sanhita, 2023",45 of 2023,176,Illegal payments in connection with an election.,Illegal payments in connection with an election.,India,To be verified,,https://www.indiacode.nic.in/,2026-09-12,Candidate—verify
LAW-BNS-177,Criminal Law,"Bharatiya Nyaya Sanhita, 2023",45 of 2023,177,"Failure to keep election accounts. CHAPTER X OF OFFENCES RELATING TO COIN, CURRENCY-NOTES, BANK-NOTES, AND GOVERNMENT STAMPS","Failure to keep election accounts. CHAPTER X OF OFFENCES RELATING TO COIN, CURRENCY-NOTES, BANK-NOTES, AND GOVERNMENT STAMPS",India,To be verified,,https://www.indiacode.nic.in/,2026-09-12,Candidate—verify
LAW-BNS-178,Criminal Law,"Bharatiya Nyaya Sanhita, 2023",45 of 2023,178,"Counterfeiting coin, Government stamps, currency-notes or bank-notes.","Counterfeiting coin, Government stamps, currency-notes or bank-notes.",India,To be verified,,https://www.indiacode.nic.in/,2026-09-12,Candidate—verify
LAW-BNS-179,Criminal Law,"Bharatiya Nyaya Sanhita, 2023",45 of 2023,179,"Using as genuine, forged or counterfeit coin, Government stamp, currency-notes or bank-notes.","Using as genuine, forged or counterfeit coin, Government stamp, currency-notes or bank-notes.",India,To be verified,,https://www.indiacode.nic.in/,2026-09-12,Candidate—verify
LAW-BNS-180,Criminal Law,"Bharatiya Nyaya Sanhita, 2023",45 of 2023,180,"Possession of forged or counterfeit coin, Government stamp, currency-notes or bank-notes.","Possession of forged or counterfeit coin, Government stamp, currency-notes or bank-notes.",India,To be verified,,https://www.indiacode.nic.in/,2026-09-12,Candidate—verify
LAW-BNS-181,Criminal Law,"Bharatiya Nyaya Sanhita, 2023",45 of 2023,181,"Making or possessing instruments or materials for forging or counterfeiting coin, Government stamp, currency-notes or bank-notes.","Making or possessing instruments or materials for forging or counterfeiting coin, Government stamp, currency-notes or bank-notes.",India,To be verified,,https://www.indiacode.nic.in/,2026-09-12,Candidate—verify
LAW-BNS-182,Criminal Law,"Bharatiya Nyaya Sanhita, 2023",45 of 2023,182,Making or using documents resembling currency-notes or bank-notes.,Making or using documents resembling currency-notes or bank-notes.,India,To be verified,,https://www.indiacode.nic.in/,2026-09-12,Candidate—verify
LAW-BNS-183,Criminal Law,"Bharatiya Nyaya Sanhita, 2023",45 of 2023,183,"Effacing writing from substance bearing Government stamp, or removing from document a stamp used for it, with intent to cause loss to Government.","Effacing writing from substance bearing Government stamp, or removing from document a stamp used for it, with intent to cause loss to Government.",India,To be verified,,https://www.indiacode.nic.in/,2026-09-12,Candidate—verify
LAW-BNS-184,Criminal Law,"Bharatiya Nyaya Sanhita, 2023",45 of 2023,184,Using Government stamp known to have been before used.,Using Government stamp known to have been before used.,India,To be verified,,https://www.indiacode.nic.in/,2026-09-12,Candidate—verify
LAW-BNS-185,Criminal Law,"Bharatiya Nyaya Sanhita, 2023",45 of 2023,185,Erasure of mark denoting that stamp has been used.,Erasure of mark denoting that stamp has been used.,India,To be verified,,https://www.indiacode.nic.in/,2026-09-12,Candidate—verify
LAW-BNS-186,Criminal Law,"Bharatiya Nyaya Sanhita, 2023",45 of 2023,186,Prohibition of fictitious stamps.,Prohibition of fictitious stamps.,India,To be verified,,https://www.indiacode.nic.in/,2026-09-12,Candidate—verify
LAW-BNS-187,Criminal Law,"Bharatiya Nyaya Sanhita, 2023",45 of 2023,187,Person employed in mint causing coin to be of different weight or composition from that fixed by law.,Person employed in mint causing coin to be of different weight or composition from that fixed by law.,India,To be verified,,https://www.indiacode.nic.in/,2026-09-12,Candidate—verify
LAW-BNS-188,Criminal Law,"Bharatiya Nyaya Sanhita, 2023",45 of 2023,188,Unlawfully taking coining instrument from mint. CHAPTER XI OF OFFENCES AGAINST THE PUBLIC TRANQUILLITY,Unlawfully taking coining instrument from mint. CHAPTER XI OF OFFENCES AGAINST THE PUBLIC TRANQUILLITY,India,To be verified,,https://www.indiacode.nic.in/,2026-09-12,Candidate—verify
LAW-BNS-189,Criminal Law,"Bharatiya Nyaya Sanhita, 2023",45 of 2023,189,Unlawful assembly.,Unlawful assembly.,India,To be verified,,https://www.indiacode.nic.in/,2026-09-12,Candidate—verify
LAW-BNS-190,Criminal Law,"Bharatiya Nyaya Sanhita, 2023",45 of 2023,190,Every member of unlawful assembly guilty of offence committed in prosecution of common object.,Every member of unlawful assembly guilty of offence committed in prosecution of common object.,India,To be verified,,https://www.indiacode.nic.in/,2026-09-12,Candidate—verify
LAW-BNS-191,Criminal Law,"Bharatiya Nyaya Sanhita, 2023",45 of 2023,191,Rioting.,Rioting.,India,To be verified,,https://www.indiacode.nic.in/,2026-09-12,Candidate—verify
LAW-BNS-192,Criminal Law,"Bharatiya Nyaya Sanhita, 2023",45 of 2023,192,Wantonly giving provocation with intent to cause riot-if rioting be committed; if not committed.,Wantonly giving provocation with intent to cause riot-if rioting be committed; if not committed.,India,To be verified,,https://www.indiacode.nic.in/,2026-09-12,Candidate—verify
LAW-BNS-193,Criminal Law,"Bharatiya Nyaya Sanhita, 2023",45 of 2023,193,"Liability of owner, occupier, etc., of land on which an unlawful assembly or riot takes place.","Liability of owner, occupier, etc., of land on which an unlawful assembly or riot takes place.",India,To be verified,,https://www.indiacode.nic.in/,2026-09-12,Candidate—verify
LAW-BNS-194,Criminal Law,"Bharatiya Nyaya Sanhita, 2023",45 of 2023,194,Affray.,Affray.,India,To be verified,,https://www.indiacode.nic.in/,2026-09-12,Candidate—verify
LAW-BNS-195,Criminal Law,"Bharatiya Nyaya Sanhita, 2023",45 of 2023,195,"Assaulting or obstructing public servant when suppressing riot, etc.","Assaulting or obstructing public servant when suppressing riot, etc.",India,To be verified,,https://www.indiacode.nic.in/,2026-09-12,Candidate—verify
LAW-BNS-196,Criminal Law,"Bharatiya Nyaya Sanhita, 2023",45 of 2023,196,"Promoting enmity between different groups on grounds of religion, race, place of birth, residence, language, etc., and doing acts prejudicial to maintenance of harmony. IndiaCode 10 SECTIONS","Promoting enmity between different groups on grounds of religion, race, place of birth, residence, language, etc., and doing acts prejudicial to maintenance of harmony. IndiaCode 10 SECTIONS",India,To be verified,,https://www.indiacode.nic.in/,2026-09-12,Candidate—verify
LAW-BNS-197,Criminal Law,"Bharatiya Nyaya Sanhita, 2023",45 of 2023,197,"Imputations, assertions prejudicial to national integration. CHAPTER XII OF OFFENCES BY OR RELATING TO PUBLIC SERVANTS","Imputations, assertions prejudicial to national integration. CHAPTER XII OF OFFENCES BY OR RELATING TO PUBLIC SERVANTS",India,To be verified,,https://www.indiacode.nic.in/,2026-09-12,Candidate—verify
LAW-BNS-198,Criminal Law,"Bharatiya Nyaya Sanhita, 2023",45 of 2023,198,"Public servant disobeying law, with intent to cause injury to any person.","Public servant disobeying law, with intent to cause injury to any person.",India,To be verified,,https://www.indiacode.nic.in/,2026-09-12,Candidate—verify
LAW-BNS-199,Criminal Law,"Bharatiya Nyaya Sanhita, 2023",45 of 2023,199,Public servant disobeying direction under law.,Public servant disobeying direction under law.,India,To be verified,,https://www.indiacode.nic.in/,2026-09-12,Candidate—verify
LAW-BNS-200,Criminal Law,"Bharatiya Nyaya Sanhita, 2023",45 of 2023,200,Punishment for non-treatment of victim.,Punishment for non-treatment of victim.,India,To be verified,,https://www.indiacode.nic.in/,2026-09-12,Candidate—verify
LAW-BNS-201,Criminal Law,"Bharatiya Nyaya Sanhita, 2023",45 of 2023,201,Public servant framing an incorrect document with intent to cause injury.,Public servant framing an incorrect document with intent to cause injury.,India,To be verified,,https://www.indiacode.nic.in/,2026-09-12,Candidate—verify
LAW-BNS-202,Criminal Law,"Bharatiya Nyaya Sanhita, 2023",45 of 2023,202,Public servant unlawfully engaging in trade.,Public servant unlawfully engaging in trade.,India,To be verified,,https://www.indiacode.nic.in/,2026-09-12,Candidate—verify
LAW-BNS-203,Criminal Law,"Bharatiya Nyaya Sanhita, 2023",45 of 2023,203,Public servant unlawfully buying or bidding for property.,Public servant unlawfully buying or bidding for property.,India,To be verified,,https://www.indiacode.nic.in/,2026-09-12,Candidate—verify
LAW-BNS-204,Criminal Law,"Bharatiya Nyaya Sanhita, 2023",45 of 2023,204,Personating a public servant.,Personating a public servant.,India,To be verified,,https://www.indiacode.nic.in/,2026-09-12,Candidate—verify
LAW-BNS-205,Criminal Law,"Bharatiya Nyaya Sanhita, 2023",45 of 2023,205,Wearing garb or carrying token used by public servant with fraudulent intent. CHAPTER XIII OF CONTEMPTS OF THE LAWFUL AUTHORITY OF PUBLIC SERVANTS,Wearing garb or carrying token used by public servant with fraudulent intent. CHAPTER XIII OF CONTEMPTS OF THE LAWFUL AUTHORITY OF PUBLIC SERVANTS,India,To be verified,,https://www.indiacode.nic.in/,2026-09-12,Candidate—verify
LAW-BNS-206,Criminal Law,"Bharatiya Nyaya Sanhita, 2023",45 of 2023,206,Absconding to avoid service of summons or other proceeding.,Absconding to avoid service of summons or other proceeding.,India,To be verified,,https://www.indiacode.nic.in/,2026-09-12,Candidate—verify
LAW-BNS-207,Criminal Law,"Bharatiya Nyaya Sanhita, 2023",45 of 2023,207,"Preventing service of summons or other proceeding, or preventing publication thereof.","Preventing service of summons or other proceeding, or preventing publication thereof.",India,To be verified,,https://www.indiacode.nic.in/,2026-09-12,Candidate—verify
LAW-BNS-208,Criminal Law,"Bharatiya Nyaya Sanhita, 2023",45 of 2023,208,Non-attendance in obedience to an order from public servant.,Non-attendance in obedience to an order from public servant.,India,To be verified,,https://www.indiacode.nic.in/,2026-09-12,Candidate—verify
LAW-BNS-209,Criminal Law,"Bharatiya Nyaya Sanhita, 2023",45 of 2023,209,"Non-appearance in response to a proclamation under section 84 of Bharatiya Nagarik Suraksha Sanhita, 2023.","Non-appearance in response to a proclamation under section 84 of Bharatiya Nagarik Suraksha Sanhita, 2023.",India,To be verified,,https://www.indiacode.nic.in/,2026-09-12,Candidate—verify
LAW-BNS-210,Criminal Law,"Bharatiya Nyaya Sanhita, 2023",45 of 2023,210,Omission to produce document or electronic record to public servant by person legally bound to produce it.,Omission to produce document or electronic record to public servant by person legally bound to produce it.,India,To be verified,,https://www.indiacode.nic.in/,2026-09-12,Candidate—verify
LAW-BNS-211,Criminal Law,"Bharatiya Nyaya Sanhita, 2023",45 of 2023,211,Omission to give notice or information to public servant by person legally bound to give it.,Omission to give notice or information to public servant by person legally bound to give it.,India,To be verified,,https://www.indiacode.nic.in/,2026-09-12,Candidate—verify
LAW-BNS-212,Criminal Law,"Bharatiya Nyaya Sanhita, 2023",45 of 2023,212,Furnishing false information.,Furnishing false information.,India,To be verified,,https://www.indiacode.nic.in/,2026-09-12,Candidate—verify
LAW-BNS-213,Criminal Law,"Bharatiya Nyaya Sanhita, 2023",45 of 2023,213,Refusing oath or affirmation when duly required by public servant to make it.,Refusing oath or affirmation when duly required by public servant to make it.,India,To be verified,,https://www.indiacode.nic.in/,2026-09-12,Candidate—verify
LAW-BNS-214,Criminal Law,"Bharatiya Nyaya Sanhita, 2023",45 of 2023,214,Refusing to answer public servant authorised to question.,Refusing to answer public servant authorised to question.,India,To be verified,,https://www.indiacode.nic.in/,2026-09-12,Candidate—verify
LAW-BNS-215,Criminal Law,"Bharatiya Nyaya Sanhita, 2023",45 of 2023,215,Refusing to sign statement.,Refusing to sign statement.,India,To be verified,,https://www.indiacode.nic.in/,2026-09-12,Candidate—verify
LAW-BNS-216,Criminal Law,"Bharatiya Nyaya Sanhita, 2023",45 of 2023,216,False statement on oath or affirmation to public servant or person authorised to administer an oath or affirmation.,False statement on oath or affirmation to public servant or person authorised to administer an oath or affirmation.,India,To be verified,,https://www.indiacode.nic.in/,2026-09-12,Candidate—verify
LAW-BNS-217,Criminal Law,"Bharatiya Nyaya Sanhita, 2023",45 of 2023,217,"False information, with intent to cause public servant to use his lawful power to injury of another person.","False information, with intent to cause public servant to use his lawful power to injury of another person.",India,To be verified,,https://www.indiacode.nic.in/,2026-09-12,Candidate—verify
LAW-BNS-218,Criminal Law,"Bharatiya Nyaya Sanhita, 2023",45 of 2023,218,Resistance to taking of property by lawful authority of a public servant.,Resistance to taking of property by lawful authority of a public servant.,India,To be verified,,https://www.indiacode.nic.in/,2026-09-12,Candidate—verify
LAW-BNS-219,Criminal Law,"Bharatiya Nyaya Sanhita, 2023",45 of 2023,219,Obstructing sale of property offered for sale by authority of public servant.,Obstructing sale of property offered for sale by authority of public servant.,India,To be verified,,https://www.indiacode.nic.in/,2026-09-12,Candidate—verify
LAW-BNS-220,Criminal Law,"Bharatiya Nyaya Sanhita, 2023",45 of 2023,220,Illegal purchase or bid for property offered for sale by authority of public servant.,Illegal purchase or bid for property offered for sale by authority of public servant.,India,To be verified,,https://www.indiacode.nic.in/,2026-09-12,Candidate—verify
LAW-BNS-221,Criminal Law,"Bharatiya Nyaya Sanhita, 2023",45 of 2023,221,Obstructing public servant in discharge of public functions.,Obstructing public servant in discharge of public functions.,India,To be verified,,https://www.indiacode.nic.in/,2026-09-12,Candidate—verify
LAW-BNS-222,Criminal Law,"Bharatiya Nyaya Sanhita, 2023",45 of 2023,222,Omission to assist public servant when bound by law to give assistance.,Omission to assist public servant when bound by law to give assistance.,India,To be verified,,https://www.indiacode.nic.in/,2026-09-12,Candidate—verify
LAW-BNS-223,Criminal Law,"Bharatiya Nyaya Sanhita, 2023",45 of 2023,223,Disobedience to order duly promulgated by public servant.,Disobedience to order duly promulgated by public servant.,India,To be verified,,https://www.indiacode.nic.in/,2026-09-12,Candidate—verify
LAW-BNS-224,Criminal Law,"Bharatiya Nyaya Sanhita, 2023",45 of 2023,224,Threat of injury to public servant.,Threat of injury to public servant.,India,To be verified,,https://www.indiacode.nic.in/,2026-09-12,Candidate—verify
LAW-BNS-225,Criminal Law,"Bharatiya Nyaya Sanhita, 2023",45 of 2023,225,Threat of injury to induce person to refrain from applying for protection to public servant. IndiaCode 11 SECTIONS,Threat of injury to induce person to refrain from applying for protection to public servant. IndiaCode 11 SECTIONS,India,To be verified,,https://www.indiacode.nic.in/,2026-09-12,Candidate—verify
LAW-BNS-226,Criminal Law,"Bharatiya Nyaya Sanhita, 2023",45 of 2023,226,Attempt to commit suicide to compel or restrain exercise of lawful power. CHAPTER XIV OF FALSE EVIDENCE AND OFFENCES AGAINST PUBLIC JUSTICE,Attempt to commit suicide to compel or restrain exercise of lawful power. CHAPTER XIV OF FALSE EVIDENCE AND OFFENCES AGAINST PUBLIC JUSTICE,India,To be verified,,https://www.indiacode.nic.in/,2026-09-12,Candidate—verify
LAW-BNS-227,Criminal Law,"Bharatiya Nyaya Sanhita, 2023",45 of 2023,227,Giving false evidence.,Giving false evidence.,India,To be verified,,https://www.indiacode.nic.in/,2026-09-12,Candidate—verify
LAW-BNS-228,Criminal Law,"Bharatiya Nyaya Sanhita, 2023",45 of 2023,228,Fabricating false evidence.,Fabricating false evidence.,India,To be verified,,https://www.indiacode.nic.in/,2026-09-12,Candidate—verify
LAW-BNS-229,Criminal Law,"Bharatiya Nyaya Sanhita, 2023",45 of 2023,229,Punishment for false evidence.,Punishment for false evidence.,India,To be verified,,https://www.indiacode.nic.in/,2026-09-12,Candidate—verify
LAW-BNS-230,Criminal Law,"Bharatiya Nyaya Sanhita, 2023",45 of 2023,230,Giving or fabricating false evidence with intent to procure conviction of capital offence.,Giving or fabricating false evidence with intent to procure conviction of capital offence.,India,To be verified,,https://www.indiacode.nic.in/,2026-09-12,Candidate—verify
LAW-BNS-231,Criminal Law,"Bharatiya Nyaya Sanhita, 2023",45 of 2023,231,Giving or fabricating false evidence with intent to procure conviction of offence punishable with imprisonment for life or imprisonment.,Giving or fabricating false evidence with intent to procure conviction of offence punishable with imprisonment for life or imprisonment.,India,To be verified,,https://www.indiacode.nic.in/,2026-09-12,Candidate—verify
LAW-BNS-232,Criminal Law,"Bharatiya Nyaya Sanhita, 2023",45 of 2023,232,Threatening any person to give false evidence.,Threatening any person to give false evidence.,India,To be verified,,https://www.indiacode.nic.in/,2026-09-12,Candidate—verify
LAW-BNS-233,Criminal Law,"Bharatiya Nyaya Sanhita, 2023",45 of 2023,233,Using evidence known to be false.,Using evidence known to be false.,India,To be verified,,https://www.indiacode.nic.in/,2026-09-12,Candidate—verify
LAW-BNS-234,Criminal Law,"Bharatiya Nyaya Sanhita, 2023",45 of 2023,234,Issuing or signing false certificate.,Issuing or signing false certificate.,India,To be verified,,https://www.indiacode.nic.in/,2026-09-12,Candidate—verify
LAW-BNS-235,Criminal Law,"Bharatiya Nyaya Sanhita, 2023",45 of 2023,235,Using as true a certificate known to be false.,Using as true a certificate known to be false.,India,To be verified,,https://www.indiacode.nic.in/,2026-09-12,Candidate—verify
LAW-BNS-236,Criminal Law,"Bharatiya Nyaya Sanhita, 2023",45 of 2023,236,False statement made in declaration which is by law receivable as evidence.,False statement made in declaration which is by law receivable as evidence.,India,To be verified,,https://www.indiacode.nic.in/,2026-09-12,Candidate—verify
LAW-BNS-237,Criminal Law,"Bharatiya Nyaya Sanhita, 2023",45 of 2023,237,Using as true such declaration knowing it to be false.,Using as true such declaration knowing it to be false.,India,To be verified,,https://www.indiacode.nic.in/,2026-09-12,Candidate—verify
LAW-BNS-238,Criminal Law,"Bharatiya Nyaya Sanhita, 2023",45 of 2023,238,"Causing disappearance of evidence of offence, or giving false information to screen offender.","Causing disappearance of evidence of offence, or giving false information to screen offender.",India,To be verified,,https://www.indiacode.nic.in/,2026-09-12,Candidate—verify
LAW-BNS-239,Criminal Law,"Bharatiya Nyaya Sanhita, 2023",45 of 2023,239,Intentional omission to give information of offence by person bound to inform.,Intentional omission to give information of offence by person bound to inform.,India,To be verified,,https://www.indiacode.nic.in/,2026-09-12,Candidate—verify
LAW-BNS-240,Criminal Law,"Bharatiya Nyaya Sanhita, 2023",45 of 2023,240,Giving false information respecting an offence committed.,Giving false information respecting an offence committed.,India,To be verified,,https://www.indiacode.nic.in/,2026-09-12,Candidate—verify
LAW-BNS-241,Criminal Law,"Bharatiya Nyaya Sanhita, 2023",45 of 2023,241,Destruction of document or electronic record to prevent its production as evidence.,Destruction of document or electronic record to prevent its production as evidence.,India,To be verified,,https://www.indiacode.nic.in/,2026-09-12,Candidate—verify
LAW-BNS-242,Criminal Law,"Bharatiya Nyaya Sanhita, 2023",45 of 2023,242,False personation for purpose of act or proceeding in suit or prosecution.,False personation for purpose of act or proceeding in suit or prosecution.,India,To be verified,,https://www.indiacode.nic.in/,2026-09-12,Candidate—verify
LAW-BNS-243,Criminal Law,"Bharatiya Nyaya Sanhita, 2023",45 of 2023,243,Fraudulent removal or concealment of property to prevent its seizure as forfeited or in execution.,Fraudulent removal or concealment of property to prevent its seizure as forfeited or in execution.,India,To be verified,,https://www.indiacode.nic.in/,2026-09-12,Candidate—verify
LAW-BNS-244,Criminal Law,"Bharatiya Nyaya Sanhita, 2023",45 of 2023,244,Fraudulent claim to property to prevent its seizure as forfeited or in execution.,Fraudulent claim to property to prevent its seizure as forfeited or in execution.,India,To be verified,,https://www.indiacode.nic.in/,2026-09-12,Candidate—verify
LAW-BNS-245,Criminal Law,"Bharatiya Nyaya Sanhita, 2023",45 of 2023,245,Fraudulently suffering decree for sum not due.,Fraudulently suffering decree for sum not due.,India,To be verified,,https://www.indiacode.nic.in/,2026-09-12,Candidate—verify
LAW-BNS-246,Criminal Law,"Bharatiya Nyaya Sanhita, 2023",45 of 2023,246,Dishonestly making false claim in Court.,Dishonestly making false claim in Court.,India,To be verified,,https://www.indiacode.nic.in/,2026-09-12,Candidate—verify
LAW-BNS-247,Criminal Law,"Bharatiya Nyaya Sanhita, 2023",45 of 2023,247,Fraudulently obtaining decree for sum not due.,Fraudulently obtaining decree for sum not due.,India,To be verified,,https://www.indiacode.nic.in/,2026-09-12,Candidate—verify
LAW-BNS-248,Criminal Law,"Bharatiya Nyaya Sanhita, 2023",45 of 2023,248,False charge of offence made with intent to injure.,False charge of offence made with intent to injure.,India,To be verified,,https://www.indiacode.nic.in/,2026-09-12,Candidate—verify
LAW-BNS-249,Criminal Law,"Bharatiya Nyaya Sanhita, 2023",45 of 2023,249,Harbouring offender.,Harbouring offender.,India,To be verified,,https://www.indiacode.nic.in/,2026-09-12,Candidate—verify
LAW-BNS-250,Criminal Law,"Bharatiya Nyaya Sanhita, 2023",45 of 2023,250,"Taking gift, etc., to screen an offender from punishment.","Taking gift, etc., to screen an offender from punishment.",India,To be verified,,https://www.indiacode.nic.in/,2026-09-12,Candidate—verify
LAW-BNS-251,Criminal Law,"Bharatiya Nyaya Sanhita, 2023",45 of 2023,251,Offering gift or restoration of property in consideration of screening offender.,Offering gift or restoration of property in consideration of screening offender.,India,To be verified,,https://www.indiacode.nic.in/,2026-09-12,Candidate—verify
LAW-BNS-252,Criminal Law,"Bharatiya Nyaya Sanhita, 2023",45 of 2023,252,"Taking gift to help to recover stolen property, etc.","Taking gift to help to recover stolen property, etc.",India,To be verified,,https://www.indiacode.nic.in/,2026-09-12,Candidate—verify
LAW-BNS-253,Criminal Law,"Bharatiya Nyaya Sanhita, 2023",45 of 2023,253,Harbouring offender who has escaped from custody or whose apprehension has been ordered.,Harbouring offender who has escaped from custody or whose apprehension has been ordered.,India,To be verified,,https://www.indiacode.nic.in/,2026-09-12,Candidate—verify
LAW-BNS-254,Criminal Law,"Bharatiya Nyaya Sanhita, 2023",45 of 2023,254,Penalty for harbouring robbers or dacoits.,Penalty for harbouring robbers or dacoits.,India,To be verified,,https://www.indiacode.nic.in/,2026-09-12,Candidate—verify
LAW-BNS-255,Criminal Law,"Bharatiya Nyaya Sanhita, 2023",45 of 2023,255,Public servant disobeying direction of law with intent to save person from punishment or property from forfeiture. IndiaCode 12 SECTIONS,Public servant disobeying direction of law with intent to save person from punishment or property from forfeiture. IndiaCode 12 SECTIONS,India,To be verified,,https://www.indiacode.nic.in/,2026-09-12,Candidate—verify
LAW-BNS-256,Criminal Law,"Bharatiya Nyaya Sanhita, 2023",45 of 2023,256,Public servant framing incorrect record or writing with intent to save person from punishment or property from forfeiture.,Public servant framing incorrect record or writing with intent to save person from punishment or property from forfeiture.,India,To be verified,,https://www.indiacode.nic.in/,2026-09-12,Candidate—verify
LAW-BNS-257,Criminal Law,"Bharatiya Nyaya Sanhita, 2023",45 of 2023,257,"Public servant in judicial proceeding corruptly making report, etc., contrary to law.","Public servant in judicial proceeding corruptly making report, etc., contrary to law.",India,To be verified,,https://www.indiacode.nic.in/,2026-09-12,Candidate—verify
LAW-BNS-258,Criminal Law,"Bharatiya Nyaya Sanhita, 2023",45 of 2023,258,Commitment for trial or confinement by person having authority who knows that he is acting contrary to law.,Commitment for trial or confinement by person having authority who knows that he is acting contrary to law.,India,To be verified,,https://www.indiacode.nic.in/,2026-09-12,Candidate—verify
LAW-BNS-259,Criminal Law,"Bharatiya Nyaya Sanhita, 2023",45 of 2023,259,Intentional omission to apprehend on part of public servant bound to apprehend.,Intentional omission to apprehend on part of public servant bound to apprehend.,India,To be verified,,https://www.indiacode.nic.in/,2026-09-12,Candidate—verify
LAW-BNS-260,Criminal Law,"Bharatiya Nyaya Sanhita, 2023",45 of 2023,260,Intentional omission to apprehend on part of public servant bound to apprehend person under sentence or lawfully committed.,Intentional omission to apprehend on part of public servant bound to apprehend person under sentence or lawfully committed.,India,To be verified,,https://www.indiacode.nic.in/,2026-09-12,Candidate—verify
LAW-BNS-261,Criminal Law,"Bharatiya Nyaya Sanhita, 2023",45 of 2023,261,Escape from confinement or custody negligently suffered by public servant.,Escape from confinement or custody negligently suffered by public servant.,India,To be verified,,https://www.indiacode.nic.in/,2026-09-12,Candidate—verify
LAW-BNS-262,Criminal Law,"Bharatiya Nyaya Sanhita, 2023",45 of 2023,262,Resistance or obstruction by a person to his lawful apprehension.,Resistance or obstruction by a person to his lawful apprehension.,India,To be verified,,https://www.indiacode.nic.in/,2026-09-12,Candidate—verify
LAW-BNS-263,Criminal Law,"Bharatiya Nyaya Sanhita, 2023",45 of 2023,263,Resistance or obstruction to lawful apprehension of another person.,Resistance or obstruction to lawful apprehension of another person.,India,To be verified,,https://www.indiacode.nic.in/,2026-09-12,Candidate—verify
LAW-BNS-264,Criminal Law,"Bharatiya Nyaya Sanhita, 2023",45 of 2023,264,"Omission to apprehend, or sufferance of escape, on part of public servant, in cases not otherwise provided for.","Omission to apprehend, or sufferance of escape, on part of public servant, in cases not otherwise provided for.",India,To be verified,,https://www.indiacode.nic.in/,2026-09-12,Candidate—verify
LAW-BNS-265,Criminal Law,"Bharatiya Nyaya Sanhita, 2023",45 of 2023,265,Resistance or obstruction to lawful apprehension or escape or rescue in cases not otherwise provided for.,Resistance or obstruction to lawful apprehension or escape or rescue in cases not otherwise provided for.,India,To be verified,,https://www.indiacode.nic.in/,2026-09-12,Candidate—verify
LAW-BNS-266,Criminal Law,"Bharatiya Nyaya Sanhita, 2023",45 of 2023,266,Violation of condition of remission of punishment.,Violation of condition of remission of punishment.,India,To be verified,,https://www.indiacode.nic.in/,2026-09-12,Candidate—verify
LAW-BNS-267,Criminal Law,"Bharatiya Nyaya Sanhita, 2023",45 of 2023,267,Intentional insult or interruption to public servant sitting in judicial proceeding.,Intentional insult or interruption to public servant sitting in judicial proceeding.,India,To be verified,,https://www.indiacode.nic.in/,2026-09-12,Candidate—verify
LAW-BNS-268,Criminal Law,"Bharatiya Nyaya Sanhita, 2023",45 of 2023,268,Personation of assessor.,Personation of assessor.,India,To be verified,,https://www.indiacode.nic.in/,2026-09-12,Candidate—verify
LAW-BNS-269,Criminal Law,"Bharatiya Nyaya Sanhita, 2023",45 of 2023,269,"Failure by person released on bail bond or bond to appear in Court. CHAPTER XV OF OFFENCES AFFECTING THE PUBLIC HEALTH, SAFETY, CONVENIENCE, DECENCY AND MORALS","Failure by person released on bail bond or bond to appear in Court. CHAPTER XV OF OFFENCES AFFECTING THE PUBLIC HEALTH, SAFETY, CONVENIENCE, DECENCY AND MORALS",India,To be verified,,https://www.indiacode.nic.in/,2026-09-12,Candidate—verify
LAW-BNS-270,Criminal Law,"Bharatiya Nyaya Sanhita, 2023",45 of 2023,270,Public nuisance.,Public nuisance.,India,To be verified,,https://www.indiacode.nic.in/,2026-09-12,Candidate—verify
LAW-BNS-271,Criminal Law,"Bharatiya Nyaya Sanhita, 2023",45 of 2023,271,Negligent act likely to spread infection of disease dangerous to life.,Negligent act likely to spread infection of disease dangerous to life.,India,To be verified,,https://www.indiacode.nic.in/,2026-09-12,Candidate—verify
LAW-BNS-272,Criminal Law,"Bharatiya Nyaya Sanhita, 2023",45 of 2023,272,Malignant act likely to spread infection of disease dangerous to life.,Malignant act likely to spread infection of disease dangerous to life.,India,To be verified,,https://www.indiacode.nic.in/,2026-09-12,Candidate—verify
LAW-BNS-273,Criminal Law,"Bharatiya Nyaya Sanhita, 2023",45 of 2023,273,Disobedience to quarantine rule.,Disobedience to quarantine rule.,India,To be verified,,https://www.indiacode.nic.in/,2026-09-12,Candidate—verify
LAW-BNS-274,Criminal Law,"Bharatiya Nyaya Sanhita, 2023",45 of 2023,274,Adulteration of food or drink intended for sale.,Adulteration of food or drink intended for sale.,India,To be verified,,https://www.indiacode.nic.in/,2026-09-12,Candidate—verify
LAW-BNS-275,Criminal Law,"Bharatiya Nyaya Sanhita, 2023",45 of 2023,275,Sale of noxious food or drink.,Sale of noxious food or drink.,India,To be verified,,https://www.indiacode.nic.in/,2026-09-12,Candidate—verify
LAW-BNS-276,Criminal Law,"Bharatiya Nyaya Sanhita, 2023",45 of 2023,276,Adulteration of drugs.,Adulteration of drugs.,India,To be verified,,https://www.indiacode.nic.in/,2026-09-12,Candidate—verify
LAW-BNS-277,Criminal Law,"Bharatiya Nyaya Sanhita, 2023",45 of 2023,277,Sale of adulterated drugs.,Sale of adulterated drugs.,India,To be verified,,https://www.indiacode.nic.in/,2026-09-12,Candidate—verify
LAW-BNS-278,Criminal Law,"Bharatiya Nyaya Sanhita, 2023",45 of 2023,278,Sale of drug as a different drug or preparation.,Sale of drug as a different drug or preparation.,India,To be verified,,https://www.indiacode.nic.in/,2026-09-12,Candidate—verify
LAW-BNS-279,Criminal Law,"Bharatiya Nyaya Sanhita, 2023",45 of 2023,279,Fouling water of public spring or reservoir.,Fouling water of public spring or reservoir.,India,To be verified,,https://www.indiacode.nic.in/,2026-09-12,Candidate—verify
LAW-BNS-280,Criminal Law,"Bharatiya Nyaya Sanhita, 2023",45 of 2023,280,Making atmosphere noxious to health.,Making atmosphere noxious to health.,India,To be verified,,https://www.indiacode.nic.in/,2026-09-12,Candidate—verify
LAW-BNS-281,Criminal Law,"Bharatiya Nyaya Sanhita, 2023",45 of 2023,281,Rash driving or riding on a public way.,Rash driving or riding on a public way.,India,To be verified,,https://www.indiacode.nic.in/,2026-09-12,Candidate—verify
LAW-BNS-282,Criminal Law,"Bharatiya Nyaya Sanhita, 2023",45 of 2023,282,Rash navigation of vessel.,Rash navigation of vessel.,India,To be verified,,https://www.indiacode.nic.in/,2026-09-12,Candidate—verify
LAW-BNS-283,Criminal Law,"Bharatiya Nyaya Sanhita, 2023",45 of 2023,283,"Exhibition of false light, mark or buoy.","Exhibition of false light, mark or buoy.",India,To be verified,,https://www.indiacode.nic.in/,2026-09-12,Candidate—verify
LAW-BNS-284,Criminal Law,"Bharatiya Nyaya Sanhita, 2023",45 of 2023,284,Conveying person by water for hire in unsafe or overloaded vessel.,Conveying person by water for hire in unsafe or overloaded vessel.,India,To be verified,,https://www.indiacode.nic.in/,2026-09-12,Candidate—verify
LAW-BNS-285,Criminal Law,"Bharatiya Nyaya Sanhita, 2023",45 of 2023,285,Danger or obstruction in public way or line of navigation. IndiaCode 13 SECTIONS,Danger or obstruction in public way or line of navigation. IndiaCode 13 SECTIONS,India,To be verified,,https://www.indiacode.nic.in/,2026-09-12,Candidate—verify
LAW-BNS-286,Criminal Law,"Bharatiya Nyaya Sanhita, 2023",45 of 2023,286,Negligent conduct with respect to poisonous substance.,Negligent conduct with respect to poisonous substance.,India,To be verified,,https://www.indiacode.nic.in/,2026-09-12,Candidate—verify
LAW-BNS-287,Criminal Law,"Bharatiya Nyaya Sanhita, 2023",45 of 2023,287,Negligent conduct with respect to fire or combustible matter.,Negligent conduct with respect to fire or combustible matter.,India,To be verified,,https://www.indiacode.nic.in/,2026-09-12,Candidate—verify
LAW-BNS-288,Criminal Law,"Bharatiya Nyaya Sanhita, 2023",45 of 2023,288,Negligent conduct with respect to explosive substance.,Negligent conduct with respect to explosive substance.,India,To be verified,,https://www.indiacode.nic.in/,2026-09-12,Candidate—verify
LAW-BNS-289,Criminal Law,"Bharatiya Nyaya Sanhita, 2023",45 of 2023,289,Negligent conduct with respect to machinery.,Negligent conduct with respect to machinery.,India,To be verified,,https://www.indiacode.nic.in/,2026-09-12,Candidate—verify
LAW-BNS-290,Criminal Law,"Bharatiya Nyaya Sanhita, 2023",45 of 2023,290,"Negligent conduct with respect to pulling down, repairing or constructing buildings, etc.","Negligent conduct with respect to pulling down, repairing or constructing buildings, etc.",India,To be verified,,https://www.indiacode.nic.in/,2026-09-12,Candidate—verify
LAW-BNS-291,Criminal Law,"Bharatiya Nyaya Sanhita, 2023",45 of 2023,291,Negligent conduct with respect to animal.,Negligent conduct with respect to animal.,India,To be verified,,https://www.indiacode.nic.in/,2026-09-12,Candidate—verify
LAW-BNS-292,Criminal Law,"Bharatiya Nyaya Sanhita, 2023",45 of 2023,292,Punishment for public nuisance in cases not otherwise provided for.,Punishment for public nuisance in cases not otherwise provided for.,India,To be verified,,https://www.indiacode.nic.in/,2026-09-12,Candidate—verify
LAW-BNS-293,Criminal Law,"Bharatiya Nyaya Sanhita, 2023",45 of 2023,293,Continuance of nuisance after injunction to discontinue.,Continuance of nuisance after injunction to discontinue.,India,To be verified,,https://www.indiacode.nic.in/,2026-09-12,Candidate—verify
LAW-BNS-294,Criminal Law,"Bharatiya Nyaya Sanhita, 2023",45 of 2023,294,"Sale, etc., of obscene books, etc.","Sale, etc., of obscene books, etc.",India,To be verified,,https://www.indiacode.nic.in/,2026-09-12,Candidate—verify
LAW-BNS-295,Criminal Law,"Bharatiya Nyaya Sanhita, 2023",45 of 2023,295,"Sale, etc., of obscene objects to child.","Sale, etc., of obscene objects to child.",India,To be verified,,https://www.indiacode.nic.in/,2026-09-12,Candidate—verify
LAW-BNS-296,Criminal Law,"Bharatiya Nyaya Sanhita, 2023",45 of 2023,296,Obscene acts and songs.,Obscene acts and songs.,India,To be verified,,https://www.indiacode.nic.in/,2026-09-12,Candidate—verify
LAW-BNS-297,Criminal Law,"Bharatiya Nyaya Sanhita, 2023",45 of 2023,297,Keeping lottery office. CHAPTER XVI OF OFFENCES RELATING TO RELIGION,Keeping lottery office. CHAPTER XVI OF OFFENCES RELATING TO RELIGION,India,To be verified,,https://www.indiacode.nic.in/,2026-09-12,Candidate—verify
LAW-BNS-298,Criminal Law,"Bharatiya Nyaya Sanhita, 2023",45 of 2023,298,Injuring or defiling place of worship with intent to insult religion of any class.,Injuring or defiling place of worship with intent to insult religion of any class.,India,To be verified,,https://www.indiacode.nic.in/,2026-09-12,Candidate—verify
LAW-BNS-299,Criminal Law,"Bharatiya Nyaya Sanhita, 2023",45 of 2023,299,"Deliberate and malicious acts, intended to outrage religious feelings of any class by insulting its religion or religious beliefs.","Deliberate and malicious acts, intended to outrage religious feelings of any class by insulting its religion or religious beliefs.",India,To be verified,,https://www.indiacode.nic.in/,2026-09-12,Candidate—verify
LAW-BNS-300,Criminal Law,"Bharatiya Nyaya Sanhita, 2023",45 of 2023,300,Disturbing religious assembly.,Disturbing religious assembly.,India,To be verified,,https://www.indiacode.nic.in/,2026-09-12,Candidate—verify
LAW-BNS-301,Criminal Law,"Bharatiya Nyaya Sanhita, 2023",45 of 2023,301,"Trespassing on burial places, etc.","Trespassing on burial places, etc.",India,To be verified,,https://www.indiacode.nic.in/,2026-09-12,Candidate—verify
LAW-BNS-302,Criminal Law,"Bharatiya Nyaya Sanhita, 2023",45 of 2023,302,"Uttering words, etc., with deliberate intent to wound religious feelings of any person. CHAPTER XVII OF OFFENCES AGAINST PROPERTY Of theft","Uttering words, etc., with deliberate intent to wound religious feelings of any person. CHAPTER XVII OF OFFENCES AGAINST PROPERTY Of theft",India,To be verified,,https://www.indiacode.nic.in/,2026-09-12,Candidate—verify
LAW-BNS-303,Criminal Law,"Bharatiya Nyaya Sanhita, 2023",45 of 2023,303,Theft.,Theft.,India,To be verified,,https://www.indiacode.nic.in/,2026-09-12,Candidate—verify
LAW-BNS-304,Criminal Law,"Bharatiya Nyaya Sanhita, 2023",45 of 2023,304,Snatching.,Snatching.,India,To be verified,,https://www.indiacode.nic.in/,2026-09-12,Candidate—verify
LAW-BNS-305,Criminal Law,"Bharatiya Nyaya Sanhita, 2023",45 of 2023,305,"Theft in a dwelling house, or means of transportation or place of worship, etc.","Theft in a dwelling house, or means of transportation or place of worship, etc.",India,To be verified,,https://www.indiacode.nic.in/,2026-09-12,Candidate—verify
LAW-BNS-306,Criminal Law,"Bharatiya Nyaya Sanhita, 2023",45 of 2023,306,Theft by clerk or servant of property in possession of master.,Theft by clerk or servant of property in possession of master.,India,To be verified,,https://www.indiacode.nic.in/,2026-09-12,Candidate—verify
LAW-BNS-307,Criminal Law,"Bharatiya Nyaya Sanhita, 2023",45 of 2023,307,"Theft after preparation made for causing death, hurt or restraint in order to committing of theft. Of extortion","Theft after preparation made for causing death, hurt or restraint in order to committing of theft. Of extortion",India,To be verified,,https://www.indiacode.nic.in/,2026-09-12,Candidate—verify
LAW-BNS-308,Criminal Law,"Bharatiya Nyaya Sanhita, 2023",45 of 2023,308,Extortion. Of robbery and dacoity,Extortion. Of robbery and dacoity,India,To be verified,,https://www.indiacode.nic.in/,2026-09-12,Candidate—verify
LAW-BNS-309,Criminal Law,"Bharatiya Nyaya Sanhita, 2023",45 of 2023,309,Robbery.,Robbery.,India,To be verified,,https://www.indiacode.nic.in/,2026-09-12,Candidate—verify
LAW-BNS-310,Criminal Law,"Bharatiya Nyaya Sanhita, 2023",45 of 2023,310,Dacoity.,Dacoity.,India,To be verified,,https://www.indiacode.nic.in/,2026-09-12,Candidate—verify
LAW-BNS-311,Criminal Law,"Bharatiya Nyaya Sanhita, 2023",45 of 2023,311,"Robbery, or dacoity, with attempt to cause death or grievous hurt.","Robbery, or dacoity, with attempt to cause death or grievous hurt.",India,To be verified,,https://www.indiacode.nic.in/,2026-09-12,Candidate—verify
LAW-BNS-312,Criminal Law,"Bharatiya Nyaya Sanhita, 2023",45 of 2023,312,Attempt to commit robbery or dacoity when armed with deadly weapon.,Attempt to commit robbery or dacoity when armed with deadly weapon.,India,To be verified,,https://www.indiacode.nic.in/,2026-09-12,Candidate—verify
LAW-BNS-313,Criminal Law,"Bharatiya Nyaya Sanhita, 2023",45 of 2023,313,"Punishment for belonging to gang of robbers, etc. IndiaCode 14 Of criminal misappropriation of property SECTIONS","Punishment for belonging to gang of robbers, etc. IndiaCode 14 Of criminal misappropriation of property SECTIONS",India,To be verified,,https://www.indiacode.nic.in/,2026-09-12,Candidate—verify
LAW-BNS-314,Criminal Law,"Bharatiya Nyaya Sanhita, 2023",45 of 2023,314,Dishonest misappropriation of property.,Dishonest misappropriation of property.,India,To be verified,,https://www.indiacode.nic.in/,2026-09-12,Candidate—verify
LAW-BNS-315,Criminal Law,"Bharatiya Nyaya Sanhita, 2023",45 of 2023,315,Dishonest misappropriation of property possessed by deceased person at the time of his death. Of criminal breach of trust,Dishonest misappropriation of property possessed by deceased person at the time of his death. Of criminal breach of trust,India,To be verified,,https://www.indiacode.nic.in/,2026-09-12,Candidate—verify
LAW-BNS-316,Criminal Law,"Bharatiya Nyaya Sanhita, 2023",45 of 2023,316,Criminal breach of trust. Of receiving stolen property,Criminal breach of trust. Of receiving stolen property,India,To be verified,,https://www.indiacode.nic.in/,2026-09-12,Candidate—verify
LAW-BNS-317,Criminal Law,"Bharatiya Nyaya Sanhita, 2023",45 of 2023,317,Stolen property. Of cheating,Stolen property. Of cheating,India,To be verified,,https://www.indiacode.nic.in/,2026-09-12,Candidate—verify
LAW-BNS-318,Criminal Law,"Bharatiya Nyaya Sanhita, 2023",45 of 2023,318,Cheating.,Cheating.,India,To be verified,,https://www.indiacode.nic.in/,2026-09-12,Candidate—verify
LAW-BNS-319,Criminal Law,"Bharatiya Nyaya Sanhita, 2023",45 of 2023,319,Cheating by personation. Of fraudulent deeds and dispositions of property,Cheating by personation. Of fraudulent deeds and dispositions of property,India,To be verified,,https://www.indiacode.nic.in/,2026-09-12,Candidate—verify
LAW-BNS-320,Criminal Law,"Bharatiya Nyaya Sanhita, 2023",45 of 2023,320,Dishonest or fraudulent removal or concealment of property to prevent distribution among creditors.,Dishonest or fraudulent removal or concealment of property to prevent distribution among creditors.,India,To be verified,,https://www.indiacode.nic.in/,2026-09-12,Candidate—verify
LAW-BNS-321,Criminal Law,"Bharatiya Nyaya Sanhita, 2023",45 of 2023,321,Dishonestly or fraudulently preventing debt being available for creditors.,Dishonestly or fraudulently preventing debt being available for creditors.,India,To be verified,,https://www.indiacode.nic.in/,2026-09-12,Candidate—verify
LAW-BNS-322,Criminal Law,"Bharatiya Nyaya Sanhita, 2023",45 of 2023,322,Dishonest or fraudulent execution of deed of transfer containing false statement of consideration.,Dishonest or fraudulent execution of deed of transfer containing false statement of consideration.,India,To be verified,,https://www.indiacode.nic.in/,2026-09-12,Candidate—verify
LAW-BNS-323,Criminal Law,"Bharatiya Nyaya Sanhita, 2023",45 of 2023,323,Dishonest or fraudulent removal or concealment of property. Of mischief,Dishonest or fraudulent removal or concealment of property. Of mischief,India,To be verified,,https://www.indiacode.nic.in/,2026-09-12,Candidate—verify
LAW-BNS-324,Criminal Law,"Bharatiya Nyaya Sanhita, 2023",45 of 2023,324,Mischief.,Mischief.,India,To be verified,,https://www.indiacode.nic.in/,2026-09-12,Candidate—verify
LAW-BNS-325,Criminal Law,"Bharatiya Nyaya Sanhita, 2023",45 of 2023,325,Mischief by killing or maiming animal.,Mischief by killing or maiming animal.,India,To be verified,,https://www.indiacode.nic.in/,2026-09-12,Candidate—verify
LAW-BNS-326,Criminal Law,"Bharatiya Nyaya Sanhita, 2023",45 of 2023,326,"Mischief by injury, inundation, fire or explosive substance, etc.","Mischief by injury, inundation, fire or explosive substance, etc.",India,To be verified,,https://www.indiacode.nic.in/,2026-09-12,Candidate—verify
LAW-BNS-327,Criminal Law,"Bharatiya Nyaya Sanhita, 2023",45 of 2023,327,"Mischief with intent to destroy or make unsafe a rail, aircraft, decked vessel or one of twenty tons burden.","Mischief with intent to destroy or make unsafe a rail, aircraft, decked vessel or one of twenty tons burden.",India,To be verified,,https://www.indiacode.nic.in/,2026-09-12,Candidate—verify
LAW-BNS-328,Criminal Law,"Bharatiya Nyaya Sanhita, 2023",45 of 2023,328,"Punishment for intentionally running vessel aground or ashore with intent to commit theft, etc. Of criminal trespass","Punishment for intentionally running vessel aground or ashore with intent to commit theft, etc. Of criminal trespass",India,To be verified,,https://www.indiacode.nic.in/,2026-09-12,Candidate—verify
LAW-BNS-329,Criminal Law,"Bharatiya Nyaya Sanhita, 2023",45 of 2023,329,Criminal trespass and house-trespass.,Criminal trespass and house-trespass.,India,To be verified,,https://www.indiacode.nic.in/,2026-09-12,Candidate—verify
LAW-BNS-330,Criminal Law,"Bharatiya Nyaya Sanhita, 2023",45 of 2023,330,House-trespass and hous-ebreaking.,House-trespass and hous-ebreaking.,India,To be verified,,https://www.indiacode.nic.in/,2026-09-12,Candidate—verify
LAW-BNS-331,Criminal Law,"Bharatiya Nyaya Sanhita, 2023",45 of 2023,331,Punishment for house-trespass or house-breaking.,Punishment for house-trespass or house-breaking.,India,To be verified,,https://www.indiacode.nic.in/,2026-09-12,Candidate—verify
LAW-BNS-332,Criminal Law,"Bharatiya Nyaya Sanhita, 2023",45 of 2023,332,House-trespass in order to commit offence.,House-trespass in order to commit offence.,India,To be verified,,https://www.indiacode.nic.in/,2026-09-12,Candidate—verify
LAW-BNS-333,Criminal Law,"Bharatiya Nyaya Sanhita, 2023",45 of 2023,333,"House-trespass after preparation for hurt, assault or wrongful restraint.","House-trespass after preparation for hurt, assault or wrongful restraint.",India,To be verified,,https://www.indiacode.nic.in/,2026-09-12,Candidate—verify
LAW-BNS-334,Criminal Law,"Bharatiya Nyaya Sanhita, 2023",45 of 2023,334,Dishonestly breaking open receptacle containing property. CHAPTER XVIII OF OFFENCES RELATING TO DOCUMENTS AND TO PROPERTY MARKS,Dishonestly breaking open receptacle containing property. CHAPTER XVIII OF OFFENCES RELATING TO DOCUMENTS AND TO PROPERTY MARKS,India,To be verified,,https://www.indiacode.nic.in/,2026-09-12,Candidate—verify
LAW-BNS-335,Criminal Law,"Bharatiya Nyaya Sanhita, 2023",45 of 2023,335,Making a false document. IndiaCode 15 SECTIONS,Making a false document. IndiaCode 15 SECTIONS,India,To be verified,,https://www.indiacode.nic.in/,2026-09-12,Candidate—verify
LAW-BNS-336,Criminal Law,"Bharatiya Nyaya Sanhita, 2023",45 of 2023,336,Forgery.,Forgery.,India,To be verified,,https://www.indiacode.nic.in/,2026-09-12,Candidate—verify
LAW-BNS-337,Criminal Law,"Bharatiya Nyaya Sanhita, 2023",45 of 2023,337,"Forgery of record of Court or of public register, etc.","Forgery of record of Court or of public register, etc.",India,To be verified,,https://www.indiacode.nic.in/,2026-09-12,Candidate—verify
LAW-BNS-338,Criminal Law,"Bharatiya Nyaya Sanhita, 2023",45 of 2023,338,"Forgery of valuable security, will, etc.","Forgery of valuable security, will, etc.",India,To be verified,,https://www.indiacode.nic.in/,2026-09-12,Candidate—verify
LAW-BNS-339,Criminal Law,"Bharatiya Nyaya Sanhita, 2023",45 of 2023,339,"Having possession of document described in section 337 or section 338, knowing it to be forged and intending to use it as genuine.","Having possession of document described in section 337 or section 338, knowing it to be forged and intending to use it as genuine.",India,To be verified,,https://www.indiacode.nic.in/,2026-09-12,Candidate—verify
LAW-BNS-340,Criminal Law,"Bharatiya Nyaya Sanhita, 2023",45 of 2023,340,Forged document or electronic record and using it as genuine.,Forged document or electronic record and using it as genuine.,India,To be verified,,https://www.indiacode.nic.in/,2026-09-12,Candidate—verify
LAW-BNS-341,Criminal Law,"Bharatiya Nyaya Sanhita, 2023",45 of 2023,341,"Making or possessing counterfeit seal, etc., with intent to commit forgery punishable under section 338.","Making or possessing counterfeit seal, etc., with intent to commit forgery punishable under section 338.",India,To be verified,,https://www.indiacode.nic.in/,2026-09-12,Candidate—verify
LAW-BNS-342,Criminal Law,"Bharatiya Nyaya Sanhita, 2023",45 of 2023,342,"Counterfeiting device or mark used for authenticating documents described in section 338, or possessing counterfeit marked material.","Counterfeiting device or mark used for authenticating documents described in section 338, or possessing counterfeit marked material.",India,To be verified,,https://www.indiacode.nic.in/,2026-09-12,Candidate—verify
LAW-BNS-343,Criminal Law,"Bharatiya Nyaya Sanhita, 2023",45 of 2023,343,"Fraudulent cancellation, destruction, etc., of will, authority to adopt, or valuable security.","Fraudulent cancellation, destruction, etc., of will, authority to adopt, or valuable security.",India,To be verified,,https://www.indiacode.nic.in/,2026-09-12,Candidate—verify
LAW-BNS-344,Criminal Law,"Bharatiya Nyaya Sanhita, 2023",45 of 2023,344,Falsification of accounts. Of property marks,Falsification of accounts. Of property marks,India,To be verified,,https://www.indiacode.nic.in/,2026-09-12,Candidate—verify
LAW-BNS-345,Criminal Law,"Bharatiya Nyaya Sanhita, 2023",45 of 2023,345,Property mark.,Property mark.,India,To be verified,,https://www.indiacode.nic.in/,2026-09-12,Candidate—verify
LAW-BNS-346,Criminal Law,"Bharatiya Nyaya Sanhita, 2023",45 of 2023,346,Tampering with property mark with intent to cause injury.,Tampering with property mark with intent to cause injury.,India,To be verified,,https://www.indiacode.nic.in/,2026-09-12,Candidate—verify
LAW-BNS-347,Criminal Law,"Bharatiya Nyaya Sanhita, 2023",45 of 2023,347,Counterfeiting a property mark.,Counterfeiting a property mark.,India,To be verified,,https://www.indiacode.nic.in/,2026-09-12,Candidate—verify
LAW-BNS-348,Criminal Law,"Bharatiya Nyaya Sanhita, 2023",45 of 2023,348,Making or possession of any instrument for counterfeiting a property mark.,Making or possession of any instrument for counterfeiting a property mark.,India,To be verified,,https://www.indiacode.nic.in/,2026-09-12,Candidate—verify
LAW-BNS-349,Criminal Law,"Bharatiya Nyaya Sanhita, 2023",45 of 2023,349,Selling goods marked with a counterfeit property mark.,Selling goods marked with a counterfeit property mark.,India,To be verified,,https://www.indiacode.nic.in/,2026-09-12,Candidate—verify
LAW-BNS-350,Criminal Law,"Bharatiya Nyaya Sanhita, 2023",45 of 2023,350,"Making a false mark upon any receptacle containing goods. CHAPTER XIX OF CRIMINAL INTIMIDATION, INSULT, ANNOYANCE, DEFAMATION, ETC.","Making a false mark upon any receptacle containing goods. CHAPTER XIX OF CRIMINAL INTIMIDATION, INSULT, ANNOYANCE, DEFAMATION, ETC.",India,To be verified,,https://www.indiacode.nic.in/,2026-09-12,Candidate—verify
LAW-BNS-351,Criminal Law,"Bharatiya Nyaya Sanhita, 2023",45 of 2023,351,Criminal intimidation.,Criminal intimidation.,India,To be verified,,https://www.indiacode.nic.in/,2026-09-12,Candidate—verify
LAW-BNS-352,Criminal Law,"Bharatiya Nyaya Sanhita, 2023",45 of 2023,352,Intentional insult with intent to provoke breach of peace.,Intentional insult with intent to provoke breach of peace.,India,To be verified,,https://www.indiacode.nic.in/,2026-09-12,Candidate—verify
LAW-BNS-353,Criminal Law,"Bharatiya Nyaya Sanhita, 2023",45 of 2023,353,Statements conducing to public mischief.,Statements conducing to public mischief.,India,To be verified,,https://www.indiacode.nic.in/,2026-09-12,Candidate—verify
LAW-BNS-354,Criminal Law,"Bharatiya Nyaya Sanhita, 2023",45 of 2023,354,Act caused by inducing person to believe that he will be rendered an object of Divine displeasure.,Act caused by inducing person to believe that he will be rendered an object of Divine displeasure.,India,To be verified,,https://www.indiacode.nic.in/,2026-09-12,Candidate—verify
LAW-BNS-355,Criminal Law,"Bharatiya Nyaya Sanhita, 2023",45 of 2023,355,Misconduct in public by a drunken person. Of defamation,Misconduct in public by a drunken person. Of defamation,India,To be verified,,https://www.indiacode.nic.in/,2026-09-12,Candidate—verify
LAW-BNS-356,Criminal Law,"Bharatiya Nyaya Sanhita, 2023",45 of 2023,356,Defamation. Of breach of contract to attend on and supply wants of helpless person,Defamation. Of breach of contract to attend on and supply wants of helpless person,India,To be verified,,https://www.indiacode.nic.in/,2026-09-12,Candidate—verify
LAW-BNS-357,Criminal Law,"Bharatiya Nyaya Sanhita, 2023",45 of 2023,357,Breach of contract to attend on and supply wants of helpless person. CHAPTER XX REPEAL AND SAVINGS,Breach of contract to attend on and supply wants of helpless person. CHAPTER XX REPEAL AND SAVINGS,India,To be verified,,https://www.indiacode.nic.in/,2026-09-12,Candidate—verify
LAW-BNS-358,Criminal Law,"Bharatiya Nyaya Sanhita, 2023",45 of 2023,358,"Repeal and savings. IndiaCode 16 THE BHARATIYA NYAYA SANHITA, 2023 ACT NO. 45 OF 2023 [25th December, 2023.] An Act to consolidate and amend the provisions relating to offences and for matters connected therewith or incidental thereto. BE it enacted by Parliament in the Seventy-fourth Year of the Republic of India as follows:–– CHAPTER I PRELIMINARY","Repeal and savings. IndiaCode 16 THE BHARATIYA NYAYA SANHITA, 2023 ACT NO. 45 OF 2023 [25th December, 2023.] An Act to consolidate and amend the provisions relating to offences and for matters connected therewith or incidental thereto. BE it enacted by Parliament in the Seventy-fourth Year of the Republic of India as follows:–– CHAPTER I PRELIMINARY",India,To be verified,,https://www.indiacode.nic.in/,2026-09-12,Candidate—verify
BNSS-001,Criminal Procedure,"Bharatiya Nagarik Suraksha Sanhita, 2023",46 of 2023,1,"Short title, extent and commencement.","Short title, extent and commencement.",India,To be verified,,https://www.indiacode.nic.in/,2026-09-15,Candidate—verify
BNSS-002,Criminal Procedure,"Bharatiya Nagarik Suraksha Sanhita, 2023",46 of 2023,2,Definitions.,Definitions.,India,To be verified,,https://www.indiacode.nic.in/,2026-09-15,Candidate—verify
BNSS-003,Criminal Procedure,"Bharatiya Nagarik Suraksha Sanhita, 2023",46 of 2023,3,Construction of references.,Construction of references.,India,To be verified,,https://www.indiacode.nic.in/,2026-09-15,Candidate—verify
BNSS-004,Criminal Procedure,"Bharatiya Nagarik Suraksha Sanhita, 2023",46 of 2023,4,"Trial of offences under Bharatiya Nyaya Sanhita, 2023 and other laws.","Trial of offences under Bharatiya Nyaya Sanhita, 2023 and other laws.",India,To be verified,,https://www.indiacode.nic.in/,2026-09-15,Candidate—verify
BNSS-005,Criminal Procedure,"Bharatiya Nagarik Suraksha Sanhita, 2023",46 of 2023,5,Saving.,Saving. CHAPTER II CONSTITUTION OF CRIMINAL COURTS AND OFFICES,India,To be verified,,https://www.indiacode.nic.in/,2026-09-15,Candidate—verify
BNSS-006,Criminal Procedure,"Bharatiya Nagarik Suraksha Sanhita, 2023",46 of 2023,6,Classes of Criminal Courts.,Classes of Criminal Courts.,India,To be verified,,https://www.indiacode.nic.in/,2026-09-15,Candidate—verify
BNSS-007,Criminal Procedure,"Bharatiya Nagarik Suraksha Sanhita, 2023",46 of 2023,7,Territorial divisions.,Territorial divisions.,India,To be verified,,https://www.indiacode.nic.in/,2026-09-15,Candidate—verify
BNSS-008,Criminal Procedure,"Bharatiya Nagarik Suraksha Sanhita, 2023",46 of 2023,8,Court of Session.,Court of Session.,India,To be verified,,https://www.indiacode.nic.in/,2026-09-15,Candidate—verify
BNSS-009,Criminal Procedure,"Bharatiya Nagarik Suraksha Sanhita, 2023",46 of 2023,9,Courts of Judicial Magistrates.,Courts of Judicial Magistrates.,India,To be verified,,https://www.indiacode.nic.in/,2026-09-15,Candidate—verify
BNSS-010,Criminal Procedure,"Bharatiya Nagarik Suraksha Sanhita, 2023",46 of 2023,10,"Chief Judicial Magistrate and Additional Chief Judicial Magistrate, etc.","Chief Judicial Magistrate and Additional Chief Judicial Magistrate, etc.",India,To be verified,,https://www.indiacode.nic.in/,2026-09-15,Candidate—verify
BNSS-011,Criminal Procedure,"Bharatiya Nagarik Suraksha Sanhita, 2023",46 of 2023,11,Special Judicial Magistrates.,Special Judicial Magistrates.,India,To be verified,,https://www.indiacode.nic.in/,2026-09-15,Candidate—verify
BNSS-012,Criminal Procedure,"Bharatiya Nagarik Suraksha Sanhita, 2023",46 of 2023,12,Local Jurisdiction of Judicial Magistrates.,Local Jurisdiction of Judicial Magistrates.,India,To be verified,,https://www.indiacode.nic.in/,2026-09-15,Candidate—verify
BNSS-013,Criminal Procedure,"Bharatiya Nagarik Suraksha Sanhita, 2023",46 of 2023,13,Subordination of Judicial Magistrates.,Subordination of Judicial Magistrates.,India,To be verified,,https://www.indiacode.nic.in/,2026-09-15,Candidate—verify
BNSS-014,Criminal Procedure,"Bharatiya Nagarik Suraksha Sanhita, 2023",46 of 2023,14,Executive Magistrates.,Executive Magistrates.,India,To be verified,,https://www.indiacode.nic.in/,2026-09-15,Candidate—verify
BNSS-015,Criminal Procedure,"Bharatiya Nagarik Suraksha Sanhita, 2023",46 of 2023,15,Special Executive Magistrates.,Special Executive Magistrates.,India,To be verified,,https://www.indiacode.nic.in/,2026-09-15,Candidate—verify
BNSS-016,Criminal Procedure,"Bharatiya Nagarik Suraksha Sanhita, 2023",46 of 2023,16,Local Jurisdiction of Executive.,Local Jurisdiction of Executive.,India,To be verified,,https://www.indiacode.nic.in/,2026-09-15,Candidate—verify
BNSS-017,Criminal Procedure,"Bharatiya Nagarik Suraksha Sanhita, 2023",46 of 2023,17,Subordination of Executive Magistrates.,Subordination of Executive Magistrates.,India,To be verified,,https://www.indiacode.nic.in/,2026-09-15,Candidate—verify
BNSS-018,Criminal Procedure,"Bharatiya Nagarik Suraksha Sanhita, 2023",46 of 2023,18,Public Prosecutors.,Public Prosecutors.,India,To be verified,,https://www.indiacode.nic.in/,2026-09-15,Candidate—verify
BNSS-019,Criminal Procedure,"Bharatiya Nagarik Suraksha Sanhita, 2023",46 of 2023,19,Assistant Public Prosecutors.,Assistant Public Prosecutors.,India,To be verified,,https://www.indiacode.nic.in/,2026-09-15,Candidate—verify
BNSS-020,Criminal Procedure,"Bharatiya Nagarik Suraksha Sanhita, 2023",46 of 2023,20,Directorate of Prosecution.,Directorate of Prosecution. CHAPTER III POWER OF COURTS,India,To be verified,,https://www.indiacode.nic.in/,2026-09-15,Candidate—verify
BNSS-021,Criminal Procedure,"Bharatiya Nagarik Suraksha Sanhita, 2023",46 of 2023,21,Courts by which offences are triable.,Courts by which offences are triable.,India,To be verified,,https://www.indiacode.nic.in/,2026-09-15,Candidate—verify
BNSS-022,Criminal Procedure,"Bharatiya Nagarik Suraksha Sanhita, 2023",46 of 2023,22,Sentences which High Courts and Sessions Judges may pass.,Sentences which High Courts and Sessions Judges may pass.,India,To be verified,,https://www.indiacode.nic.in/,2026-09-15,Candidate—verify
BNSS-023,Criminal Procedure,"Bharatiya Nagarik Suraksha Sanhita, 2023",46 of 2023,23,Sentences which Magistrates may pass.,Sentences which Magistrates may pass.,India,To be verified,,https://www.indiacode.nic.in/,2026-09-15,Candidate—verify
BNSS-024,Criminal Procedure,"Bharatiya Nagarik Suraksha Sanhita, 2023",46 of 2023,24,Sentence of imprisonment in default of fine.,Sentence of imprisonment in default of fine.,India,To be verified,,https://www.indiacode.nic.in/,2026-09-15,Candidate—verify
BNSS-025,Criminal Procedure,"Bharatiya Nagarik Suraksha Sanhita, 2023",46 of 2023,25,Sentence in cases of conviction of several offences at one trial.,Sentence in cases of conviction of several offences at one trial.,India,To be verified,,https://www.indiacode.nic.in/,2026-09-15,Candidate—verify
BNSS-026,Criminal Procedure,"Bharatiya Nagarik Suraksha Sanhita, 2023",46 of 2023,26,Mode of conferring powers.,Mode of conferring powers.,India,To be verified,,https://www.indiacode.nic.in/,2026-09-15,Candidate—verify
BNSS-027,Criminal Procedure,"Bharatiya Nagarik Suraksha Sanhita, 2023",46 of 2023,27,Powers of officers appointed.,Powers of officers appointed.,India,To be verified,,https://www.indiacode.nic.in/,2026-09-15,Candidate—verify
BNSS-028,Criminal Procedure,"Bharatiya Nagarik Suraksha Sanhita, 2023",46 of 2023,28,Withdrawal of powers.,Withdrawal of powers.,India,To be verified,,https://www.indiacode.nic.in/,2026-09-15,Candidate—verify
BNSS-029,Criminal Procedure,"Bharatiya Nagarik Suraksha Sanhita, 2023",46 of 2023,29,Powers of Judges and Magistrates exercisable by their successors-in-office.,Powers of Judges and Magistrates exercisable by their successors-in-office. 4 CHAPTER IV POWERS OF SUPERIOR OFFICERS OF POLICE AND AID TO THE MAGISTRATES AND THE POLICE SECTIONS,India,To be verified,,https://www.indiacode.nic.in/,2026-09-15,Candidate—verify
BNSS-030,Criminal Procedure,"Bharatiya Nagarik Suraksha Sanhita, 2023",46 of 2023,30,Powers of superior officers of police.,Powers of superior officers of police.,India,To be verified,,https://www.indiacode.nic.in/,2026-09-15,Candidate—verify
BNSS-031,Criminal Procedure,"Bharatiya Nagarik Suraksha Sanhita, 2023",46 of 2023,31,Public when to assist Magistrates and police.,Public when to assist Magistrates and police.,India,To be verified,,https://www.indiacode.nic.in/,2026-09-15,Candidate—verify
BNSS-032,Criminal Procedure,"Bharatiya Nagarik Suraksha Sanhita, 2023",46 of 2023,32,"Aid to person, other than police officer, executing warrant.","Aid to person, other than police officer, executing warrant.",India,To be verified,,https://www.indiacode.nic.in/,2026-09-15,Candidate—verify
BNSS-033,Criminal Procedure,"Bharatiya Nagarik Suraksha Sanhita, 2023",46 of 2023,33,Public to give information of certain offences.,Public to give information of certain offences.,India,To be verified,,https://www.indiacode.nic.in/,2026-09-15,Candidate—verify
BNSS-034,Criminal Procedure,"Bharatiya Nagarik Suraksha Sanhita, 2023",46 of 2023,34,Duty of officers employed in connection with affairs of a village to make certain report.,Duty of officers employed in connection with affairs of a village to make certain report. CHAPTER V ARREST OF PERSONS,India,To be verified,,https://www.indiacode.nic.in/,2026-09-15,Candidate—verify
BNSS-035,Criminal Procedure,"Bharatiya Nagarik Suraksha Sanhita, 2023",46 of 2023,35,When police may arrest without warrant.,When police may arrest without warrant.,India,To be verified,,https://www.indiacode.nic.in/,2026-09-15,Candidate—verify
BNSS-036,Criminal Procedure,"Bharatiya Nagarik Suraksha Sanhita, 2023",46 of 2023,36,Procedure of arrest and duties of officer making arrest.,Procedure of arrest and duties of officer making arrest.,India,To be verified,,https://www.indiacode.nic.in/,2026-09-15,Candidate—verify
BNSS-037,Criminal Procedure,"Bharatiya Nagarik Suraksha Sanhita, 2023",46 of 2023,37,Designated police officer.,Designated police officer.,India,To be verified,,https://www.indiacode.nic.in/,2026-09-15,Candidate—verify
BNSS-038,Criminal Procedure,"Bharatiya Nagarik Suraksha Sanhita, 2023",46 of 2023,38,Right of arrested person to meet an advocate of his choice during interrogation.,Right of arrested person to meet an advocate of his choice during interrogation.,India,To be verified,,https://www.indiacode.nic.in/,2026-09-15,Candidate—verify
BNSS-039,Criminal Procedure,"Bharatiya Nagarik Suraksha Sanhita, 2023",46 of 2023,39,Arrest on refusal to give name and residence.,Arrest on refusal to give name and residence.,India,To be verified,,https://www.indiacode.nic.in/,2026-09-15,Candidate—verify
BNSS-040,Criminal Procedure,"Bharatiya Nagarik Suraksha Sanhita, 2023",46 of 2023,40,Arrest by private person and procedure on such arrest.,Arrest by private person and procedure on such arrest.,India,To be verified,,https://www.indiacode.nic.in/,2026-09-15,Candidate—verify
BNSS-041,Criminal Procedure,"Bharatiya Nagarik Suraksha Sanhita, 2023",46 of 2023,41,Arrest by Magistrate.,Arrest by Magistrate.,India,To be verified,,https://www.indiacode.nic.in/,2026-09-15,Candidate—verify
BNSS-042,Criminal Procedure,"Bharatiya Nagarik Suraksha Sanhita, 2023",46 of 2023,42,Protection of members of Armed Forces from arrest.,Protection of members of Armed Forces from arrest.,India,To be verified,,https://www.indiacode.nic.in/,2026-09-15,Candidate—verify
BNSS-043,Criminal Procedure,"Bharatiya Nagarik Suraksha Sanhita, 2023",46 of 2023,43,Arrest how made.,Arrest how made.,India,To be verified,,https://www.indiacode.nic.in/,2026-09-15,Candidate—verify
BNSS-044,Criminal Procedure,"Bharatiya Nagarik Suraksha Sanhita, 2023",46 of 2023,44,Search of place entered by person sought to be arrested.,Search of place entered by person sought to be arrested.,India,To be verified,,https://www.indiacode.nic.in/,2026-09-15,Candidate—verify
BNSS-045,Criminal Procedure,"Bharatiya Nagarik Suraksha Sanhita, 2023",46 of 2023,45,Pursuit of offenders into other jurisdictions.,Pursuit of offenders into other jurisdictions.,India,To be verified,,https://www.indiacode.nic.in/,2026-09-15,Candidate—verify
BNSS-046,Criminal Procedure,"Bharatiya Nagarik Suraksha Sanhita, 2023",46 of 2023,46,No unnecessary restraint.,No unnecessary restraint.,India,To be verified,,https://www.indiacode.nic.in/,2026-09-15,Candidate—verify
BNSS-047,Criminal Procedure,"Bharatiya Nagarik Suraksha Sanhita, 2023",46 of 2023,47,Person arrested to be informed of grounds of arrest and of right to bail.,Person arrested to be informed of grounds of arrest and of right to bail.,India,To be verified,,https://www.indiacode.nic.in/,2026-09-15,Candidate—verify
BNSS-048,Criminal Procedure,"Bharatiya Nagarik Suraksha Sanhita, 2023",46 of 2023,48,"Obligation of person making arrest to inform about arrest, etc., to relative or friend.","Obligation of person making arrest to inform about arrest, etc., to relative or friend.",India,To be verified,,https://www.indiacode.nic.in/,2026-09-15,Candidate—verify
BNSS-049,Criminal Procedure,"Bharatiya Nagarik Suraksha Sanhita, 2023",46 of 2023,49,Search of arrested person.,Search of arrested person.,India,To be verified,,https://www.indiacode.nic.in/,2026-09-15,Candidate—verify
BNSS-050,Criminal Procedure,"Bharatiya Nagarik Suraksha Sanhita, 2023",46 of 2023,50,Power to seize offensive weapons.,Power to seize offensive weapons.,India,To be verified,,https://www.indiacode.nic.in/,2026-09-15,Candidate—verify
BNSS-051,Criminal Procedure,"Bharatiya Nagarik Suraksha Sanhita, 2023",46 of 2023,51,Examination of accused by medical practitioner at request of police officer.,Examination of accused by medical practitioner at request of police officer.,India,To be verified,,https://www.indiacode.nic.in/,2026-09-15,Candidate—verify
BNSS-052,Criminal Procedure,"Bharatiya Nagarik Suraksha Sanhita, 2023",46 of 2023,52,Examination of person accused of rape by medical practitioner.,Examination of person accused of rape by medical practitioner.,India,To be verified,,https://www.indiacode.nic.in/,2026-09-15,Candidate—verify
BNSS-053,Criminal Procedure,"Bharatiya Nagarik Suraksha Sanhita, 2023",46 of 2023,53,Examination of arrested person by medical officer.,Examination of arrested person by medical officer.,India,To be verified,,https://www.indiacode.nic.in/,2026-09-15,Candidate—verify
BNSS-054,Criminal Procedure,"Bharatiya Nagarik Suraksha Sanhita, 2023",46 of 2023,54,Identification of person arrested.,Identification of person arrested.,India,To be verified,,https://www.indiacode.nic.in/,2026-09-15,Candidate—verify
BNSS-055,Criminal Procedure,"Bharatiya Nagarik Suraksha Sanhita, 2023",46 of 2023,55,Procedure when police officer deputes subordinate to arrest without warrant.,Procedure when police officer deputes subordinate to arrest without warrant.,India,To be verified,,https://www.indiacode.nic.in/,2026-09-15,Candidate—verify
BNSS-056,Criminal Procedure,"Bharatiya Nagarik Suraksha Sanhita, 2023",46 of 2023,56,Health and safety of arrested person.,Health and safety of arrested person.,India,To be verified,,https://www.indiacode.nic.in/,2026-09-15,Candidate—verify
BNSS-057,Criminal Procedure,"Bharatiya Nagarik Suraksha Sanhita, 2023",46 of 2023,57,Person arrested to be taken before Magistrate or officer in charge of police station.,Person arrested to be taken before Magistrate or officer in charge of police station.,India,To be verified,,https://www.indiacode.nic.in/,2026-09-15,Candidate—verify
BNSS-058,Criminal Procedure,"Bharatiya Nagarik Suraksha Sanhita, 2023",46 of 2023,58,Person arrested not to be detained more than twenty-four hours.,Person arrested not to be detained more than twenty-four hours.,India,To be verified,,https://www.indiacode.nic.in/,2026-09-15,Candidate—verify
BNSS-059,Criminal Procedure,"Bharatiya Nagarik Suraksha Sanhita, 2023",46 of 2023,59,Police to report apprehensions.,Police to report apprehensions.,India,To be verified,,https://www.indiacode.nic.in/,2026-09-15,Candidate—verify
BNSS-060,Criminal Procedure,"Bharatiya Nagarik Suraksha Sanhita, 2023",46 of 2023,60,Discharge of person apprehended.,Discharge of person apprehended.,India,To be verified,,https://www.indiacode.nic.in/,2026-09-15,Candidate—verify
BNSS-061,Criminal Procedure,"Bharatiya Nagarik Suraksha Sanhita, 2023",46 of 2023,61,"Power, on escape, to pursue and retake.","Power, on escape, to pursue and retake.",India,To be verified,,https://www.indiacode.nic.in/,2026-09-15,Candidate—verify
BNSS-062,Criminal Procedure,"Bharatiya Nagarik Suraksha Sanhita, 2023",46 of 2023,62,Arrest to be made strictly according to Sanhita.,Arrest to be made strictly according to Sanhita. CHAPTER VI PROCESSES TO COMPEL APPEARANCE A.—Summons,India,To be verified,,https://www.indiacode.nic.in/,2026-09-15,Candidate—verify
BNSS-063,Criminal Procedure,"Bharatiya Nagarik Suraksha Sanhita, 2023",46 of 2023,63,Form of summons.,Form of summons.,India,To be verified,,https://www.indiacode.nic.in/,2026-09-15,Candidate—verify
BNSS-064,Criminal Procedure,"Bharatiya Nagarik Suraksha Sanhita, 2023",46 of 2023,64,Summons how served.,Summons how served.,India,To be verified,,https://www.indiacode.nic.in/,2026-09-15,Candidate—verify
BNSS-065,Criminal Procedure,"Bharatiya Nagarik Suraksha Sanhita, 2023",46 of 2023,65,"Service of summons on corporate bodies, firms, and societies.","Service of summons on corporate bodies, firms, and societies.",India,To be verified,,https://www.indiacode.nic.in/,2026-09-15,Candidate—verify
BNSS-066,Criminal Procedure,"Bharatiya Nagarik Suraksha Sanhita, 2023",46 of 2023,66,Service when persons summoned cannot be found.,Service when persons summoned cannot be found.,India,To be verified,,https://www.indiacode.nic.in/,2026-09-15,Candidate—verify
BNSS-067,Criminal Procedure,"Bharatiya Nagarik Suraksha Sanhita, 2023",46 of 2023,67,Procedure when service cannot be effected as before provided.,Procedure when service cannot be effected as before provided.,India,To be verified,,https://www.indiacode.nic.in/,2026-09-15,Candidate—verify
BNSS-068,Criminal Procedure,"Bharatiya Nagarik Suraksha Sanhita, 2023",46 of 2023,68,Service on Government servant.,Service on Government servant. 5 SECTIONS,India,To be verified,,https://www.indiacode.nic.in/,2026-09-15,Candidate—verify
BNSS-069,Criminal Procedure,"Bharatiya Nagarik Suraksha Sanhita, 2023",46 of 2023,69,Service of summons outside local limits.,Service of summons outside local limits.,India,To be verified,,https://www.indiacode.nic.in/,2026-09-15,Candidate—verify
BNSS-070,Criminal Procedure,"Bharatiya Nagarik Suraksha Sanhita, 2023",46 of 2023,70,Proof of service in such cases and when serving officer not present.,Proof of service in such cases and when serving officer not present.,India,To be verified,,https://www.indiacode.nic.in/,2026-09-15,Candidate—verify
BNSS-071,Criminal Procedure,"Bharatiya Nagarik Suraksha Sanhita, 2023",46 of 2023,71,Service of summons on witness.,Service of summons on witness. B.—Warrant of arrest,India,To be verified,,https://www.indiacode.nic.in/,2026-09-15,Candidate—verify
BNSS-072,Criminal Procedure,"Bharatiya Nagarik Suraksha Sanhita, 2023",46 of 2023,72,Form of warrant of arrest and duration.,Form of warrant of arrest and duration.,India,To be verified,,https://www.indiacode.nic.in/,2026-09-15,Candidate—verify
BNSS-073,Criminal Procedure,"Bharatiya Nagarik Suraksha Sanhita, 2023",46 of 2023,73,Power to direct security to be taken.,Power to direct security to be taken.,India,To be verified,,https://www.indiacode.nic.in/,2026-09-15,Candidate—verify
BNSS-074,Criminal Procedure,"Bharatiya Nagarik Suraksha Sanhita, 2023",46 of 2023,74,Warrants to whom directed.,Warrants to whom directed.,India,To be verified,,https://www.indiacode.nic.in/,2026-09-15,Candidate—verify
BNSS-075,Criminal Procedure,"Bharatiya Nagarik Suraksha Sanhita, 2023",46 of 2023,75,Warrant may be directed to any person.,Warrant may be directed to any person.,India,To be verified,,https://www.indiacode.nic.in/,2026-09-15,Candidate—verify
BNSS-076,Criminal Procedure,"Bharatiya Nagarik Suraksha Sanhita, 2023",46 of 2023,76,Warrant directed to police officer.,Warrant directed to police officer.,India,To be verified,,https://www.indiacode.nic.in/,2026-09-15,Candidate—verify
BNSS-077,Criminal Procedure,"Bharatiya Nagarik Suraksha Sanhita, 2023",46 of 2023,77,Notification of substance of warrant.,Notification of substance of warrant.,India,To be verified,,https://www.indiacode.nic.in/,2026-09-15,Candidate—verify
BNSS-078,Criminal Procedure,"Bharatiya Nagarik Suraksha Sanhita, 2023",46 of 2023,78,Person arrested to be brought before Court without delay.,Person arrested to be brought before Court without delay.,India,To be verified,,https://www.indiacode.nic.in/,2026-09-15,Candidate—verify
BNSS-079,Criminal Procedure,"Bharatiya Nagarik Suraksha Sanhita, 2023",46 of 2023,79,Where warrant may be executed.,Where warrant may be executed.,India,To be verified,,https://www.indiacode.nic.in/,2026-09-15,Candidate—verify
BNSS-080,Criminal Procedure,"Bharatiya Nagarik Suraksha Sanhita, 2023",46 of 2023,80,Warrant forwarded for execution outside jurisdiction.,Warrant forwarded for execution outside jurisdiction.,India,To be verified,,https://www.indiacode.nic.in/,2026-09-15,Candidate—verify
BNSS-081,Criminal Procedure,"Bharatiya Nagarik Suraksha Sanhita, 2023",46 of 2023,81,Warrant directed to police officer for execution outside jurisdiction.,Warrant directed to police officer for execution outside jurisdiction.,India,To be verified,,https://www.indiacode.nic.in/,2026-09-15,Candidate—verify
BNSS-082,Criminal Procedure,"Bharatiya Nagarik Suraksha Sanhita, 2023",46 of 2023,82,Procedure on arrest of person against whom warrant issued.,Procedure on arrest of person against whom warrant issued.,India,To be verified,,https://www.indiacode.nic.in/,2026-09-15,Candidate—verify
BNSS-083,Criminal Procedure,"Bharatiya Nagarik Suraksha Sanhita, 2023",46 of 2023,83,Procedure by Magistrate before whom such person arrested is brought.,Procedure by Magistrate before whom such person arrested is brought. C.—Proclamation and attachment,India,To be verified,,https://www.indiacode.nic.in/,2026-09-15,Candidate—verify
BNSS-084,Criminal Procedure,"Bharatiya Nagarik Suraksha Sanhita, 2023",46 of 2023,84,Proclamation for person absconding.,Proclamation for person absconding.,India,To be verified,,https://www.indiacode.nic.in/,2026-09-15,Candidate—verify
BNSS-085,Criminal Procedure,"Bharatiya Nagarik Suraksha Sanhita, 2023",46 of 2023,85,Attachment of property of person absconding.,Attachment of property of person absconding.,India,To be verified,,https://www.indiacode.nic.in/,2026-09-15,Candidate—verify
BNSS-086,Criminal Procedure,"Bharatiya Nagarik Suraksha Sanhita, 2023",46 of 2023,86,Identification and attachment of property of proclaimed person.,Identification and attachment of property of proclaimed person.,India,To be verified,,https://www.indiacode.nic.in/,2026-09-15,Candidate—verify
BNSS-087,Criminal Procedure,"Bharatiya Nagarik Suraksha Sanhita, 2023",46 of 2023,87,Claims and objections to attachment.,Claims and objections to attachment.,India,To be verified,,https://www.indiacode.nic.in/,2026-09-15,Candidate—verify
BNSS-088,Criminal Procedure,"Bharatiya Nagarik Suraksha Sanhita, 2023",46 of 2023,88,"Release, sale and restoration of attached property.","Release, sale and restoration of attached property.",India,To be verified,,https://www.indiacode.nic.in/,2026-09-15,Candidate—verify
BNSS-089,Criminal Procedure,"Bharatiya Nagarik Suraksha Sanhita, 2023",46 of 2023,89,Appeal from order rejecting application for restoration of attached property.,Appeal from order rejecting application for restoration of attached property. D.—Other rules regarding processes,India,To be verified,,https://www.indiacode.nic.in/,2026-09-15,Candidate—verify
BNSS-090,Criminal Procedure,"Bharatiya Nagarik Suraksha Sanhita, 2023",46 of 2023,90,"Issue of warrant in lieu of, or in addition to, summons.","Issue of warrant in lieu of, or in addition to, summons.",India,To be verified,,https://www.indiacode.nic.in/,2026-09-15,Candidate—verify
BNSS-091,Criminal Procedure,"Bharatiya Nagarik Suraksha Sanhita, 2023",46 of 2023,91,Power to take bond or bail bond for appearance.,Power to take bond or bail bond for appearance.,India,To be verified,,https://www.indiacode.nic.in/,2026-09-15,Candidate—verify
BNSS-092,Criminal Procedure,"Bharatiya Nagarik Suraksha Sanhita, 2023",46 of 2023,92,Arrest on breach of bond or bail bond for appearance.,Arrest on breach of bond or bail bond for appearance.,India,To be verified,,https://www.indiacode.nic.in/,2026-09-15,Candidate—verify
BNSS-093,Criminal Procedure,"Bharatiya Nagarik Suraksha Sanhita, 2023",46 of 2023,93,Provisions of this Chapter generally applicable to summons and warrants of arrest.,Provisions of this Chapter generally applicable to summons and warrants of arrest. CHAPTER VII PROCESSES TO COMPEL THE PRODUCTION OF THINGS A.—Summons to produce,India,To be verified,,https://www.indiacode.nic.in/,2026-09-15,Candidate—verify
BNSS-094,Criminal Procedure,"Bharatiya Nagarik Suraksha Sanhita, 2023",46 of 2023,94,Summons to produce document or other thing.,Summons to produce document or other thing.,India,To be verified,,https://www.indiacode.nic.in/,2026-09-15,Candidate—verify
BNSS-095,Criminal Procedure,"Bharatiya Nagarik Suraksha Sanhita, 2023",46 of 2023,95,Procedure as to letters.,Procedure as to letters. B.—Search-warrants,India,To be verified,,https://www.indiacode.nic.in/,2026-09-15,Candidate—verify
BNSS-096,Criminal Procedure,"Bharatiya Nagarik Suraksha Sanhita, 2023",46 of 2023,96,When search-warrant may be issued.,When search-warrant may be issued.,India,To be verified,,https://www.indiacode.nic.in/,2026-09-15,Candidate—verify
BNSS-097,Criminal Procedure,"Bharatiya Nagarik Suraksha Sanhita, 2023",46 of 2023,97,"Search of place suspected to contain stolen property, forged documents, etc.","Search of place suspected to contain stolen property, forged documents, etc.",India,To be verified,,https://www.indiacode.nic.in/,2026-09-15,Candidate—verify
BNSS-098,Criminal Procedure,"Bharatiya Nagarik Suraksha Sanhita, 2023",46 of 2023,98,Power to declare certain publications forfeited and to issue search-warrants for same.,Power to declare certain publications forfeited and to issue search-warrants for same.,India,To be verified,,https://www.indiacode.nic.in/,2026-09-15,Candidate—verify
BNSS-099,Criminal Procedure,"Bharatiya Nagarik Suraksha Sanhita, 2023",46 of 2023,99,Application to High Court to set aside declaration of forfeiture.,Application to High Court to set aside declaration of forfeiture.,India,To be verified,,https://www.indiacode.nic.in/,2026-09-15,Candidate—verify
BNSS-100,Criminal Procedure,"Bharatiya Nagarik Suraksha Sanhita, 2023",46 of 2023,100,Search for persons wrongfully confined.,Search for persons wrongfully confined.,India,To be verified,,https://www.indiacode.nic.in/,2026-09-15,Candidate—verify
BNSS-101,Criminal Procedure,"Bharatiya Nagarik Suraksha Sanhita, 2023",46 of 2023,101,Power to compel restoration of abducted females.,Power to compel restoration of abducted females. 6 C.—General provisions relating to searches SECTIONS,India,To be verified,,https://www.indiacode.nic.in/,2026-09-15,Candidate—verify
BNSS-102,Criminal Procedure,"Bharatiya Nagarik Suraksha Sanhita, 2023",46 of 2023,102,"Direction, etc., of search-warrants.","Direction, etc., of search-warrants.",India,To be verified,,https://www.indiacode.nic.in/,2026-09-15,Candidate—verify
BNSS-103,Criminal Procedure,"Bharatiya Nagarik Suraksha Sanhita, 2023",46 of 2023,103,Persons in charge of closed place to allow search.,Persons in charge of closed place to allow search.,India,To be verified,,https://www.indiacode.nic.in/,2026-09-15,Candidate—verify
BNSS-104,Criminal Procedure,"Bharatiya Nagarik Suraksha Sanhita, 2023",46 of 2023,104,Disposal of things found in search beyond jurisdiction.,Disposal of things found in search beyond jurisdiction. D.—Miscellaneous,India,To be verified,,https://www.indiacode.nic.in/,2026-09-15,Candidate—verify
BNSS-105,Criminal Procedure,"Bharatiya Nagarik Suraksha Sanhita, 2023",46 of 2023,105,Recording of search and seizure through audio video electronic means..,Recording of search and seizure through audio video electronic means..,India,To be verified,,https://www.indiacode.nic.in/,2026-09-15,Candidate—verify
BNSS-106,Criminal Procedure,"Bharatiya Nagarik Suraksha Sanhita, 2023",46 of 2023,106,Power of police officer to seize certain property.,Power of police officer to seize certain property.,India,To be verified,,https://www.indiacode.nic.in/,2026-09-15,Candidate—verify
BNSS-107,Criminal Procedure,"Bharatiya Nagarik Suraksha Sanhita, 2023",46 of 2023,107,"Attachment, forfeiture or restoration of property.","Attachment, forfeiture or restoration of property.",India,To be verified,,https://www.indiacode.nic.in/,2026-09-15,Candidate—verify
BNSS-108,Criminal Procedure,"Bharatiya Nagarik Suraksha Sanhita, 2023",46 of 2023,108,Magistrate may direct search in his presence.,Magistrate may direct search in his presence.,India,To be verified,,https://www.indiacode.nic.in/,2026-09-15,Candidate—verify
BNSS-109,Criminal Procedure,"Bharatiya Nagarik Suraksha Sanhita, 2023",46 of 2023,109,"Power to impound document, etc., produced.","Power to impound document, etc., produced.",India,To be verified,,https://www.indiacode.nic.in/,2026-09-15,Candidate—verify
BNSS-110,Criminal Procedure,"Bharatiya Nagarik Suraksha Sanhita, 2023",46 of 2023,110,Reciprocal arrangements regarding processes.,Reciprocal arrangements regarding processes. CHAPTER VIII RECIPROCAL ARRANGEMENTS FOR ASSISTANCE IN CERTAIN MATTERS AND PROCEDURE FOR ATTACHMENT AND FORFEITURE OF PROPERTY,India,To be verified,,https://www.indiacode.nic.in/,2026-09-15,Candidate—verify
BNSS-111,Criminal Procedure,"Bharatiya Nagarik Suraksha Sanhita, 2023",46 of 2023,111,Definitions.,Definitions.,India,To be verified,,https://www.indiacode.nic.in/,2026-09-15,Candidate—verify
BNSS-112,Criminal Procedure,"Bharatiya Nagarik Suraksha Sanhita, 2023",46 of 2023,112,Letter of request to competent authority for investigation in a country or place outside India.,Letter of request to competent authority for investigation in a country or place outside India.,India,To be verified,,https://www.indiacode.nic.in/,2026-09-15,Candidate—verify
BNSS-113,Criminal Procedure,"Bharatiya Nagarik Suraksha Sanhita, 2023",46 of 2023,113,Letter of request from a country or place outside India to a Court or an authority for investigation in India.,Letter of request from a country or place outside India to a Court or an authority for investigation in India.,India,To be verified,,https://www.indiacode.nic.in/,2026-09-15,Candidate—verify
BNSS-114,Criminal Procedure,"Bharatiya Nagarik Suraksha Sanhita, 2023",46 of 2023,114,Assistance in securing transfer of persons.,Assistance in securing transfer of persons.,India,To be verified,,https://www.indiacode.nic.in/,2026-09-15,Candidate—verify
BNSS-115,Criminal Procedure,"Bharatiya Nagarik Suraksha Sanhita, 2023",46 of 2023,115,Assistance in relation to orders of attachment or forfeiture of property.,Assistance in relation to orders of attachment or forfeiture of property.,India,To be verified,,https://www.indiacode.nic.in/,2026-09-15,Candidate—verify
BNSS-116,Criminal Procedure,"Bharatiya Nagarik Suraksha Sanhita, 2023",46 of 2023,116,Identifying unlawfully acquired property.,Identifying unlawfully acquired property.,India,To be verified,,https://www.indiacode.nic.in/,2026-09-15,Candidate—verify
BNSS-117,Criminal Procedure,"Bharatiya Nagarik Suraksha Sanhita, 2023",46 of 2023,117,Seizure or attachment of property.,Seizure or attachment of property.,India,To be verified,,https://www.indiacode.nic.in/,2026-09-15,Candidate—verify
BNSS-118,Criminal Procedure,"Bharatiya Nagarik Suraksha Sanhita, 2023",46 of 2023,118,Management of properties seized or forfeited under this Chapter.,Management of properties seized or forfeited under this Chapter.,India,To be verified,,https://www.indiacode.nic.in/,2026-09-15,Candidate—verify
BNSS-119,Criminal Procedure,"Bharatiya Nagarik Suraksha Sanhita, 2023",46 of 2023,119,Notice of forfeiture of property.,Notice of forfeiture of property.,India,To be verified,,https://www.indiacode.nic.in/,2026-09-15,Candidate—verify
BNSS-120,Criminal Procedure,"Bharatiya Nagarik Suraksha Sanhita, 2023",46 of 2023,120,Forfeiture of property in certain cases.,Forfeiture of property in certain cases.,India,To be verified,,https://www.indiacode.nic.in/,2026-09-15,Candidate—verify
BNSS-121,Criminal Procedure,"Bharatiya Nagarik Suraksha Sanhita, 2023",46 of 2023,121,Fine in lieu of forfeiture.,Fine in lieu of forfeiture.,India,To be verified,,https://www.indiacode.nic.in/,2026-09-15,Candidate—verify
BNSS-122,Criminal Procedure,"Bharatiya Nagarik Suraksha Sanhita, 2023",46 of 2023,122,Certain transfers to be null and void.,Certain transfers to be null and void.,India,To be verified,,https://www.indiacode.nic.in/,2026-09-15,Candidate—verify
BNSS-123,Criminal Procedure,"Bharatiya Nagarik Suraksha Sanhita, 2023",46 of 2023,123,Procedure in respect of letter of request.,Procedure in respect of letter of request.,India,To be verified,,https://www.indiacode.nic.in/,2026-09-15,Candidate—verify
BNSS-124,Criminal Procedure,"Bharatiya Nagarik Suraksha Sanhita, 2023",46 of 2023,124,Application of this Chapter.,Application of this Chapter. CHAPTER IX SECURITY FOR KEEPING THE PEACE AND FOR GOOD BEHAVIOUR,India,To be verified,,https://www.indiacode.nic.in/,2026-09-15,Candidate—verify
BNSS-125,Criminal Procedure,"Bharatiya Nagarik Suraksha Sanhita, 2023",46 of 2023,125,Security for keeping peace on conviction.,Security for keeping peace on conviction.,India,To be verified,,https://www.indiacode.nic.in/,2026-09-15,Candidate—verify
BNSS-126,Criminal Procedure,"Bharatiya Nagarik Suraksha Sanhita, 2023",46 of 2023,126,Security for keeping peace in other cases.,Security for keeping peace in other cases.,India,To be verified,,https://www.indiacode.nic.in/,2026-09-15,Candidate—verify
BNSS-127,Criminal Procedure,"Bharatiya Nagarik Suraksha Sanhita, 2023",46 of 2023,127,Security for good behaviour from persons disseminating certain matters.,Security for good behaviour from persons disseminating certain matters.,India,To be verified,,https://www.indiacode.nic.in/,2026-09-15,Candidate—verify
BNSS-128,Criminal Procedure,"Bharatiya Nagarik Suraksha Sanhita, 2023",46 of 2023,128,Security for good behaviour from suspected persons.,Security for good behaviour from suspected persons.,India,To be verified,,https://www.indiacode.nic.in/,2026-09-15,Candidate—verify
BNSS-129,Criminal Procedure,"Bharatiya Nagarik Suraksha Sanhita, 2023",46 of 2023,129,Security for good behaviour from habitual offenders.,Security for good behaviour from habitual offenders.,India,To be verified,,https://www.indiacode.nic.in/,2026-09-15,Candidate—verify
BNSS-130,Criminal Procedure,"Bharatiya Nagarik Suraksha Sanhita, 2023",46 of 2023,130,Order to be made.,Order to be made.,India,To be verified,,https://www.indiacode.nic.in/,2026-09-15,Candidate—verify
BNSS-131,Criminal Procedure,"Bharatiya Nagarik Suraksha Sanhita, 2023",46 of 2023,131,Procedure in respect of person present in Court.,Procedure in respect of person present in Court.,India,To be verified,,https://www.indiacode.nic.in/,2026-09-15,Candidate—verify
BNSS-132,Criminal Procedure,"Bharatiya Nagarik Suraksha Sanhita, 2023",46 of 2023,132,Summons or warrant in case of person not so present.,Summons or warrant in case of person not so present.,India,To be verified,,https://www.indiacode.nic.in/,2026-09-15,Candidate—verify
BNSS-133,Criminal Procedure,"Bharatiya Nagarik Suraksha Sanhita, 2023",46 of 2023,133,Copy of order to accompany summons or warrant.,Copy of order to accompany summons or warrant.,India,To be verified,,https://www.indiacode.nic.in/,2026-09-15,Candidate—verify
BNSS-134,Criminal Procedure,"Bharatiya Nagarik Suraksha Sanhita, 2023",46 of 2023,134,Power to dispense with personal attendance.,Power to dispense with personal attendance.,India,To be verified,,https://www.indiacode.nic.in/,2026-09-15,Candidate—verify
BNSS-135,Criminal Procedure,"Bharatiya Nagarik Suraksha Sanhita, 2023",46 of 2023,135,Inquiry as to truth of information.,Inquiry as to truth of information.,India,To be verified,,https://www.indiacode.nic.in/,2026-09-15,Candidate—verify
BNSS-136,Criminal Procedure,"Bharatiya Nagarik Suraksha Sanhita, 2023",46 of 2023,136,Order to give security.,Order to give security. 7 SECTIONS,India,To be verified,,https://www.indiacode.nic.in/,2026-09-15,Candidate—verify
BNSS-137,Criminal Procedure,"Bharatiya Nagarik Suraksha Sanhita, 2023",46 of 2023,137,Discharge of person informed against.,Discharge of person informed against.,India,To be verified,,https://www.indiacode.nic.in/,2026-09-15,Candidate—verify
BNSS-138,Criminal Procedure,"Bharatiya Nagarik Suraksha Sanhita, 2023",46 of 2023,138,Commencement of period for which security is required.,Commencement of period for which security is required.,India,To be verified,,https://www.indiacode.nic.in/,2026-09-15,Candidate—verify
BNSS-139,Criminal Procedure,"Bharatiya Nagarik Suraksha Sanhita, 2023",46 of 2023,139,Contents of bond.,Contents of bond.,India,To be verified,,https://www.indiacode.nic.in/,2026-09-15,Candidate—verify
BNSS-140,Criminal Procedure,"Bharatiya Nagarik Suraksha Sanhita, 2023",46 of 2023,140,Power to reject sureties.,Power to reject sureties.,India,To be verified,,https://www.indiacode.nic.in/,2026-09-15,Candidate—verify
BNSS-141,Criminal Procedure,"Bharatiya Nagarik Suraksha Sanhita, 2023",46 of 2023,141,Imprisonment in default of security.,Imprisonment in default of security.,India,To be verified,,https://www.indiacode.nic.in/,2026-09-15,Candidate—verify
BNSS-142,Criminal Procedure,"Bharatiya Nagarik Suraksha Sanhita, 2023",46 of 2023,142,Power to release persons imprisoned for failing to give security.,Power to release persons imprisoned for failing to give security.,India,To be verified,,https://www.indiacode.nic.in/,2026-09-15,Candidate—verify
BNSS-143,Criminal Procedure,"Bharatiya Nagarik Suraksha Sanhita, 2023",46 of 2023,143,Security for unexpired period of bond.,"Security for unexpired period of bond. CHAPTER X ORDER FOR MAINTENANCE OF WIVES, CHILDREN AND PARENTS",India,To be verified,,https://www.indiacode.nic.in/,2026-09-15,Candidate—verify
BNSS-144,Criminal Procedure,"Bharatiya Nagarik Suraksha Sanhita, 2023",46 of 2023,144,"Order for maintenance of wives, children and parents.","Order for maintenance of wives, children and parents.",India,To be verified,,https://www.indiacode.nic.in/,2026-09-15,Candidate—verify
BNSS-145,Criminal Procedure,"Bharatiya Nagarik Suraksha Sanhita, 2023",46 of 2023,145,Procedure.,Procedure.,India,To be verified,,https://www.indiacode.nic.in/,2026-09-15,Candidate—verify
BNSS-146,Criminal Procedure,"Bharatiya Nagarik Suraksha Sanhita, 2023",46 of 2023,146,Alteration in allowance.,Alteration in allowance.,India,To be verified,,https://www.indiacode.nic.in/,2026-09-15,Candidate—verify
BNSS-147,Criminal Procedure,"Bharatiya Nagarik Suraksha Sanhita, 2023",46 of 2023,147,Enforcement of order of maintenance.,Enforcement of order of maintenance. CHAPTER XI MAINTENANCE OF PUBLIC ORDER AND TRANQUILLITY A.—Unlawful assemblies,India,To be verified,,https://www.indiacode.nic.in/,2026-09-15,Candidate—verify
BNSS-148,Criminal Procedure,"Bharatiya Nagarik Suraksha Sanhita, 2023",46 of 2023,148,Dispersal of assembly by use of civil force.,Dispersal of assembly by use of civil force.,India,To be verified,,https://www.indiacode.nic.in/,2026-09-15,Candidate—verify
BNSS-149,Criminal Procedure,"Bharatiya Nagarik Suraksha Sanhita, 2023",46 of 2023,149,Use of armed forces to disperse assembly.,Use of armed forces to disperse assembly.,India,To be verified,,https://www.indiacode.nic.in/,2026-09-15,Candidate—verify
BNSS-150,Criminal Procedure,"Bharatiya Nagarik Suraksha Sanhita, 2023",46 of 2023,150,Power of certain armed force officers to disperse assembly.,Power of certain armed force officers to disperse assembly.,India,To be verified,,https://www.indiacode.nic.in/,2026-09-15,Candidate—verify
BNSS-151,Criminal Procedure,"Bharatiya Nagarik Suraksha Sanhita, 2023",46 of 2023,151,"Protection against prosecution for acts done under sections 148, 149 and 150.","Protection against prosecution for acts done under sections 148, 149 and 150. B.—Public nuisances",India,To be verified,,https://www.indiacode.nic.in/,2026-09-15,Candidate—verify
BNSS-152,Criminal Procedure,"Bharatiya Nagarik Suraksha Sanhita, 2023",46 of 2023,152,Conditional order for removal of nuisance.,Conditional order for removal of nuisance.,India,To be verified,,https://www.indiacode.nic.in/,2026-09-15,Candidate—verify
BNSS-153,Criminal Procedure,"Bharatiya Nagarik Suraksha Sanhita, 2023",46 of 2023,153,Service or notification of order.,Service or notification of order.,India,To be verified,,https://www.indiacode.nic.in/,2026-09-15,Candidate—verify
BNSS-154,Criminal Procedure,"Bharatiya Nagarik Suraksha Sanhita, 2023",46 of 2023,154,Person to whom order is addressed to obey or show cause.,Person to whom order is addressed to obey or show cause.,India,To be verified,,https://www.indiacode.nic.in/,2026-09-15,Candidate—verify
BNSS-155,Criminal Procedure,"Bharatiya Nagarik Suraksha Sanhita, 2023",46 of 2023,155,Penalty for failure to comply with section 154.,Penalty for failure to comply with section 154.,India,To be verified,,https://www.indiacode.nic.in/,2026-09-15,Candidate—verify
BNSS-156,Criminal Procedure,"Bharatiya Nagarik Suraksha Sanhita, 2023",46 of 2023,156,Procedure where existence of public right is denied.,Procedure where existence of public right is denied.,India,To be verified,,https://www.indiacode.nic.in/,2026-09-15,Candidate—verify
BNSS-157,Criminal Procedure,"Bharatiya Nagarik Suraksha Sanhita, 2023",46 of 2023,157,Procedure where person against whom order is made under section 152 appears to show-cause.,Procedure where person against whom order is made under section 152 appears to show-cause.,India,To be verified,,https://www.indiacode.nic.in/,2026-09-15,Candidate—verify
BNSS-158,Criminal Procedure,"Bharatiya Nagarik Suraksha Sanhita, 2023",46 of 2023,158,Power of Magistrate to direct local investigation and examination of an expert.,Power of Magistrate to direct local investigation and examination of an expert.,India,To be verified,,https://www.indiacode.nic.in/,2026-09-15,Candidate—verify
BNSS-159,Criminal Procedure,"Bharatiya Nagarik Suraksha Sanhita, 2023",46 of 2023,159,"Power of Magistrate to furnish written instructions, etc.","Power of Magistrate to furnish written instructions, etc.",India,To be verified,,https://www.indiacode.nic.in/,2026-09-15,Candidate—verify
BNSS-160,Criminal Procedure,"Bharatiya Nagarik Suraksha Sanhita, 2023",46 of 2023,160,Procedure on order being made absolute and consequences of disobedience.,Procedure on order being made absolute and consequences of disobedience.,India,To be verified,,https://www.indiacode.nic.in/,2026-09-15,Candidate—verify
BNSS-161,Criminal Procedure,"Bharatiya Nagarik Suraksha Sanhita, 2023",46 of 2023,161,Injunction pending inquiry.,Injunction pending inquiry.,India,To be verified,,https://www.indiacode.nic.in/,2026-09-15,Candidate—verify
BNSS-162,Criminal Procedure,"Bharatiya Nagarik Suraksha Sanhita, 2023",46 of 2023,162,Magistrate may prohibit repetition or Continuance of public nuisance.,Magistrate may prohibit repetition or Continuance of public nuisance. C.—Urgent cases of nuisance or apprehended danger,India,To be verified,,https://www.indiacode.nic.in/,2026-09-15,Candidate—verify
BNSS-163,Criminal Procedure,"Bharatiya Nagarik Suraksha Sanhita, 2023",46 of 2023,163,Power to issue order in urgent cases of nuisance or apprehended danger.,Power to issue order in urgent cases of nuisance or apprehended danger. D.—Disputes as to immovable property,India,To be verified,,https://www.indiacode.nic.in/,2026-09-15,Candidate—verify
BNSS-164,Criminal Procedure,"Bharatiya Nagarik Suraksha Sanhita, 2023",46 of 2023,164,Procedure where dispute concerning land or water is likely to cause breach of peace.,Procedure where dispute concerning land or water is likely to cause breach of peace.,India,To be verified,,https://www.indiacode.nic.in/,2026-09-15,Candidate—verify
BNSS-165,Criminal Procedure,"Bharatiya Nagarik Suraksha Sanhita, 2023",46 of 2023,165,Power to attach subject of dispute and to appoint receiver.,Power to attach subject of dispute and to appoint receiver.,India,To be verified,,https://www.indiacode.nic.in/,2026-09-15,Candidate—verify
BNSS-166,Criminal Procedure,"Bharatiya Nagarik Suraksha Sanhita, 2023",46 of 2023,166,Dispute concerning right of use of land or water.,Dispute concerning right of use of land or water.,India,To be verified,,https://www.indiacode.nic.in/,2026-09-15,Candidate—verify
BNSS-167,Criminal Procedure,"Bharatiya Nagarik Suraksha Sanhita, 2023",46 of 2023,167,Local inquiry.,Local inquiry. 8 CHAPTER XII PREVENTIVE ACTION OF THE POLICE SECTIONS,India,To be verified,,https://www.indiacode.nic.in/,2026-09-15,Candidate—verify
BNSS-168,Criminal Procedure,"Bharatiya Nagarik Suraksha Sanhita, 2023",46 of 2023,168,Police to prevent cognizable offences.,Police to prevent cognizable offences.,India,To be verified,,https://www.indiacode.nic.in/,2026-09-15,Candidate—verify
BNSS-169,Criminal Procedure,"Bharatiya Nagarik Suraksha Sanhita, 2023",46 of 2023,169,Information of design to commit cognizable offences.,Information of design to commit cognizable offences.,India,To be verified,,https://www.indiacode.nic.in/,2026-09-15,Candidate—verify
BNSS-170,Criminal Procedure,"Bharatiya Nagarik Suraksha Sanhita, 2023",46 of 2023,170,Arrest to prevent commission of cognizable offences.,Arrest to prevent commission of cognizable offences.,India,To be verified,,https://www.indiacode.nic.in/,2026-09-15,Candidate—verify
BNSS-171,Criminal Procedure,"Bharatiya Nagarik Suraksha Sanhita, 2023",46 of 2023,171,Prevention of injury to public property.,Prevention of injury to public property.,India,To be verified,,https://www.indiacode.nic.in/,2026-09-15,Candidate—verify
BNSS-172,Criminal Procedure,"Bharatiya Nagarik Suraksha Sanhita, 2023",46 of 2023,172,Persons bound to conform to lawful directions of police CHAPTER XIII INFORMATION TO THE POLICE AND THEIR POWERS TO INVESTIGATE,Persons bound to conform to lawful directions of police CHAPTER XIII INFORMATION TO THE POLICE AND THEIR POWERS TO INVESTIGATE,India,To be verified,,https://www.indiacode.nic.in/,2026-09-15,Candidate—verify
BNSS-173,Criminal Procedure,"Bharatiya Nagarik Suraksha Sanhita, 2023",46 of 2023,173,Information in cognizable cases.,Information in cognizable cases.,India,To be verified,,https://www.indiacode.nic.in/,2026-09-15,Candidate—verify
BNSS-174,Criminal Procedure,"Bharatiya Nagarik Suraksha Sanhita, 2023",46 of 2023,174,Information as to non-cognizable cases and investigation of such cases.,Information as to non-cognizable cases and investigation of such cases.,India,To be verified,,https://www.indiacode.nic.in/,2026-09-15,Candidate—verify
BNSS-175,Criminal Procedure,"Bharatiya Nagarik Suraksha Sanhita, 2023",46 of 2023,175,Police officer’s power to investigate cognizable case.,Police officer’s power to investigate cognizable case.,India,To be verified,,https://www.indiacode.nic.in/,2026-09-15,Candidate—verify
BNSS-176,Criminal Procedure,"Bharatiya Nagarik Suraksha Sanhita, 2023",46 of 2023,176,Procedure for investigation.,Procedure for investigation.,India,To be verified,,https://www.indiacode.nic.in/,2026-09-15,Candidate—verify
BNSS-177,Criminal Procedure,"Bharatiya Nagarik Suraksha Sanhita, 2023",46 of 2023,177,Report how submitted.,Report how submitted.,India,To be verified,,https://www.indiacode.nic.in/,2026-09-15,Candidate—verify
BNSS-178,Criminal Procedure,"Bharatiya Nagarik Suraksha Sanhita, 2023",46 of 2023,178,Power to hold investigation or preliminary inquiry.,Power to hold investigation or preliminary inquiry.,India,To be verified,,https://www.indiacode.nic.in/,2026-09-15,Candidate—verify
BNSS-179,Criminal Procedure,"Bharatiya Nagarik Suraksha Sanhita, 2023",46 of 2023,179,Police officer's power to require attendance of witnesses.,Police officer's power to require attendance of witnesses.,India,To be verified,,https://www.indiacode.nic.in/,2026-09-15,Candidate—verify
BNSS-180,Criminal Procedure,"Bharatiya Nagarik Suraksha Sanhita, 2023",46 of 2023,180,Examination of witnesses by police.,Examination of witnesses by police.,India,To be verified,,https://www.indiacode.nic.in/,2026-09-15,Candidate—verify
BNSS-181,Criminal Procedure,"Bharatiya Nagarik Suraksha Sanhita, 2023",46 of 2023,181,Statements to police and use thereof.,Statements to police and use thereof.,India,To be verified,,https://www.indiacode.nic.in/,2026-09-15,Candidate—verify
BNSS-182,Criminal Procedure,"Bharatiya Nagarik Suraksha Sanhita, 2023",46 of 2023,182,No inducement to be offered.,No inducement to be offered.,India,To be verified,,https://www.indiacode.nic.in/,2026-09-15,Candidate—verify
BNSS-183,Criminal Procedure,"Bharatiya Nagarik Suraksha Sanhita, 2023",46 of 2023,183,Recording of confessions and statements.,Recording of confessions and statements.,India,To be verified,,https://www.indiacode.nic.in/,2026-09-15,Candidate—verify
BNSS-184,Criminal Procedure,"Bharatiya Nagarik Suraksha Sanhita, 2023",46 of 2023,184,Medical examination of victim of rape.,Medical examination of victim of rape.,India,To be verified,,https://www.indiacode.nic.in/,2026-09-15,Candidate—verify
BNSS-185,Criminal Procedure,"Bharatiya Nagarik Suraksha Sanhita, 2023",46 of 2023,185,Search by police officer.,Search by police officer.,India,To be verified,,https://www.indiacode.nic.in/,2026-09-15,Candidate—verify
BNSS-186,Criminal Procedure,"Bharatiya Nagarik Suraksha Sanhita, 2023",46 of 2023,186,When officer in charge of police station may require another to issue search-warrant.,When officer in charge of police station may require another to issue search-warrant.,India,To be verified,,https://www.indiacode.nic.in/,2026-09-15,Candidate—verify
BNSS-187,Criminal Procedure,"Bharatiya Nagarik Suraksha Sanhita, 2023",46 of 2023,187,Procedure when investigation cannot be completed in twenty-four hours.,Procedure when investigation cannot be completed in twenty-four hours.,India,To be verified,,https://www.indiacode.nic.in/,2026-09-15,Candidate—verify
BNSS-188,Criminal Procedure,"Bharatiya Nagarik Suraksha Sanhita, 2023",46 of 2023,188,Report of investigation by subordinate police officer.,Report of investigation by subordinate police officer.,India,To be verified,,https://www.indiacode.nic.in/,2026-09-15,Candidate—verify
BNSS-189,Criminal Procedure,"Bharatiya Nagarik Suraksha Sanhita, 2023",46 of 2023,189,Release of accused when evidence deficient.,Release of accused when evidence deficient.,India,To be verified,,https://www.indiacode.nic.in/,2026-09-15,Candidate—verify
BNSS-190,Criminal Procedure,"Bharatiya Nagarik Suraksha Sanhita, 2023",46 of 2023,190,"Cases to be sent to Magistrate, when evidence is sufficient.","Cases to be sent to Magistrate, when evidence is sufficient.",India,To be verified,,https://www.indiacode.nic.in/,2026-09-15,Candidate—verify
BNSS-191,Criminal Procedure,"Bharatiya Nagarik Suraksha Sanhita, 2023",46 of 2023,191,Complainant and witnesses not to be required to accompany police officer and not to be subject to restraint.,Complainant and witnesses not to be required to accompany police officer and not to be subject to restraint.,India,To be verified,,https://www.indiacode.nic.in/,2026-09-15,Candidate—verify
BNSS-192,Criminal Procedure,"Bharatiya Nagarik Suraksha Sanhita, 2023",46 of 2023,192,Diary of proceedings in investigation.,Diary of proceedings in investigation.,India,To be verified,,https://www.indiacode.nic.in/,2026-09-15,Candidate—verify
BNSS-193,Criminal Procedure,"Bharatiya Nagarik Suraksha Sanhita, 2023",46 of 2023,193,Report of police officer on completion of investigation.,Report of police officer on completion of investigation.,India,To be verified,,https://www.indiacode.nic.in/,2026-09-15,Candidate—verify
BNSS-194,Criminal Procedure,"Bharatiya Nagarik Suraksha Sanhita, 2023",46 of 2023,194,"Police to enquire and report on suicide, etc.","Police to enquire and report on suicide, etc.",India,To be verified,,https://www.indiacode.nic.in/,2026-09-15,Candidate—verify
BNSS-195,Criminal Procedure,"Bharatiya Nagarik Suraksha Sanhita, 2023",46 of 2023,195,Power to summon persons.,Power to summon persons.,India,To be verified,,https://www.indiacode.nic.in/,2026-09-15,Candidate—verify
BNSS-196,Criminal Procedure,"Bharatiya Nagarik Suraksha Sanhita, 2023",46 of 2023,196,Inquiry by Magistrate into cause of death.,Inquiry by Magistrate into cause of death. CHAPTER XIV JURISDICTION OF THE CRIMINAL COURTS IN INQUIRIES AND TRIALS,India,To be verified,,https://www.indiacode.nic.in/,2026-09-15,Candidate—verify
BNSS-197,Criminal Procedure,"Bharatiya Nagarik Suraksha Sanhita, 2023",46 of 2023,197,Ordinary place of inquiry and trial.,Ordinary place of inquiry and trial.,India,To be verified,,https://www.indiacode.nic.in/,2026-09-15,Candidate—verify
BNSS-198,Criminal Procedure,"Bharatiya Nagarik Suraksha Sanhita, 2023",46 of 2023,198,Place of inquiry or trial.,Place of inquiry or trial.,India,To be verified,,https://www.indiacode.nic.in/,2026-09-15,Candidate—verify
BNSS-199,Criminal Procedure,"Bharatiya Nagarik Suraksha Sanhita, 2023",46 of 2023,199,Offence triable where act is done or consequence ensues.,Offence triable where act is done or consequence ensues.,India,To be verified,,https://www.indiacode.nic.in/,2026-09-15,Candidate—verify
BNSS-200,Criminal Procedure,"Bharatiya Nagarik Suraksha Sanhita, 2023",46 of 2023,200,Place of trial where act is an offence by reason of relation to other offence.,Place of trial where act is an offence by reason of relation to other offence.,India,To be verified,,https://www.indiacode.nic.in/,2026-09-15,Candidate—verify
BNSS-201,Criminal Procedure,"Bharatiya Nagarik Suraksha Sanhita, 2023",46 of 2023,201,Place of trial in case of certain offences.,Place of trial in case of certain offences.,India,To be verified,,https://www.indiacode.nic.in/,2026-09-15,Candidate—verify
BNSS-202,Criminal Procedure,"Bharatiya Nagarik Suraksha Sanhita, 2023",46 of 2023,202,"Offences committed by means of electronic communications, letters, etc.","Offences committed by means of electronic communications, letters, etc.",India,To be verified,,https://www.indiacode.nic.in/,2026-09-15,Candidate—verify
BNSS-203,Criminal Procedure,"Bharatiya Nagarik Suraksha Sanhita, 2023",46 of 2023,203,Offence committed on journey or voyage.,Offence committed on journey or voyage.,India,To be verified,,https://www.indiacode.nic.in/,2026-09-15,Candidate—verify
BNSS-204,Criminal Procedure,"Bharatiya Nagarik Suraksha Sanhita, 2023",46 of 2023,204,Place of trial for offences triable together.,Place of trial for offences triable together.,India,To be verified,,https://www.indiacode.nic.in/,2026-09-15,Candidate—verify
BNSS-205,Criminal Procedure,"Bharatiya Nagarik Suraksha Sanhita, 2023",46 of 2023,205,Power to order cases to be tried in different sessions divisions.,Power to order cases to be tried in different sessions divisions. 9 SECTIONS,India,To be verified,,https://www.indiacode.nic.in/,2026-09-15,Candidate—verify
BNSS-206,Criminal Procedure,"Bharatiya Nagarik Suraksha Sanhita, 2023",46 of 2023,206,"High Court to decide, in case of doubt, district where inquiry or trial shall take place.","High Court to decide, in case of doubt, district where inquiry or trial shall take place.",India,To be verified,,https://www.indiacode.nic.in/,2026-09-15,Candidate—verify
BNSS-207,Criminal Procedure,"Bharatiya Nagarik Suraksha Sanhita, 2023",46 of 2023,207,Power to issue summons or warrant for offence committed beyond local jurisdiction.,Power to issue summons or warrant for offence committed beyond local jurisdiction.,India,To be verified,,https://www.indiacode.nic.in/,2026-09-15,Candidate—verify
BNSS-208,Criminal Procedure,"Bharatiya Nagarik Suraksha Sanhita, 2023",46 of 2023,208,Offence committed outside India.,Offence committed outside India.,India,To be verified,,https://www.indiacode.nic.in/,2026-09-15,Candidate—verify
BNSS-209,Criminal Procedure,"Bharatiya Nagarik Suraksha Sanhita, 2023",46 of 2023,209,Receipt of evidence relating to offences committed outside India.,Receipt of evidence relating to offences committed outside India. CHAPTER XV CONDITIONS REQUISITE FOR INITIATION OF PROCEEDINGS,India,To be verified,,https://www.indiacode.nic.in/,2026-09-15,Candidate—verify
BNSS-210,Criminal Procedure,"Bharatiya Nagarik Suraksha Sanhita, 2023",46 of 2023,210,Cognizance of offences by Magistrate.,Cognizance of offences by Magistrate.,India,To be verified,,https://www.indiacode.nic.in/,2026-09-15,Candidate—verify
BNSS-211,Criminal Procedure,"Bharatiya Nagarik Suraksha Sanhita, 2023",46 of 2023,211,Transfer on application of accused.,Transfer on application of accused.,India,To be verified,,https://www.indiacode.nic.in/,2026-09-15,Candidate—verify
BNSS-212,Criminal Procedure,"Bharatiya Nagarik Suraksha Sanhita, 2023",46 of 2023,212,Making over of cases to Magistrates.,Making over of cases to Magistrates.,India,To be verified,,https://www.indiacode.nic.in/,2026-09-15,Candidate—verify
BNSS-213,Criminal Procedure,"Bharatiya Nagarik Suraksha Sanhita, 2023",46 of 2023,213,Cognizance of offences by Court of Session.,Cognizance of offences by Court of Session.,India,To be verified,,https://www.indiacode.nic.in/,2026-09-15,Candidate—verify
BNSS-214,Criminal Procedure,"Bharatiya Nagarik Suraksha Sanhita, 2023",46 of 2023,214,Additional Sessions Judges to try cases made over to them.,Additional Sessions Judges to try cases made over to them.,India,To be verified,,https://www.indiacode.nic.in/,2026-09-15,Candidate—verify
BNSS-215,Criminal Procedure,"Bharatiya Nagarik Suraksha Sanhita, 2023",46 of 2023,215,"Prosecution for contempt of lawful authority of public servants, for offences against public justice and for offences relating to documents given in e","Prosecution for contempt of lawful authority of public servants, for offences against public justice and for offences relating to documents given in evidence.",India,To be verified,,https://www.indiacode.nic.in/,2026-09-15,Candidate—verify
BNSS-216,Criminal Procedure,"Bharatiya Nagarik Suraksha Sanhita, 2023",46 of 2023,216,"Procedure for witnesses in case of threatening, etc.","Procedure for witnesses in case of threatening, etc.",India,To be verified,,https://www.indiacode.nic.in/,2026-09-15,Candidate—verify
BNSS-217,Criminal Procedure,"Bharatiya Nagarik Suraksha Sanhita, 2023",46 of 2023,217,Prosecution for offences against State and for criminal conspiracy to commit such offence.,Prosecution for offences against State and for criminal conspiracy to commit such offence.,India,To be verified,,https://www.indiacode.nic.in/,2026-09-15,Candidate—verify
BNSS-218,Criminal Procedure,"Bharatiya Nagarik Suraksha Sanhita, 2023",46 of 2023,218,Prosecution of Judges and public servants.,Prosecution of Judges and public servants.,India,To be verified,,https://www.indiacode.nic.in/,2026-09-15,Candidate—verify
BNSS-219,Criminal Procedure,"Bharatiya Nagarik Suraksha Sanhita, 2023",46 of 2023,219,Prosecution for offences against marriage.,Prosecution for offences against marriage.,India,To be verified,,https://www.indiacode.nic.in/,2026-09-15,Candidate—verify
BNSS-220,Criminal Procedure,"Bharatiya Nagarik Suraksha Sanhita, 2023",46 of 2023,220,"Prosecution of offences under section 85 of Bharatiya Nyaya Sanhita, 2023.","Prosecution of offences under section 85 of Bharatiya Nyaya Sanhita, 2023.",India,To be verified,,https://www.indiacode.nic.in/,2026-09-15,Candidate—verify
BNSS-221,Criminal Procedure,"Bharatiya Nagarik Suraksha Sanhita, 2023",46 of 2023,221,Cognizance of offence.,Cognizance of offence.,India,To be verified,,https://www.indiacode.nic.in/,2026-09-15,Candidate—verify
BNSS-222,Criminal Procedure,"Bharatiya Nagarik Suraksha Sanhita, 2023",46 of 2023,222,Prosecution for defamation.,Prosecution for defamation. CHAPTER XVI COMPLAINTS TO MAGISTRATES,India,To be verified,,https://www.indiacode.nic.in/,2026-09-15,Candidate—verify
BNSS-223,Criminal Procedure,"Bharatiya Nagarik Suraksha Sanhita, 2023",46 of 2023,223,Examination of complainant.,Examination of complainant.,India,To be verified,,https://www.indiacode.nic.in/,2026-09-15,Candidate—verify
BNSS-224,Criminal Procedure,"Bharatiya Nagarik Suraksha Sanhita, 2023",46 of 2023,224,Procedure by Magistrate not competent to take cognizance of case.,Procedure by Magistrate not competent to take cognizance of case.,India,To be verified,,https://www.indiacode.nic.in/,2026-09-15,Candidate—verify
BNSS-225,Criminal Procedure,"Bharatiya Nagarik Suraksha Sanhita, 2023",46 of 2023,225,Postponement of issue of process.,Postponement of issue of process.,India,To be verified,,https://www.indiacode.nic.in/,2026-09-15,Candidate—verify
BNSS-226,Criminal Procedure,"Bharatiya Nagarik Suraksha Sanhita, 2023",46 of 2023,226,Dismissal of complaint.,Dismissal of complaint. CHAPTER XVII COMMENCEMENT OF PROCEEDINGS BEFORE MAGISTRATES,India,To be verified,,https://www.indiacode.nic.in/,2026-09-15,Candidate—verify
BNSS-227,Criminal Procedure,"Bharatiya Nagarik Suraksha Sanhita, 2023",46 of 2023,227,Issue of process.,Issue of process.,India,To be verified,,https://www.indiacode.nic.in/,2026-09-15,Candidate—verify
BNSS-228,Criminal Procedure,"Bharatiya Nagarik Suraksha Sanhita, 2023",46 of 2023,228,Magistrate may dispense with personal attendance of accused.,Magistrate may dispense with personal attendance of accused.,India,To be verified,,https://www.indiacode.nic.in/,2026-09-15,Candidate—verify
BNSS-229,Criminal Procedure,"Bharatiya Nagarik Suraksha Sanhita, 2023",46 of 2023,229,Special summons in cases of petty offence.,Special summons in cases of petty offence.,India,To be verified,,https://www.indiacode.nic.in/,2026-09-15,Candidate—verify
BNSS-230,Criminal Procedure,"Bharatiya Nagarik Suraksha Sanhita, 2023",46 of 2023,230,Supply to accused of copy of police report and other documents.,Supply to accused of copy of police report and other documents.,India,To be verified,,https://www.indiacode.nic.in/,2026-09-15,Candidate—verify
BNSS-231,Criminal Procedure,"Bharatiya Nagarik Suraksha Sanhita, 2023",46 of 2023,231,Supply of copies of statements and documents to accused in other cases triable by Court of Session.,Supply of copies of statements and documents to accused in other cases triable by Court of Session.,India,To be verified,,https://www.indiacode.nic.in/,2026-09-15,Candidate—verify
BNSS-232,Criminal Procedure,"Bharatiya Nagarik Suraksha Sanhita, 2023",46 of 2023,232,Commitment of case to Court of Session when offence is triable exclusively by it.,Commitment of case to Court of Session when offence is triable exclusively by it.,India,To be verified,,https://www.indiacode.nic.in/,2026-09-15,Candidate—verify
BNSS-233,Criminal Procedure,"Bharatiya Nagarik Suraksha Sanhita, 2023",46 of 2023,233,Procedure to be followed when there is a complaint case and police investigation in respect of same offence.,Procedure to be followed when there is a complaint case and police investigation in respect of same offence. CHAPTER XVIII THE CHARGE A.—Form of charges,India,To be verified,,https://www.indiacode.nic.in/,2026-09-15,Candidate—verify
BNSS-234,Criminal Procedure,"Bharatiya Nagarik Suraksha Sanhita, 2023",46 of 2023,234,Contents of charge.,Contents of charge.,India,To be verified,,https://www.indiacode.nic.in/,2026-09-15,Candidate—verify
BNSS-235,Criminal Procedure,"Bharatiya Nagarik Suraksha Sanhita, 2023",46 of 2023,235,"Particulars as to time, place and person.","Particulars as to time, place and person.",India,To be verified,,https://www.indiacode.nic.in/,2026-09-15,Candidate—verify
BNSS-236,Criminal Procedure,"Bharatiya Nagarik Suraksha Sanhita, 2023",46 of 2023,236,When manner of committing offence must be stated.,When manner of committing offence must be stated.,India,To be verified,,https://www.indiacode.nic.in/,2026-09-15,Candidate—verify
BNSS-237,Criminal Procedure,"Bharatiya Nagarik Suraksha Sanhita, 2023",46 of 2023,237,Words in charge taken in sense of law under which offence is punishable.,Words in charge taken in sense of law under which offence is punishable.,India,To be verified,,https://www.indiacode.nic.in/,2026-09-15,Candidate—verify
BNSS-238,Criminal Procedure,"Bharatiya Nagarik Suraksha Sanhita, 2023",46 of 2023,238,Effect of errors.,Effect of errors.,India,To be verified,,https://www.indiacode.nic.in/,2026-09-15,Candidate—verify
BNSS-239,Criminal Procedure,"Bharatiya Nagarik Suraksha Sanhita, 2023",46 of 2023,239,Court may alter charge.,Court may alter charge.,India,To be verified,,https://www.indiacode.nic.in/,2026-09-15,Candidate—verify
BNSS-240,Criminal Procedure,"Bharatiya Nagarik Suraksha Sanhita, 2023",46 of 2023,240,Recall of witnesses when charge altered.,Recall of witnesses when charge altered. B.—Joinder of charges,India,To be verified,,https://www.indiacode.nic.in/,2026-09-15,Candidate—verify
BNSS-241,Criminal Procedure,"Bharatiya Nagarik Suraksha Sanhita, 2023",46 of 2023,241,Separate charges for distinct offences.,Separate charges for distinct offences. 10 SECTIONS,India,To be verified,,https://www.indiacode.nic.in/,2026-09-15,Candidate—verify
BNSS-242,Criminal Procedure,"Bharatiya Nagarik Suraksha Sanhita, 2023",46 of 2023,242,Offences of same kind within year may be charged together.,Offences of same kind within year may be charged together.,India,To be verified,,https://www.indiacode.nic.in/,2026-09-15,Candidate—verify
BNSS-243,Criminal Procedure,"Bharatiya Nagarik Suraksha Sanhita, 2023",46 of 2023,243,Trial for more than one offence.,Trial for more than one offence.,India,To be verified,,https://www.indiacode.nic.in/,2026-09-15,Candidate—verify
BNSS-244,Criminal Procedure,"Bharatiya Nagarik Suraksha Sanhita, 2023",46 of 2023,244,Where it is doubtful what offence has been committed.,Where it is doubtful what offence has been committed.,India,To be verified,,https://www.indiacode.nic.in/,2026-09-15,Candidate—verify
BNSS-245,Criminal Procedure,"Bharatiya Nagarik Suraksha Sanhita, 2023",46 of 2023,245,When offence proved included in offence charged.,When offence proved included in offence charged.,India,To be verified,,https://www.indiacode.nic.in/,2026-09-15,Candidate—verify
BNSS-246,Criminal Procedure,"Bharatiya Nagarik Suraksha Sanhita, 2023",46 of 2023,246,What persons may be charged jointly.,What persons may be charged jointly.,India,To be verified,,https://www.indiacode.nic.in/,2026-09-15,Candidate—verify
BNSS-247,Criminal Procedure,"Bharatiya Nagarik Suraksha Sanhita, 2023",46 of 2023,247,Withdrawal of remaining charges on conviction on one of several charges.,Withdrawal of remaining charges on conviction on one of several charges. CHAPTER XIX TRIAL BEFORE A COURT OF SESSION,India,To be verified,,https://www.indiacode.nic.in/,2026-09-15,Candidate—verify
BNSS-248,Criminal Procedure,"Bharatiya Nagarik Suraksha Sanhita, 2023",46 of 2023,248,Trial to be conducted by Public Prosecutor.,Trial to be conducted by Public Prosecutor.,India,To be verified,,https://www.indiacode.nic.in/,2026-09-15,Candidate—verify
BNSS-249,Criminal Procedure,"Bharatiya Nagarik Suraksha Sanhita, 2023",46 of 2023,249,Opening case for prosecution.,Opening case for prosecution.,India,To be verified,,https://www.indiacode.nic.in/,2026-09-15,Candidate—verify
BNSS-250,Criminal Procedure,"Bharatiya Nagarik Suraksha Sanhita, 2023",46 of 2023,250,Discharge.,Discharge.,India,To be verified,,https://www.indiacode.nic.in/,2026-09-15,Candidate—verify
BNSS-251,Criminal Procedure,"Bharatiya Nagarik Suraksha Sanhita, 2023",46 of 2023,251,Framing of charge.,Framing of charge.,India,To be verified,,https://www.indiacode.nic.in/,2026-09-15,Candidate—verify
BNSS-252,Criminal Procedure,"Bharatiya Nagarik Suraksha Sanhita, 2023",46 of 2023,252,Conviction on plea of guilty.,Conviction on plea of guilty.,India,To be verified,,https://www.indiacode.nic.in/,2026-09-15,Candidate—verify
BNSS-253,Criminal Procedure,"Bharatiya Nagarik Suraksha Sanhita, 2023",46 of 2023,253,Date for prosecution evidence.,Date for prosecution evidence.,India,To be verified,,https://www.indiacode.nic.in/,2026-09-15,Candidate—verify
BNSS-254,Criminal Procedure,"Bharatiya Nagarik Suraksha Sanhita, 2023",46 of 2023,254,Evidence for prosecution.,Evidence for prosecution.,India,To be verified,,https://www.indiacode.nic.in/,2026-09-15,Candidate—verify
BNSS-255,Criminal Procedure,"Bharatiya Nagarik Suraksha Sanhita, 2023",46 of 2023,255,Acquittal.,Acquittal.,India,To be verified,,https://www.indiacode.nic.in/,2026-09-15,Candidate—verify
BNSS-256,Criminal Procedure,"Bharatiya Nagarik Suraksha Sanhita, 2023",46 of 2023,256,Entering upon defence.,Entering upon defence.,India,To be verified,,https://www.indiacode.nic.in/,2026-09-15,Candidate—verify
BNSS-257,Criminal Procedure,"Bharatiya Nagarik Suraksha Sanhita, 2023",46 of 2023,257,Arguments.,Arguments.,India,To be verified,,https://www.indiacode.nic.in/,2026-09-15,Candidate—verify
BNSS-258,Criminal Procedure,"Bharatiya Nagarik Suraksha Sanhita, 2023",46 of 2023,258,Judgment of acquittal or conviction.,Judgment of acquittal or conviction.,India,To be verified,,https://www.indiacode.nic.in/,2026-09-15,Candidate—verify
BNSS-259,Criminal Procedure,"Bharatiya Nagarik Suraksha Sanhita, 2023",46 of 2023,259,Previous conviction.,Previous conviction.,India,To be verified,,https://www.indiacode.nic.in/,2026-09-15,Candidate—verify
BNSS-260,Criminal Procedure,"Bharatiya Nagarik Suraksha Sanhita, 2023",46 of 2023,260,Procedure in cases instituted under sub-section (2) of section 222.,Procedure in cases instituted under sub-section (2) of section 222. CHAPTER XX TRIAL OF WARRANT-CASES BY MAGISTRATES A.—Cases instituted on a police report,India,To be verified,,https://www.indiacode.nic.in/,2026-09-15,Candidate—verify
BNSS-261,Criminal Procedure,"Bharatiya Nagarik Suraksha Sanhita, 2023",46 of 2023,261,Compliance with section 230.,Compliance with section 230.,India,To be verified,,https://www.indiacode.nic.in/,2026-09-15,Candidate—verify
BNSS-262,Criminal Procedure,"Bharatiya Nagarik Suraksha Sanhita, 2023",46 of 2023,262,When accused shall be discharged.,When accused shall be discharged.,India,To be verified,,https://www.indiacode.nic.in/,2026-09-15,Candidate—verify
BNSS-263,Criminal Procedure,"Bharatiya Nagarik Suraksha Sanhita, 2023",46 of 2023,263,Framing of charge.,Framing of charge.,India,To be verified,,https://www.indiacode.nic.in/,2026-09-15,Candidate—verify
BNSS-264,Criminal Procedure,"Bharatiya Nagarik Suraksha Sanhita, 2023",46 of 2023,264,Conviction on plea of guilty.,Conviction on plea of guilty.,India,To be verified,,https://www.indiacode.nic.in/,2026-09-15,Candidate—verify
BNSS-265,Criminal Procedure,"Bharatiya Nagarik Suraksha Sanhita, 2023",46 of 2023,265,Evidence for prosecution.,Evidence for prosecution.,India,To be verified,,https://www.indiacode.nic.in/,2026-09-15,Candidate—verify
BNSS-266,Criminal Procedure,"Bharatiya Nagarik Suraksha Sanhita, 2023",46 of 2023,266,Evidence for defence.,Evidence for defence. B.—Cases instituted otherwise than on police report,India,To be verified,,https://www.indiacode.nic.in/,2026-09-15,Candidate—verify
BNSS-267,Criminal Procedure,"Bharatiya Nagarik Suraksha Sanhita, 2023",46 of 2023,267,Evidence for prosecution.,Evidence for prosecution.,India,To be verified,,https://www.indiacode.nic.in/,2026-09-15,Candidate—verify
BNSS-268,Criminal Procedure,"Bharatiya Nagarik Suraksha Sanhita, 2023",46 of 2023,268,When accused shall be discharged.,When accused shall be discharged.,India,To be verified,,https://www.indiacode.nic.in/,2026-09-15,Candidate—verify
BNSS-269,Criminal Procedure,"Bharatiya Nagarik Suraksha Sanhita, 2023",46 of 2023,269,Procedure where accused is not discharged.,Procedure where accused is not discharged.,India,To be verified,,https://www.indiacode.nic.in/,2026-09-15,Candidate—verify
BNSS-270,Criminal Procedure,"Bharatiya Nagarik Suraksha Sanhita, 2023",46 of 2023,270,Evidence for defence.,Evidence for defence. C.—Conclusion of trial,India,To be verified,,https://www.indiacode.nic.in/,2026-09-15,Candidate—verify
BNSS-271,Criminal Procedure,"Bharatiya Nagarik Suraksha Sanhita, 2023",46 of 2023,271,Acquittal or conviction.,Acquittal or conviction.,India,To be verified,,https://www.indiacode.nic.in/,2026-09-15,Candidate—verify
BNSS-272,Criminal Procedure,"Bharatiya Nagarik Suraksha Sanhita, 2023",46 of 2023,272,Absence of complainant.,Absence of complainant.,India,To be verified,,https://www.indiacode.nic.in/,2026-09-15,Candidate—verify
BNSS-273,Criminal Procedure,"Bharatiya Nagarik Suraksha Sanhita, 2023",46 of 2023,273,Compensation for accusation without reasonable cause.,Compensation for accusation without reasonable cause. CHAPTER XXI TRIAL OF SUMMONS-CASES BY MAGISTRATES,India,To be verified,,https://www.indiacode.nic.in/,2026-09-15,Candidate—verify
BNSS-274,Criminal Procedure,"Bharatiya Nagarik Suraksha Sanhita, 2023",46 of 2023,274,Substance of accusation to be stated.,Substance of accusation to be stated.,India,To be verified,,https://www.indiacode.nic.in/,2026-09-15,Candidate—verify
BNSS-275,Criminal Procedure,"Bharatiya Nagarik Suraksha Sanhita, 2023",46 of 2023,275,Conviction on plea of guilty.,Conviction on plea of guilty.,India,To be verified,,https://www.indiacode.nic.in/,2026-09-15,Candidate—verify
BNSS-276,Criminal Procedure,"Bharatiya Nagarik Suraksha Sanhita, 2023",46 of 2023,276,Conviction on plea of guilty in absence of accused in petty cases.,Conviction on plea of guilty in absence of accused in petty cases. 11 SECTIONS,India,To be verified,,https://www.indiacode.nic.in/,2026-09-15,Candidate—verify
BNSS-277,Criminal Procedure,"Bharatiya Nagarik Suraksha Sanhita, 2023",46 of 2023,277,Procedure when not convicted.,Procedure when not convicted.,India,To be verified,,https://www.indiacode.nic.in/,2026-09-15,Candidate—verify
BNSS-278,Criminal Procedure,"Bharatiya Nagarik Suraksha Sanhita, 2023",46 of 2023,278,Acquittal or conviction.,Acquittal or conviction.,India,To be verified,,https://www.indiacode.nic.in/,2026-09-15,Candidate—verify
BNSS-279,Criminal Procedure,"Bharatiya Nagarik Suraksha Sanhita, 2023",46 of 2023,279,Non-appearance or death of complainant.,Non-appearance or death of complainant.,India,To be verified,,https://www.indiacode.nic.in/,2026-09-15,Candidate—verify
BNSS-280,Criminal Procedure,"Bharatiya Nagarik Suraksha Sanhita, 2023",46 of 2023,280,Withdrawal of complaint.,Withdrawal of complaint.,India,To be verified,,https://www.indiacode.nic.in/,2026-09-15,Candidate—verify
BNSS-281,Criminal Procedure,"Bharatiya Nagarik Suraksha Sanhita, 2023",46 of 2023,281,Power to stop proceedings in certain cases.,Power to stop proceedings in certain cases.,India,To be verified,,https://www.indiacode.nic.in/,2026-09-15,Candidate—verify
BNSS-282,Criminal Procedure,"Bharatiya Nagarik Suraksha Sanhita, 2023",46 of 2023,282,Power of Court to convert summons-cases into warrant-cases.,Power of Court to convert summons-cases into warrant-cases. CHAPTER XXII SUMMARY TRIALS,India,To be verified,,https://www.indiacode.nic.in/,2026-09-15,Candidate—verify
BNSS-283,Criminal Procedure,"Bharatiya Nagarik Suraksha Sanhita, 2023",46 of 2023,283,Power to try summarily.,Power to try summarily.,India,To be verified,,https://www.indiacode.nic.in/,2026-09-15,Candidate—verify
BNSS-284,Criminal Procedure,"Bharatiya Nagarik Suraksha Sanhita, 2023",46 of 2023,284,Summary trial by Magistrate of second class.,Summary trial by Magistrate of second class.,India,To be verified,,https://www.indiacode.nic.in/,2026-09-15,Candidate—verify
BNSS-285,Criminal Procedure,"Bharatiya Nagarik Suraksha Sanhita, 2023",46 of 2023,285,Procedure for summary trials.,Procedure for summary trials.,India,To be verified,,https://www.indiacode.nic.in/,2026-09-15,Candidate—verify
BNSS-286,Criminal Procedure,"Bharatiya Nagarik Suraksha Sanhita, 2023",46 of 2023,286,Record in summary trials.,Record in summary trials.,India,To be verified,,https://www.indiacode.nic.in/,2026-09-15,Candidate—verify
BNSS-287,Criminal Procedure,"Bharatiya Nagarik Suraksha Sanhita, 2023",46 of 2023,287,Judgment in cases tried summarily.,Judgment in cases tried summarily.,India,To be verified,,https://www.indiacode.nic.in/,2026-09-15,Candidate—verify
BNSS-288,Criminal Procedure,"Bharatiya Nagarik Suraksha Sanhita, 2023",46 of 2023,288,Language of record and judgment.,Language of record and judgment. CHAPTER XXIII PLEA BARGAINING,India,To be verified,,https://www.indiacode.nic.in/,2026-09-15,Candidate—verify
BNSS-289,Criminal Procedure,"Bharatiya Nagarik Suraksha Sanhita, 2023",46 of 2023,289,Application of Chapter.,Application of Chapter.,India,To be verified,,https://www.indiacode.nic.in/,2026-09-15,Candidate—verify
BNSS-290,Criminal Procedure,"Bharatiya Nagarik Suraksha Sanhita, 2023",46 of 2023,290,Application for plea bargaining.,Application for plea bargaining.,India,To be verified,,https://www.indiacode.nic.in/,2026-09-15,Candidate—verify
BNSS-291,Criminal Procedure,"Bharatiya Nagarik Suraksha Sanhita, 2023",46 of 2023,291,Guidelines for mutually satisfactory disposition.,Guidelines for mutually satisfactory disposition.,India,To be verified,,https://www.indiacode.nic.in/,2026-09-15,Candidate—verify
BNSS-292,Criminal Procedure,"Bharatiya Nagarik Suraksha Sanhita, 2023",46 of 2023,292,Report of mutually satisfactory disposition to be submitted before Court.,Report of mutually satisfactory disposition to be submitted before Court.,India,To be verified,,https://www.indiacode.nic.in/,2026-09-15,Candidate—verify
BNSS-293,Criminal Procedure,"Bharatiya Nagarik Suraksha Sanhita, 2023",46 of 2023,293,Disposal of case.,Disposal of case.,India,To be verified,,https://www.indiacode.nic.in/,2026-09-15,Candidate—verify
BNSS-294,Criminal Procedure,"Bharatiya Nagarik Suraksha Sanhita, 2023",46 of 2023,294,Judgment of Court.,Judgment of Court.,India,To be verified,,https://www.indiacode.nic.in/,2026-09-15,Candidate—verify
BNSS-295,Criminal Procedure,"Bharatiya Nagarik Suraksha Sanhita, 2023",46 of 2023,295,Finality of judgment.,Finality of judgment.,India,To be verified,,https://www.indiacode.nic.in/,2026-09-15,Candidate—verify
BNSS-296,Criminal Procedure,"Bharatiya Nagarik Suraksha Sanhita, 2023",46 of 2023,296,Power of Court in plea bargaining.,Power of Court in plea bargaining.,India,To be verified,,https://www.indiacode.nic.in/,2026-09-15,Candidate—verify
BNSS-297,Criminal Procedure,"Bharatiya Nagarik Suraksha Sanhita, 2023",46 of 2023,297,Period of detention undergone by accused to be set off against sentence of imprisonment.,Period of detention undergone by accused to be set off against sentence of imprisonment.,India,To be verified,,https://www.indiacode.nic.in/,2026-09-15,Candidate—verify
BNSS-298,Criminal Procedure,"Bharatiya Nagarik Suraksha Sanhita, 2023",46 of 2023,298,Savings.,Savings.,India,To be verified,,https://www.indiacode.nic.in/,2026-09-15,Candidate—verify
BNSS-299,Criminal Procedure,"Bharatiya Nagarik Suraksha Sanhita, 2023",46 of 2023,299,Statements of accused not to be used.,Statements of accused not to be used.,India,To be verified,,https://www.indiacode.nic.in/,2026-09-15,Candidate—verify
BNSS-300,Criminal Procedure,"Bharatiya Nagarik Suraksha Sanhita, 2023",46 of 2023,300,Non-application of Chapter.,Non-application of Chapter. CHAPTER XXIV ATTENDANCE OF PERSONS CONFINED OR DETAINED IN PRISONS,India,To be verified,,https://www.indiacode.nic.in/,2026-09-15,Candidate—verify
BNSS-301,Criminal Procedure,"Bharatiya Nagarik Suraksha Sanhita, 2023",46 of 2023,301,Definitions.,Definitions.,India,To be verified,,https://www.indiacode.nic.in/,2026-09-15,Candidate—verify
BNSS-302,Criminal Procedure,"Bharatiya Nagarik Suraksha Sanhita, 2023",46 of 2023,302,Power to require attendance of prisoners.,Power to require attendance of prisoners.,India,To be verified,,https://www.indiacode.nic.in/,2026-09-15,Candidate—verify
BNSS-303,Criminal Procedure,"Bharatiya Nagarik Suraksha Sanhita, 2023",46 of 2023,303,Power of State Government or Central Government to exclude certain persons from operation of section 302.,Power of State Government or Central Government to exclude certain persons from operation of section 302.,India,To be verified,,https://www.indiacode.nic.in/,2026-09-15,Candidate—verify
BNSS-304,Criminal Procedure,"Bharatiya Nagarik Suraksha Sanhita, 2023",46 of 2023,304,Officer in charge of prison to abstain from carrying out order in certain contingencies.,Officer in charge of prison to abstain from carrying out order in certain contingencies.,India,To be verified,,https://www.indiacode.nic.in/,2026-09-15,Candidate—verify
BNSS-305,Criminal Procedure,"Bharatiya Nagarik Suraksha Sanhita, 2023",46 of 2023,305,Prisoner to be brought to Court in custody.,Prisoner to be brought to Court in custody.,India,To be verified,,https://www.indiacode.nic.in/,2026-09-15,Candidate—verify
BNSS-306,Criminal Procedure,"Bharatiya Nagarik Suraksha Sanhita, 2023",46 of 2023,306,Power to issue commission for examination of witness in prison.,Power to issue commission for examination of witness in prison. CHAPTER XXV EVIDENCE IN INQUIRIES AND TRIALS A.—Mode of taking and recording evidence,India,To be verified,,https://www.indiacode.nic.in/,2026-09-15,Candidate—verify
BNSS-307,Criminal Procedure,"Bharatiya Nagarik Suraksha Sanhita, 2023",46 of 2023,307,Language of Courts.,Language of Courts.,India,To be verified,,https://www.indiacode.nic.in/,2026-09-15,Candidate—verify
BNSS-308,Criminal Procedure,"Bharatiya Nagarik Suraksha Sanhita, 2023",46 of 2023,308,Evidence to be taken in presence of accused.,Evidence to be taken in presence of accused.,India,To be verified,,https://www.indiacode.nic.in/,2026-09-15,Candidate—verify
BNSS-309,Criminal Procedure,"Bharatiya Nagarik Suraksha Sanhita, 2023",46 of 2023,309,Record in summons-cases and inquiries.,Record in summons-cases and inquiries.,India,To be verified,,https://www.indiacode.nic.in/,2026-09-15,Candidate—verify
BNSS-310,Criminal Procedure,"Bharatiya Nagarik Suraksha Sanhita, 2023",46 of 2023,310,Record in warrant-cases.,Record in warrant-cases. 12 SECTIONS,India,To be verified,,https://www.indiacode.nic.in/,2026-09-15,Candidate—verify
BNSS-311,Criminal Procedure,"Bharatiya Nagarik Suraksha Sanhita, 2023",46 of 2023,311,Record in trial before Court of Session.,Record in trial before Court of Session.,India,To be verified,,https://www.indiacode.nic.in/,2026-09-15,Candidate—verify
BNSS-312,Criminal Procedure,"Bharatiya Nagarik Suraksha Sanhita, 2023",46 of 2023,312,Language of record of evidence.,Language of record of evidence.,India,To be verified,,https://www.indiacode.nic.in/,2026-09-15,Candidate—verify
BNSS-313,Criminal Procedure,"Bharatiya Nagarik Suraksha Sanhita, 2023",46 of 2023,313,Procedure in regard to such evidence when completed.,Procedure in regard to such evidence when completed.,India,To be verified,,https://www.indiacode.nic.in/,2026-09-15,Candidate—verify
BNSS-314,Criminal Procedure,"Bharatiya Nagarik Suraksha Sanhita, 2023",46 of 2023,314,Interpretation of evidence to accused or his advocate.,Interpretation of evidence to accused or his advocate.,India,To be verified,,https://www.indiacode.nic.in/,2026-09-15,Candidate—verify
BNSS-315,Criminal Procedure,"Bharatiya Nagarik Suraksha Sanhita, 2023",46 of 2023,315,Remarks respecting demeanour of witness.,Remarks respecting demeanour of witness.,India,To be verified,,https://www.indiacode.nic.in/,2026-09-15,Candidate—verify
BNSS-316,Criminal Procedure,"Bharatiya Nagarik Suraksha Sanhita, 2023",46 of 2023,316,Record of examination of accused.,Record of examination of accused.,India,To be verified,,https://www.indiacode.nic.in/,2026-09-15,Candidate—verify
BNSS-317,Criminal Procedure,"Bharatiya Nagarik Suraksha Sanhita, 2023",46 of 2023,317,Interpreter to be bound to interpret truthfully,Interpreter to be bound to interpret truthfully,India,To be verified,,https://www.indiacode.nic.in/,2026-09-15,Candidate—verify
BNSS-318,Criminal Procedure,"Bharatiya Nagarik Suraksha Sanhita, 2023",46 of 2023,318,Record in High Court.,Record in High Court. B.—Commissions for the examination of witnesses,India,To be verified,,https://www.indiacode.nic.in/,2026-09-15,Candidate—verify
BNSS-319,Criminal Procedure,"Bharatiya Nagarik Suraksha Sanhita, 2023",46 of 2023,319,When attendance of witness may be dispensed with and commission issued.,When attendance of witness may be dispensed with and commission issued.,India,To be verified,,https://www.indiacode.nic.in/,2026-09-15,Candidate—verify
BNSS-320,Criminal Procedure,"Bharatiya Nagarik Suraksha Sanhita, 2023",46 of 2023,320,Commission to whom to be issued.,Commission to whom to be issued.,India,To be verified,,https://www.indiacode.nic.in/,2026-09-15,Candidate—verify
BNSS-321,Criminal Procedure,"Bharatiya Nagarik Suraksha Sanhita, 2023",46 of 2023,321,Execution of commissions.,Execution of commissions.,India,To be verified,,https://www.indiacode.nic.in/,2026-09-15,Candidate—verify
BNSS-322,Criminal Procedure,"Bharatiya Nagarik Suraksha Sanhita, 2023",46 of 2023,322,Parties may examine witnesses.,Parties may examine witnesses.,India,To be verified,,https://www.indiacode.nic.in/,2026-09-15,Candidate—verify
BNSS-323,Criminal Procedure,"Bharatiya Nagarik Suraksha Sanhita, 2023",46 of 2023,323,Return of commission.,Return of commission.,India,To be verified,,https://www.indiacode.nic.in/,2026-09-15,Candidate—verify
BNSS-324,Criminal Procedure,"Bharatiya Nagarik Suraksha Sanhita, 2023",46 of 2023,324,Adjournment of proceeding.,Adjournment of proceeding.,India,To be verified,,https://www.indiacode.nic.in/,2026-09-15,Candidate—verify
BNSS-325,Criminal Procedure,"Bharatiya Nagarik Suraksha Sanhita, 2023",46 of 2023,325,Execution of foreign commissions.,Execution of foreign commissions.,India,To be verified,,https://www.indiacode.nic.in/,2026-09-15,Candidate—verify
BNSS-326,Criminal Procedure,"Bharatiya Nagarik Suraksha Sanhita, 2023",46 of 2023,326,Deposition of medical witness.,Deposition of medical witness.,India,To be verified,,https://www.indiacode.nic.in/,2026-09-15,Candidate—verify
BNSS-327,Criminal Procedure,"Bharatiya Nagarik Suraksha Sanhita, 2023",46 of 2023,327,Identification report of Magistrate.,Identification report of Magistrate.,India,To be verified,,https://www.indiacode.nic.in/,2026-09-15,Candidate—verify
BNSS-328,Criminal Procedure,"Bharatiya Nagarik Suraksha Sanhita, 2023",46 of 2023,328,Evidence of officers of Mint.,Evidence of officers of Mint.,India,To be verified,,https://www.indiacode.nic.in/,2026-09-15,Candidate—verify
BNSS-329,Criminal Procedure,"Bharatiya Nagarik Suraksha Sanhita, 2023",46 of 2023,329,Reports of certain Government scientific experts.,Reports of certain Government scientific experts.,India,To be verified,,https://www.indiacode.nic.in/,2026-09-15,Candidate—verify
BNSS-330,Criminal Procedure,"Bharatiya Nagarik Suraksha Sanhita, 2023",46 of 2023,330,No formal proof of certain documents.,No formal proof of certain documents.,India,To be verified,,https://www.indiacode.nic.in/,2026-09-15,Candidate—verify
BNSS-331,Criminal Procedure,"Bharatiya Nagarik Suraksha Sanhita, 2023",46 of 2023,331,Affidavit in proof of conduct of public servants.,Affidavit in proof of conduct of public servants.,India,To be verified,,https://www.indiacode.nic.in/,2026-09-15,Candidate—verify
BNSS-332,Criminal Procedure,"Bharatiya Nagarik Suraksha Sanhita, 2023",46 of 2023,332,Evidence of formal character on affidavit.,Evidence of formal character on affidavit.,India,To be verified,,https://www.indiacode.nic.in/,2026-09-15,Candidate—verify
BNSS-333,Criminal Procedure,"Bharatiya Nagarik Suraksha Sanhita, 2023",46 of 2023,333,Authorities before whom affidavits may be sworn.,Authorities before whom affidavits may be sworn.,India,To be verified,,https://www.indiacode.nic.in/,2026-09-15,Candidate—verify
BNSS-334,Criminal Procedure,"Bharatiya Nagarik Suraksha Sanhita, 2023",46 of 2023,334,Previous conviction or acquittal how proved.,Previous conviction or acquittal how proved.,India,To be verified,,https://www.indiacode.nic.in/,2026-09-15,Candidate—verify
BNSS-335,Criminal Procedure,"Bharatiya Nagarik Suraksha Sanhita, 2023",46 of 2023,335,Record of evidence in absence of accused.,Record of evidence in absence of accused.,India,To be verified,,https://www.indiacode.nic.in/,2026-09-15,Candidate—verify
BNSS-336,Criminal Procedure,"Bharatiya Nagarik Suraksha Sanhita, 2023",46 of 2023,336,"Evidence of public servants, experts, police officers in certain cases.","Evidence of public servants, experts, police officers in certain cases. CHAPTER XXVI GENERAL PROVISIONS AS TO INQUIRIES AND TRIALS",India,To be verified,,https://www.indiacode.nic.in/,2026-09-15,Candidate—verify
BNSS-337,Criminal Procedure,"Bharatiya Nagarik Suraksha Sanhita, 2023",46 of 2023,337,Person once convicted or acquitted not to be tried for same offence.,Person once convicted or acquitted not to be tried for same offence.,India,To be verified,,https://www.indiacode.nic.in/,2026-09-15,Candidate—verify
BNSS-338,Criminal Procedure,"Bharatiya Nagarik Suraksha Sanhita, 2023",46 of 2023,338,Appearance by Public Prosecutors.,Appearance by Public Prosecutors.,India,To be verified,,https://www.indiacode.nic.in/,2026-09-15,Candidate—verify
BNSS-339,Criminal Procedure,"Bharatiya Nagarik Suraksha Sanhita, 2023",46 of 2023,339,Permission to conduct prosecution.,Permission to conduct prosecution.,India,To be verified,,https://www.indiacode.nic.in/,2026-09-15,Candidate—verify
BNSS-340,Criminal Procedure,"Bharatiya Nagarik Suraksha Sanhita, 2023",46 of 2023,340,Right of person against whom proceedings are instituted to be defended.,Right of person against whom proceedings are instituted to be defended.,India,To be verified,,https://www.indiacode.nic.in/,2026-09-15,Candidate—verify
BNSS-341,Criminal Procedure,"Bharatiya Nagarik Suraksha Sanhita, 2023",46 of 2023,341,Legal aid to accused at State expense in certain cases.,Legal aid to accused at State expense in certain cases.,India,To be verified,,https://www.indiacode.nic.in/,2026-09-15,Candidate—verify
BNSS-342,Criminal Procedure,"Bharatiya Nagarik Suraksha Sanhita, 2023",46 of 2023,342,Procedure when corporation or registered society is an accused.,Procedure when corporation or registered society is an accused.,India,To be verified,,https://www.indiacode.nic.in/,2026-09-15,Candidate—verify
BNSS-343,Criminal Procedure,"Bharatiya Nagarik Suraksha Sanhita, 2023",46 of 2023,343,Tender of pardon to accomplice.,Tender of pardon to accomplice.,India,To be verified,,https://www.indiacode.nic.in/,2026-09-15,Candidate—verify
BNSS-344,Criminal Procedure,"Bharatiya Nagarik Suraksha Sanhita, 2023",46 of 2023,344,Power to direct tender of pardon.,Power to direct tender of pardon.,India,To be verified,,https://www.indiacode.nic.in/,2026-09-15,Candidate—verify
BNSS-345,Criminal Procedure,"Bharatiya Nagarik Suraksha Sanhita, 2023",46 of 2023,345,Trial of person not complying with conditions of pardon.,Trial of person not complying with conditions of pardon.,India,To be verified,,https://www.indiacode.nic.in/,2026-09-15,Candidate—verify
BNSS-346,Criminal Procedure,"Bharatiya Nagarik Suraksha Sanhita, 2023",46 of 2023,346,Power to postpone or adjourn proceedings.,Power to postpone or adjourn proceedings.,India,To be verified,,https://www.indiacode.nic.in/,2026-09-15,Candidate—verify
BNSS-347,Criminal Procedure,"Bharatiya Nagarik Suraksha Sanhita, 2023",46 of 2023,347,Local inspection.,Local inspection.,India,To be verified,,https://www.indiacode.nic.in/,2026-09-15,Candidate—verify
BNSS-348,Criminal Procedure,"Bharatiya Nagarik Suraksha Sanhita, 2023",46 of 2023,348,"Power to summon material witness, or examine person present.","Power to summon material witness, or examine person present.",India,To be verified,,https://www.indiacode.nic.in/,2026-09-15,Candidate—verify
BNSS-349,Criminal Procedure,"Bharatiya Nagarik Suraksha Sanhita, 2023",46 of 2023,349,"Power of Magistrate to order person to give specimen signatures or handwriting, etc.","Power of Magistrate to order person to give specimen signatures or handwriting, etc.",India,To be verified,,https://www.indiacode.nic.in/,2026-09-15,Candidate—verify
BNSS-350,Criminal Procedure,"Bharatiya Nagarik Suraksha Sanhita, 2023",46 of 2023,350,Expenses of complainants and witnesses.,Expenses of complainants and witnesses.,India,To be verified,,https://www.indiacode.nic.in/,2026-09-15,Candidate—verify
BNSS-351,Criminal Procedure,"Bharatiya Nagarik Suraksha Sanhita, 2023",46 of 2023,351,Power to examine accused.,Power to examine accused.,India,To be verified,,https://www.indiacode.nic.in/,2026-09-15,Candidate—verify
BNSS-352,Criminal Procedure,"Bharatiya Nagarik Suraksha Sanhita, 2023",46 of 2023,352,Oral arguments and memorandum of arguments.,Oral arguments and memorandum of arguments.,India,To be verified,,https://www.indiacode.nic.in/,2026-09-15,Candidate—verify
BNSS-353,Criminal Procedure,"Bharatiya Nagarik Suraksha Sanhita, 2023",46 of 2023,353,Accused person to be competent witness.,Accused person to be competent witness.,India,To be verified,,https://www.indiacode.nic.in/,2026-09-15,Candidate—verify
BNSS-354,Criminal Procedure,"Bharatiya Nagarik Suraksha Sanhita, 2023",46 of 2023,354,No influence to be used to induce disclosure.,No influence to be used to induce disclosure. 13 SECTIONS,India,To be verified,,https://www.indiacode.nic.in/,2026-09-15,Candidate—verify
BNSS-355,Criminal Procedure,"Bharatiya Nagarik Suraksha Sanhita, 2023",46 of 2023,355,Provision for inquiries and trial being held in absence of accused in certain cases.,Provision for inquiries and trial being held in absence of accused in certain cases.,India,To be verified,,https://www.indiacode.nic.in/,2026-09-15,Candidate—verify
BNSS-356,Criminal Procedure,"Bharatiya Nagarik Suraksha Sanhita, 2023",46 of 2023,356,"Inquiry, trial or judgment in absentia of proclaimed offender.","Inquiry, trial or judgment in absentia of proclaimed offender.",India,To be verified,,https://www.indiacode.nic.in/,2026-09-15,Candidate—verify
BNSS-357,Criminal Procedure,"Bharatiya Nagarik Suraksha Sanhita, 2023",46 of 2023,357,Procedure where accused does not understand proceedings.,Procedure where accused does not understand proceedings.,India,To be verified,,https://www.indiacode.nic.in/,2026-09-15,Candidate—verify
BNSS-358,Criminal Procedure,"Bharatiya Nagarik Suraksha Sanhita, 2023",46 of 2023,358,Power to proceed against other persons appearing to be guilty of offence.,Power to proceed against other persons appearing to be guilty of offence.,India,To be verified,,https://www.indiacode.nic.in/,2026-09-15,Candidate—verify
BNSS-359,Criminal Procedure,"Bharatiya Nagarik Suraksha Sanhita, 2023",46 of 2023,359,Compounding of offences.,Compounding of offences.,India,To be verified,,https://www.indiacode.nic.in/,2026-09-15,Candidate—verify
BNSS-360,Criminal Procedure,"Bharatiya Nagarik Suraksha Sanhita, 2023",46 of 2023,360,Withdrawal from prosecution.,Withdrawal from prosecution.,India,To be verified,,https://www.indiacode.nic.in/,2026-09-15,Candidate—verify
BNSS-361,Criminal Procedure,"Bharatiya Nagarik Suraksha Sanhita, 2023",46 of 2023,361,Procedure in cases which Magistrate cannot dispose of.,Procedure in cases which Magistrate cannot dispose of.,India,To be verified,,https://www.indiacode.nic.in/,2026-09-15,Candidate—verify
BNSS-362,Criminal Procedure,"Bharatiya Nagarik Suraksha Sanhita, 2023",46 of 2023,362,"Procedure when after commencement of inquiry or trial, Magistrate finds case should be committed.","Procedure when after commencement of inquiry or trial, Magistrate finds case should be committed.",India,To be verified,,https://www.indiacode.nic.in/,2026-09-15,Candidate—verify
BNSS-363,Criminal Procedure,"Bharatiya Nagarik Suraksha Sanhita, 2023",46 of 2023,363,"Trial of persons previously convicted of offences against coinage, stamp-law or property.","Trial of persons previously convicted of offences against coinage, stamp-law or property.",India,To be verified,,https://www.indiacode.nic.in/,2026-09-15,Candidate—verify
BNSS-364,Criminal Procedure,"Bharatiya Nagarik Suraksha Sanhita, 2023",46 of 2023,364,Procedure when Magistrate cannot pass sentence sufficiently severe.,Procedure when Magistrate cannot pass sentence sufficiently severe.,India,To be verified,,https://www.indiacode.nic.in/,2026-09-15,Candidate—verify
BNSS-365,Criminal Procedure,"Bharatiya Nagarik Suraksha Sanhita, 2023",46 of 2023,365,Conviction or commitment on evidence partly recorded by one Magistrate and partly by another.,Conviction or commitment on evidence partly recorded by one Magistrate and partly by another.,India,To be verified,,https://www.indiacode.nic.in/,2026-09-15,Candidate—verify
BNSS-366,Criminal Procedure,"Bharatiya Nagarik Suraksha Sanhita, 2023",46 of 2023,366,Court to be open.,Court to be open. CHAPTER XXVII PROVISIONS AS TO ACCUSED PERSONS OF UNSOUND MIND,India,To be verified,,https://www.indiacode.nic.in/,2026-09-15,Candidate—verify
BNSS-367,Criminal Procedure,"Bharatiya Nagarik Suraksha Sanhita, 2023",46 of 2023,367,Procedure in case of accused being person of unsound mind.,Procedure in case of accused being person of unsound mind.,India,To be verified,,https://www.indiacode.nic.in/,2026-09-15,Candidate—verify
BNSS-368,Criminal Procedure,"Bharatiya Nagarik Suraksha Sanhita, 2023",46 of 2023,368,Procedure in case of person of unsound mind tried before Court.,Procedure in case of person of unsound mind tried before Court.,India,To be verified,,https://www.indiacode.nic.in/,2026-09-15,Candidate—verify
BNSS-369,Criminal Procedure,"Bharatiya Nagarik Suraksha Sanhita, 2023",46 of 2023,369,Release of person of unsound mind pending investigation or trial.,Release of person of unsound mind pending investigation or trial.,India,To be verified,,https://www.indiacode.nic.in/,2026-09-15,Candidate—verify
BNSS-370,Criminal Procedure,"Bharatiya Nagarik Suraksha Sanhita, 2023",46 of 2023,370,Resumption of inquiry or trial.,Resumption of inquiry or trial.,India,To be verified,,https://www.indiacode.nic.in/,2026-09-15,Candidate—verify
BNSS-371,Criminal Procedure,"Bharatiya Nagarik Suraksha Sanhita, 2023",46 of 2023,371,Procedure on accused appearing before Magistrate or Court.,Procedure on accused appearing before Magistrate or Court.,India,To be verified,,https://www.indiacode.nic.in/,2026-09-15,Candidate—verify
BNSS-372,Criminal Procedure,"Bharatiya Nagarik Suraksha Sanhita, 2023",46 of 2023,372,When accused appears to have been of sound mind.,When accused appears to have been of sound mind.,India,To be verified,,https://www.indiacode.nic.in/,2026-09-15,Candidate—verify
BNSS-373,Criminal Procedure,"Bharatiya Nagarik Suraksha Sanhita, 2023",46 of 2023,373,Judgment of acquittal on ground of unsoundness of mind.,Judgment of acquittal on ground of unsoundness of mind.,India,To be verified,,https://www.indiacode.nic.in/,2026-09-15,Candidate—verify
BNSS-374,Criminal Procedure,"Bharatiya Nagarik Suraksha Sanhita, 2023",46 of 2023,374,Person acquitted on ground of unsoundness of mind to be detained in safe custody.,Person acquitted on ground of unsoundness of mind to be detained in safe custody.,India,To be verified,,https://www.indiacode.nic.in/,2026-09-15,Candidate—verify
BNSS-375,Criminal Procedure,"Bharatiya Nagarik Suraksha Sanhita, 2023",46 of 2023,375,Power of State Government to empower officer in charge to discharge.,Power of State Government to empower officer in charge to discharge.,India,To be verified,,https://www.indiacode.nic.in/,2026-09-15,Candidate—verify
BNSS-376,Criminal Procedure,"Bharatiya Nagarik Suraksha Sanhita, 2023",46 of 2023,376,Procedure where prisoner of unsound mind is reported capable of making his defence.,Procedure where prisoner of unsound mind is reported capable of making his defence.,India,To be verified,,https://www.indiacode.nic.in/,2026-09-15,Candidate—verify
BNSS-377,Criminal Procedure,"Bharatiya Nagarik Suraksha Sanhita, 2023",46 of 2023,377,Procedure where person of unsound mind detained is declared fit to be released.,Procedure where person of unsound mind detained is declared fit to be released.,India,To be verified,,https://www.indiacode.nic.in/,2026-09-15,Candidate—verify
BNSS-378,Criminal Procedure,"Bharatiya Nagarik Suraksha Sanhita, 2023",46 of 2023,378,Delivery of person of unsound mind to care of relative or friend.,Delivery of person of unsound mind to care of relative or friend. CHAPTER XXVIII PROVISIONS AS TO OFFENCES AFFECTING THE ADMINISTRATION OF JUSTICE,India,To be verified,,https://www.indiacode.nic.in/,2026-09-15,Candidate—verify
BNSS-379,Criminal Procedure,"Bharatiya Nagarik Suraksha Sanhita, 2023",46 of 2023,379,Procedure in cases mentioned in section 215.,Procedure in cases mentioned in section 215.,India,To be verified,,https://www.indiacode.nic.in/,2026-09-15,Candidate—verify
BNSS-380,Criminal Procedure,"Bharatiya Nagarik Suraksha Sanhita, 2023",46 of 2023,380,Appeal.,Appeal.,India,To be verified,,https://www.indiacode.nic.in/,2026-09-15,Candidate—verify
BNSS-381,Criminal Procedure,"Bharatiya Nagarik Suraksha Sanhita, 2023",46 of 2023,381,Power to order costs.,Power to order costs.,India,To be verified,,https://www.indiacode.nic.in/,2026-09-15,Candidate—verify
BNSS-382,Criminal Procedure,"Bharatiya Nagarik Suraksha Sanhita, 2023",46 of 2023,382,Procedure of Magistrate taking cognizance.,Procedure of Magistrate taking cognizance.,India,To be verified,,https://www.indiacode.nic.in/,2026-09-15,Candidate—verify
BNSS-383,Criminal Procedure,"Bharatiya Nagarik Suraksha Sanhita, 2023",46 of 2023,383,Summary procedure for trial for giving false evidence.,Summary procedure for trial for giving false evidence.,India,To be verified,,https://www.indiacode.nic.in/,2026-09-15,Candidate—verify
BNSS-384,Criminal Procedure,"Bharatiya Nagarik Suraksha Sanhita, 2023",46 of 2023,384,Procedure in certain cases of contempt.,Procedure in certain cases of contempt.,India,To be verified,,https://www.indiacode.nic.in/,2026-09-15,Candidate—verify
BNSS-385,Criminal Procedure,"Bharatiya Nagarik Suraksha Sanhita, 2023",46 of 2023,385,Procedure where Court considers that case should not be dealt with under section 384.,Procedure where Court considers that case should not be dealt with under section 384.,India,To be verified,,https://www.indiacode.nic.in/,2026-09-15,Candidate—verify
BNSS-386,Criminal Procedure,"Bharatiya Nagarik Suraksha Sanhita, 2023",46 of 2023,386,When Registrar or Sub-Registrar to be deemed a Civil Court.,When Registrar or Sub-Registrar to be deemed a Civil Court.,India,To be verified,,https://www.indiacode.nic.in/,2026-09-15,Candidate—verify
BNSS-387,Criminal Procedure,"Bharatiya Nagarik Suraksha Sanhita, 2023",46 of 2023,387,Discharge of offender on submission of apology.,Discharge of offender on submission of apology.,India,To be verified,,https://www.indiacode.nic.in/,2026-09-15,Candidate—verify
BNSS-388,Criminal Procedure,"Bharatiya Nagarik Suraksha Sanhita, 2023",46 of 2023,388,Imprisonment or committal of person refusing to answer or produce document.,Imprisonment or committal of person refusing to answer or produce document.,India,To be verified,,https://www.indiacode.nic.in/,2026-09-15,Candidate—verify
BNSS-389,Criminal Procedure,"Bharatiya Nagarik Suraksha Sanhita, 2023",46 of 2023,389,Summary procedure for punishment for non-attendance by a witness in obedience to summons.,Summary procedure for punishment for non-attendance by a witness in obedience to summons.,India,To be verified,,https://www.indiacode.nic.in/,2026-09-15,Candidate—verify
BNSS-390,Criminal Procedure,"Bharatiya Nagarik Suraksha Sanhita, 2023",46 of 2023,390,"Appeals from convictions under sections 383, 384, 388 and 389.","Appeals from convictions under sections 383, 384, 388 and 389.",India,To be verified,,https://www.indiacode.nic.in/,2026-09-15,Candidate—verify
BNSS-391,Criminal Procedure,"Bharatiya Nagarik Suraksha Sanhita, 2023",46 of 2023,391,Certain Judges and Magistrates not to try certain offences when committed before themselves.,Certain Judges and Magistrates not to try certain offences when committed before themselves. 14 CHAPTER XXIX THE JUDGMENT SECTIONS,India,To be verified,,https://www.indiacode.nic.in/,2026-09-15,Candidate—verify
BNSS-392,Criminal Procedure,"Bharatiya Nagarik Suraksha Sanhita, 2023",46 of 2023,392,Judgment.,Judgment.,India,To be verified,,https://www.indiacode.nic.in/,2026-09-15,Candidate—verify
BNSS-393,Criminal Procedure,"Bharatiya Nagarik Suraksha Sanhita, 2023",46 of 2023,393,Language and contents of judgment.,Language and contents of judgment.,India,To be verified,,https://www.indiacode.nic.in/,2026-09-15,Candidate—verify
BNSS-394,Criminal Procedure,"Bharatiya Nagarik Suraksha Sanhita, 2023",46 of 2023,394,Order for notifying address of previously convicted offender.,Order for notifying address of previously convicted offender.,India,To be verified,,https://www.indiacode.nic.in/,2026-09-15,Candidate—verify
BNSS-395,Criminal Procedure,"Bharatiya Nagarik Suraksha Sanhita, 2023",46 of 2023,395,Order to pay compensation.,Order to pay compensation.,India,To be verified,,https://www.indiacode.nic.in/,2026-09-15,Candidate—verify
BNSS-396,Criminal Procedure,"Bharatiya Nagarik Suraksha Sanhita, 2023",46 of 2023,396,Victim compensation scheme.,Victim compensation scheme.,India,To be verified,,https://www.indiacode.nic.in/,2026-09-15,Candidate—verify
BNSS-397,Criminal Procedure,"Bharatiya Nagarik Suraksha Sanhita, 2023",46 of 2023,397,Treatment of victims.,Treatment of victims.,India,To be verified,,https://www.indiacode.nic.in/,2026-09-15,Candidate—verify
BNSS-398,Criminal Procedure,"Bharatiya Nagarik Suraksha Sanhita, 2023",46 of 2023,398,Witness protection scheme.,Witness protection scheme.,India,To be verified,,https://www.indiacode.nic.in/,2026-09-15,Candidate—verify
BNSS-399,Criminal Procedure,"Bharatiya Nagarik Suraksha Sanhita, 2023",46 of 2023,399,Compensation to persons groundlessly arrested.,Compensation to persons groundlessly arrested.,India,To be verified,,https://www.indiacode.nic.in/,2026-09-15,Candidate—verify
BNSS-400,Criminal Procedure,"Bharatiya Nagarik Suraksha Sanhita, 2023",46 of 2023,400,Order to pay costs in non-cognizable cases.,Order to pay costs in non-cognizable cases.,India,To be verified,,https://www.indiacode.nic.in/,2026-09-15,Candidate—verify
BNSS-401,Criminal Procedure,"Bharatiya Nagarik Suraksha Sanhita, 2023",46 of 2023,401,Order to release on probation of good conduct or after admonition.,Order to release on probation of good conduct or after admonition.,India,To be verified,,https://www.indiacode.nic.in/,2026-09-15,Candidate—verify
BNSS-402,Criminal Procedure,"Bharatiya Nagarik Suraksha Sanhita, 2023",46 of 2023,402,Special reasons to be recorded in certain cases.,Special reasons to be recorded in certain cases.,India,To be verified,,https://www.indiacode.nic.in/,2026-09-15,Candidate—verify
BNSS-403,Criminal Procedure,"Bharatiya Nagarik Suraksha Sanhita, 2023",46 of 2023,403,Court not to alter judgment.,Court not to alter judgment.,India,To be verified,,https://www.indiacode.nic.in/,2026-09-15,Candidate—verify
BNSS-404,Criminal Procedure,"Bharatiya Nagarik Suraksha Sanhita, 2023",46 of 2023,404,Copy of judgment to be given to accused and other persons.,Copy of judgment to be given to accused and other persons.,India,To be verified,,https://www.indiacode.nic.in/,2026-09-15,Candidate—verify
BNSS-405,Criminal Procedure,"Bharatiya Nagarik Suraksha Sanhita, 2023",46 of 2023,405,Judgment when to be translated.,Judgment when to be translated.,India,To be verified,,https://www.indiacode.nic.in/,2026-09-15,Candidate—verify
BNSS-406,Criminal Procedure,"Bharatiya Nagarik Suraksha Sanhita, 2023",46 of 2023,406,Court of Session to send copy of finding and sentence to District Magistrate.,Court of Session to send copy of finding and sentence to District Magistrate. CHAPTER XXX SUBMISSION OF DEATH SENTENCES FOR CONFIRMATION,India,To be verified,,https://www.indiacode.nic.in/,2026-09-15,Candidate—verify
BNSS-407,Criminal Procedure,"Bharatiya Nagarik Suraksha Sanhita, 2023",46 of 2023,407,Sentence of death to be submitted by Court of Session for confirmation.,Sentence of death to be submitted by Court of Session for confirmation.,India,To be verified,,https://www.indiacode.nic.in/,2026-09-15,Candidate—verify
BNSS-408,Criminal Procedure,"Bharatiya Nagarik Suraksha Sanhita, 2023",46 of 2023,408,Power to direct further inquiry to be made or additional evidence to be taken.,Power to direct further inquiry to be made or additional evidence to be taken.,India,To be verified,,https://www.indiacode.nic.in/,2026-09-15,Candidate—verify
BNSS-409,Criminal Procedure,"Bharatiya Nagarik Suraksha Sanhita, 2023",46 of 2023,409,Power of High Court to confirm sentence or annul conviction.,Power of High Court to confirm sentence or annul conviction.,India,To be verified,,https://www.indiacode.nic.in/,2026-09-15,Candidate—verify
BNSS-410,Criminal Procedure,"Bharatiya Nagarik Suraksha Sanhita, 2023",46 of 2023,410,Confirmation or new sentence to be signed by two Judges.,Confirmation or new sentence to be signed by two Judges.,India,To be verified,,https://www.indiacode.nic.in/,2026-09-15,Candidate—verify
BNSS-411,Criminal Procedure,"Bharatiya Nagarik Suraksha Sanhita, 2023",46 of 2023,411,Procedure in case of difference of opinion.,Procedure in case of difference of opinion.,India,To be verified,,https://www.indiacode.nic.in/,2026-09-15,Candidate—verify
BNSS-412,Criminal Procedure,"Bharatiya Nagarik Suraksha Sanhita, 2023",46 of 2023,412,Procedure in cases submitted to High Court for confirmation.,Procedure in cases submitted to High Court for confirmation. CHAPTER XXXI APPEALS,India,To be verified,,https://www.indiacode.nic.in/,2026-09-15,Candidate—verify
BNSS-413,Criminal Procedure,"Bharatiya Nagarik Suraksha Sanhita, 2023",46 of 2023,413,No appeal to lie unless otherwise provided.,No appeal to lie unless otherwise provided.,India,To be verified,,https://www.indiacode.nic.in/,2026-09-15,Candidate—verify
BNSS-414,Criminal Procedure,"Bharatiya Nagarik Suraksha Sanhita, 2023",46 of 2023,414,Appeal from orders requiring security or refusal to accept or rejecting surety for keeping peace or good behavior.,Appeal from orders requiring security or refusal to accept or rejecting surety for keeping peace or good behavior.,India,To be verified,,https://www.indiacode.nic.in/,2026-09-15,Candidate—verify
BNSS-415,Criminal Procedure,"Bharatiya Nagarik Suraksha Sanhita, 2023",46 of 2023,415,Appeals from convictions.,Appeals from convictions.,India,To be verified,,https://www.indiacode.nic.in/,2026-09-15,Candidate—verify
BNSS-416,Criminal Procedure,"Bharatiya Nagarik Suraksha Sanhita, 2023",46 of 2023,416,No appeal in certain cases when accused pleads guilty.,No appeal in certain cases when accused pleads guilty.,India,To be verified,,https://www.indiacode.nic.in/,2026-09-15,Candidate—verify
BNSS-417,Criminal Procedure,"Bharatiya Nagarik Suraksha Sanhita, 2023",46 of 2023,417,No appeal in petty cases.,No appeal in petty cases.,India,To be verified,,https://www.indiacode.nic.in/,2026-09-15,Candidate—verify
BNSS-418,Criminal Procedure,"Bharatiya Nagarik Suraksha Sanhita, 2023",46 of 2023,418,Appeal by State Government against sentence.,Appeal by State Government against sentence.,India,To be verified,,https://www.indiacode.nic.in/,2026-09-15,Candidate—verify
BNSS-419,Criminal Procedure,"Bharatiya Nagarik Suraksha Sanhita, 2023",46 of 2023,419,Appeal in case of acquittal.,Appeal in case of acquittal.,India,To be verified,,https://www.indiacode.nic.in/,2026-09-15,Candidate—verify
BNSS-420,Criminal Procedure,"Bharatiya Nagarik Suraksha Sanhita, 2023",46 of 2023,420,Appeal against conviction by High Court in certain cases.,Appeal against conviction by High Court in certain cases.,India,To be verified,,https://www.indiacode.nic.in/,2026-09-15,Candidate—verify
BNSS-421,Criminal Procedure,"Bharatiya Nagarik Suraksha Sanhita, 2023",46 of 2023,421,Special right of appeal in certain cases.,Special right of appeal in certain cases.,India,To be verified,,https://www.indiacode.nic.in/,2026-09-15,Candidate—verify
BNSS-422,Criminal Procedure,"Bharatiya Nagarik Suraksha Sanhita, 2023",46 of 2023,422,Appeal to Court of Session how heard.,Appeal to Court of Session how heard.,India,To be verified,,https://www.indiacode.nic.in/,2026-09-15,Candidate—verify
BNSS-423,Criminal Procedure,"Bharatiya Nagarik Suraksha Sanhita, 2023",46 of 2023,423,Petition of appeal.,Petition of appeal.,India,To be verified,,https://www.indiacode.nic.in/,2026-09-15,Candidate—verify
BNSS-424,Criminal Procedure,"Bharatiya Nagarik Suraksha Sanhita, 2023",46 of 2023,424,Procedure when appellant in jail.,Procedure when appellant in jail.,India,To be verified,,https://www.indiacode.nic.in/,2026-09-15,Candidate—verify
BNSS-425,Criminal Procedure,"Bharatiya Nagarik Suraksha Sanhita, 2023",46 of 2023,425,Summary dismissal of appeal.,Summary dismissal of appeal.,India,To be verified,,https://www.indiacode.nic.in/,2026-09-15,Candidate—verify
BNSS-426,Criminal Procedure,"Bharatiya Nagarik Suraksha Sanhita, 2023",46 of 2023,426,Procedure for hearing appeals not dismissed summarily.,Procedure for hearing appeals not dismissed summarily.,India,To be verified,,https://www.indiacode.nic.in/,2026-09-15,Candidate—verify
BNSS-427,Criminal Procedure,"Bharatiya Nagarik Suraksha Sanhita, 2023",46 of 2023,427,Powers of Appellate Court.,Powers of Appellate Court.,India,To be verified,,https://www.indiacode.nic.in/,2026-09-15,Candidate—verify
BNSS-428,Criminal Procedure,"Bharatiya Nagarik Suraksha Sanhita, 2023",46 of 2023,428,Judgments of subordinate Appellate Court.,Judgments of subordinate Appellate Court.,India,To be verified,,https://www.indiacode.nic.in/,2026-09-15,Candidate—verify
BNSS-429,Criminal Procedure,"Bharatiya Nagarik Suraksha Sanhita, 2023",46 of 2023,429,Order of High Court on appeal to be certified to lower Court.,Order of High Court on appeal to be certified to lower Court. 15 SECTIONS,India,To be verified,,https://www.indiacode.nic.in/,2026-09-15,Candidate—verify
BNSS-430,Criminal Procedure,"Bharatiya Nagarik Suraksha Sanhita, 2023",46 of 2023,430,Suspension of sentence pending appeal; release of appellant on bail.,Suspension of sentence pending appeal; release of appellant on bail.,India,To be verified,,https://www.indiacode.nic.in/,2026-09-15,Candidate—verify
BNSS-431,Criminal Procedure,"Bharatiya Nagarik Suraksha Sanhita, 2023",46 of 2023,431,Arrest of accused in appeal from acquittal.,Arrest of accused in appeal from acquittal.,India,To be verified,,https://www.indiacode.nic.in/,2026-09-15,Candidate—verify
BNSS-432,Criminal Procedure,"Bharatiya Nagarik Suraksha Sanhita, 2023",46 of 2023,432,Appellate Court may take further evidence or direct it to be taken.,Appellate Court may take further evidence or direct it to be taken.,India,To be verified,,https://www.indiacode.nic.in/,2026-09-15,Candidate—verify
BNSS-433,Criminal Procedure,"Bharatiya Nagarik Suraksha Sanhita, 2023",46 of 2023,433,Procedure where Judges of Court of appeal are equally divided.,Procedure where Judges of Court of appeal are equally divided.,India,To be verified,,https://www.indiacode.nic.in/,2026-09-15,Candidate—verify
BNSS-434,Criminal Procedure,"Bharatiya Nagarik Suraksha Sanhita, 2023",46 of 2023,434,Finality of judgments and orders on appeal.,Finality of judgments and orders on appeal.,India,To be verified,,https://www.indiacode.nic.in/,2026-09-15,Candidate—verify
BNSS-435,Criminal Procedure,"Bharatiya Nagarik Suraksha Sanhita, 2023",46 of 2023,435,Abatement of appeals.,Abatement of appeals. CHAPTER XXXII REFERENCE AND REVISION,India,To be verified,,https://www.indiacode.nic.in/,2026-09-15,Candidate—verify
BNSS-436,Criminal Procedure,"Bharatiya Nagarik Suraksha Sanhita, 2023",46 of 2023,436,Reference to High Court.,Reference to High Court.,India,To be verified,,https://www.indiacode.nic.in/,2026-09-15,Candidate—verify
BNSS-437,Criminal Procedure,"Bharatiya Nagarik Suraksha Sanhita, 2023",46 of 2023,437,Disposal of case according to decision of High Court.,Disposal of case according to decision of High Court.,India,To be verified,,https://www.indiacode.nic.in/,2026-09-15,Candidate—verify
BNSS-438,Criminal Procedure,"Bharatiya Nagarik Suraksha Sanhita, 2023",46 of 2023,438,Calling for records to exercise powers of revision.,Calling for records to exercise powers of revision.,India,To be verified,,https://www.indiacode.nic.in/,2026-09-15,Candidate—verify
BNSS-439,Criminal Procedure,"Bharatiya Nagarik Suraksha Sanhita, 2023",46 of 2023,439,Power to order inquiry.,Power to order inquiry.,India,To be verified,,https://www.indiacode.nic.in/,2026-09-15,Candidate—verify
BNSS-440,Criminal Procedure,"Bharatiya Nagarik Suraksha Sanhita, 2023",46 of 2023,440,Sessions Judge's powers of revision.,Sessions Judge's powers of revision.,India,To be verified,,https://www.indiacode.nic.in/,2026-09-15,Candidate—verify
BNSS-441,Criminal Procedure,"Bharatiya Nagarik Suraksha Sanhita, 2023",46 of 2023,441,Power of Additional Sessions Judge.,Power of Additional Sessions Judge.,India,To be verified,,https://www.indiacode.nic.in/,2026-09-15,Candidate—verify
BNSS-442,Criminal Procedure,"Bharatiya Nagarik Suraksha Sanhita, 2023",46 of 2023,442,High Court's powers of revision.,High Court's powers of revision.,India,To be verified,,https://www.indiacode.nic.in/,2026-09-15,Candidate—verify
BNSS-443,Criminal Procedure,"Bharatiya Nagarik Suraksha Sanhita, 2023",46 of 2023,443,Power of High Court to withdraw or transfer revision cases.,Power of High Court to withdraw or transfer revision cases.,India,To be verified,,https://www.indiacode.nic.in/,2026-09-15,Candidate—verify
BNSS-444,Criminal Procedure,"Bharatiya Nagarik Suraksha Sanhita, 2023",46 of 2023,444,Option of Court to hear parties.,Option of Court to hear parties.,India,To be verified,,https://www.indiacode.nic.in/,2026-09-15,Candidate—verify
BNSS-445,Criminal Procedure,"Bharatiya Nagarik Suraksha Sanhita, 2023",46 of 2023,445,High Court's order to be certified to lower Court.,High Court's order to be certified to lower Court. CHAPTER XXXIII TRANSFER OF CRIMINAL CASES,India,To be verified,,https://www.indiacode.nic.in/,2026-09-15,Candidate—verify
BNSS-446,Criminal Procedure,"Bharatiya Nagarik Suraksha Sanhita, 2023",46 of 2023,446,Power of Supreme Court to transfer cases and appeals.,Power of Supreme Court to transfer cases and appeals.,India,To be verified,,https://www.indiacode.nic.in/,2026-09-15,Candidate—verify
BNSS-447,Criminal Procedure,"Bharatiya Nagarik Suraksha Sanhita, 2023",46 of 2023,447,Power of High Court to transfer cases and appeals.,Power of High Court to transfer cases and appeals.,India,To be verified,,https://www.indiacode.nic.in/,2026-09-15,Candidate—verify
BNSS-448,Criminal Procedure,"Bharatiya Nagarik Suraksha Sanhita, 2023",46 of 2023,448,Power of Sessions Judge to transfer cases and appeals.,Power of Sessions Judge to transfer cases and appeals.,India,To be verified,,https://www.indiacode.nic.in/,2026-09-15,Candidate—verify
BNSS-449,Criminal Procedure,"Bharatiya Nagarik Suraksha Sanhita, 2023",46 of 2023,449,Withdrawal of cases and appeals by Sessions Judges.,Withdrawal of cases and appeals by Sessions Judges.,India,To be verified,,https://www.indiacode.nic.in/,2026-09-15,Candidate—verify
BNSS-450,Criminal Procedure,"Bharatiya Nagarik Suraksha Sanhita, 2023",46 of 2023,450,Withdrawal of cases by Judicial Magistrates.,Withdrawal of cases by Judicial Magistrates.,India,To be verified,,https://www.indiacode.nic.in/,2026-09-15,Candidate—verify
BNSS-451,Criminal Procedure,"Bharatiya Nagarik Suraksha Sanhita, 2023",46 of 2023,451,Making over or withdrawal of cases by Executive Magistrates.,Making over or withdrawal of cases by Executive Magistrates.,India,To be verified,,https://www.indiacode.nic.in/,2026-09-15,Candidate—verify
BNSS-452,Criminal Procedure,"Bharatiya Nagarik Suraksha Sanhita, 2023",46 of 2023,452,Reasons to be recorded.,"Reasons to be recorded. CHAPTER XXXIV EXECUTION, SUSPENSION, REMISSION AND COMMUTATION OF SENTENCES A.—Death sentences",India,To be verified,,https://www.indiacode.nic.in/,2026-09-15,Candidate—verify
BNSS-453,Criminal Procedure,"Bharatiya Nagarik Suraksha Sanhita, 2023",46 of 2023,453,Execution of order passed under section 409.,Execution of order passed under section 409.,India,To be verified,,https://www.indiacode.nic.in/,2026-09-15,Candidate—verify
BNSS-454,Criminal Procedure,"Bharatiya Nagarik Suraksha Sanhita, 2023",46 of 2023,454,Execution of sentence of death passed by High Court.,Execution of sentence of death passed by High Court.,India,To be verified,,https://www.indiacode.nic.in/,2026-09-15,Candidate—verify
BNSS-455,Criminal Procedure,"Bharatiya Nagarik Suraksha Sanhita, 2023",46 of 2023,455,Postponement of execution of sentence of death in case of appeal to Supreme Court.,Postponement of execution of sentence of death in case of appeal to Supreme Court.,India,To be verified,,https://www.indiacode.nic.in/,2026-09-15,Candidate—verify
BNSS-456,Criminal Procedure,"Bharatiya Nagarik Suraksha Sanhita, 2023",46 of 2023,456,Commutation of sentence of death on pregnant woman.,Commutation of sentence of death on pregnant woman. B.—Imprisonment,India,To be verified,,https://www.indiacode.nic.in/,2026-09-15,Candidate—verify
BNSS-457,Criminal Procedure,"Bharatiya Nagarik Suraksha Sanhita, 2023",46 of 2023,457,Power to appoint place of imprisonment.,Power to appoint place of imprisonment.,India,To be verified,,https://www.indiacode.nic.in/,2026-09-15,Candidate—verify
BNSS-458,Criminal Procedure,"Bharatiya Nagarik Suraksha Sanhita, 2023",46 of 2023,458,Execution of sentence of imprisonment.,Execution of sentence of imprisonment.,India,To be verified,,https://www.indiacode.nic.in/,2026-09-15,Candidate—verify
BNSS-459,Criminal Procedure,"Bharatiya Nagarik Suraksha Sanhita, 2023",46 of 2023,459,Direction of warrant for execution.,Direction of warrant for execution.,India,To be verified,,https://www.indiacode.nic.in/,2026-09-15,Candidate—verify
BNSS-460,Criminal Procedure,"Bharatiya Nagarik Suraksha Sanhita, 2023",46 of 2023,460,Warrant with whom to be lodged.,Warrant with whom to be lodged. 16 C.—Levy of fine SECTIONS,India,To be verified,,https://www.indiacode.nic.in/,2026-09-15,Candidate—verify
BNSS-461,Criminal Procedure,"Bharatiya Nagarik Suraksha Sanhita, 2023",46 of 2023,461,Warrant for levy of fine.,Warrant for levy of fine.,India,To be verified,,https://www.indiacode.nic.in/,2026-09-15,Candidate—verify
BNSS-462,Criminal Procedure,"Bharatiya Nagarik Suraksha Sanhita, 2023",46 of 2023,462,Effect of such warrant.,Effect of such warrant.,India,To be verified,,https://www.indiacode.nic.in/,2026-09-15,Candidate—verify
BNSS-463,Criminal Procedure,"Bharatiya Nagarik Suraksha Sanhita, 2023",46 of 2023,463,Warrant for levy of fine issued by a Court in any territory to which this Sanhita does not extend.,Warrant for levy of fine issued by a Court in any territory to which this Sanhita does not extend.,India,To be verified,,https://www.indiacode.nic.in/,2026-09-15,Candidate—verify
BNSS-464,Criminal Procedure,"Bharatiya Nagarik Suraksha Sanhita, 2023",46 of 2023,464,Suspension of execution of sentence of imprisonment.,Suspension of execution of sentence of imprisonment. D.—General provisions regarding execution,India,To be verified,,https://www.indiacode.nic.in/,2026-09-15,Candidate—verify
BNSS-465,Criminal Procedure,"Bharatiya Nagarik Suraksha Sanhita, 2023",46 of 2023,465,Who may issue warrant.,Who may issue warrant.,India,To be verified,,https://www.indiacode.nic.in/,2026-09-15,Candidate—verify
BNSS-466,Criminal Procedure,"Bharatiya Nagarik Suraksha Sanhita, 2023",46 of 2023,466,Sentence on escaped convict when to take effect.,Sentence on escaped convict when to take effect.,India,To be verified,,https://www.indiacode.nic.in/,2026-09-15,Candidate—verify
BNSS-467,Criminal Procedure,"Bharatiya Nagarik Suraksha Sanhita, 2023",46 of 2023,467,Sentence on offender already sentenced for another offence.,Sentence on offender already sentenced for another offence.,India,To be verified,,https://www.indiacode.nic.in/,2026-09-15,Candidate—verify
BNSS-468,Criminal Procedure,"Bharatiya Nagarik Suraksha Sanhita, 2023",46 of 2023,468,Period of detention undergone by accused to be set off against sentence of imprisonment.,Period of detention undergone by accused to be set off against sentence of imprisonment.,India,To be verified,,https://www.indiacode.nic.in/,2026-09-15,Candidate—verify
BNSS-469,Criminal Procedure,"Bharatiya Nagarik Suraksha Sanhita, 2023",46 of 2023,469,Saving.,Saving.,India,To be verified,,https://www.indiacode.nic.in/,2026-09-15,Candidate—verify
BNSS-470,Criminal Procedure,"Bharatiya Nagarik Suraksha Sanhita, 2023",46 of 2023,470,Return of warrant on execution of sentence.,Return of warrant on execution of sentence.,India,To be verified,,https://www.indiacode.nic.in/,2026-09-15,Candidate—verify
BNSS-471,Criminal Procedure,"Bharatiya Nagarik Suraksha Sanhita, 2023",46 of 2023,471,Money ordered to be paid recoverable as a fine.,"Money ordered to be paid recoverable as a fine. E.—Suspension, remission and commutation of sentences",India,To be verified,,https://www.indiacode.nic.in/,2026-09-15,Candidate—verify
BNSS-472,Criminal Procedure,"Bharatiya Nagarik Suraksha Sanhita, 2023",46 of 2023,472,Mercy petition in death sentence cases.,Mercy petition in death sentence cases.,India,To be verified,,https://www.indiacode.nic.in/,2026-09-15,Candidate—verify
BNSS-473,Criminal Procedure,"Bharatiya Nagarik Suraksha Sanhita, 2023",46 of 2023,473,Power to suspend or remit sentences.,Power to suspend or remit sentences.,India,To be verified,,https://www.indiacode.nic.in/,2026-09-15,Candidate—verify
BNSS-474,Criminal Procedure,"Bharatiya Nagarik Suraksha Sanhita, 2023",46 of 2023,474,Power to commute sentence.,Power to commute sentence.,India,To be verified,,https://www.indiacode.nic.in/,2026-09-15,Candidate—verify
BNSS-475,Criminal Procedure,"Bharatiya Nagarik Suraksha Sanhita, 2023",46 of 2023,475,Restriction on powers of remission or commutation in certain cases.,Restriction on powers of remission or commutation in certain cases.,India,To be verified,,https://www.indiacode.nic.in/,2026-09-15,Candidate—verify
BNSS-476,Criminal Procedure,"Bharatiya Nagarik Suraksha Sanhita, 2023",46 of 2023,476,Concurrent power of Central Government in case of death sentences.,Concurrent power of Central Government in case of death sentences.,India,To be verified,,https://www.indiacode.nic.in/,2026-09-15,Candidate—verify
BNSS-477,Criminal Procedure,"Bharatiya Nagarik Suraksha Sanhita, 2023",46 of 2023,477,State Government to act after concurrence with Central Government in certain cases.,State Government to act after concurrence with Central Government in certain cases. CHAPTER XXXV PROVISIONS AS TO BAIL AND BONDS,India,To be verified,,https://www.indiacode.nic.in/,2026-09-15,Candidate—verify
BNSS-478,Criminal Procedure,"Bharatiya Nagarik Suraksha Sanhita, 2023",46 of 2023,478,In what cases bail to be taken.,In what cases bail to be taken.,India,To be verified,,https://www.indiacode.nic.in/,2026-09-15,Candidate—verify
BNSS-479,Criminal Procedure,"Bharatiya Nagarik Suraksha Sanhita, 2023",46 of 2023,479,Maximum period for which under-trial prisoner can be detained.,Maximum period for which under-trial prisoner can be detained.,India,To be verified,,https://www.indiacode.nic.in/,2026-09-15,Candidate—verify
BNSS-480,Criminal Procedure,"Bharatiya Nagarik Suraksha Sanhita, 2023",46 of 2023,480,When bail may be taken in case of non-bailable offence.,When bail may be taken in case of non-bailable offence.,India,To be verified,,https://www.indiacode.nic.in/,2026-09-15,Candidate—verify
BNSS-481,Criminal Procedure,"Bharatiya Nagarik Suraksha Sanhita, 2023",46 of 2023,481,Bail to require accused to appear before next Appellate Court,Bail to require accused to appear before next Appellate Court,India,To be verified,,https://www.indiacode.nic.in/,2026-09-15,Candidate—verify
BNSS-482,Criminal Procedure,"Bharatiya Nagarik Suraksha Sanhita, 2023",46 of 2023,482,Direction for grant of bail to person apprehending arrest.,Direction for grant of bail to person apprehending arrest.,India,To be verified,,https://www.indiacode.nic.in/,2026-09-15,Candidate—verify
BNSS-483,Criminal Procedure,"Bharatiya Nagarik Suraksha Sanhita, 2023",46 of 2023,483,Special powers of High Court or Court of Session regarding bail.,Special powers of High Court or Court of Session regarding bail.,India,To be verified,,https://www.indiacode.nic.in/,2026-09-15,Candidate—verify
BNSS-484,Criminal Procedure,"Bharatiya Nagarik Suraksha Sanhita, 2023",46 of 2023,484,Amount of bond and reduction thereof.,Amount of bond and reduction thereof.,India,To be verified,,https://www.indiacode.nic.in/,2026-09-15,Candidate—verify
BNSS-485,Criminal Procedure,"Bharatiya Nagarik Suraksha Sanhita, 2023",46 of 2023,485,Bond of accused and sureties.,Bond of accused and sureties.,India,To be verified,,https://www.indiacode.nic.in/,2026-09-15,Candidate—verify
BNSS-486,Criminal Procedure,"Bharatiya Nagarik Suraksha Sanhita, 2023",46 of 2023,486,Declaration by sureties.,Declaration by sureties.,India,To be verified,,https://www.indiacode.nic.in/,2026-09-15,Candidate—verify
BNSS-487,Criminal Procedure,"Bharatiya Nagarik Suraksha Sanhita, 2023",46 of 2023,487,Discharge from custody.,Discharge from custody.,India,To be verified,,https://www.indiacode.nic.in/,2026-09-15,Candidate—verify
BNSS-488,Criminal Procedure,"Bharatiya Nagarik Suraksha Sanhita, 2023",46 of 2023,488,Power to order sufficient bail when that first taken is insufficient.,Power to order sufficient bail when that first taken is insufficient.,India,To be verified,,https://www.indiacode.nic.in/,2026-09-15,Candidate—verify
BNSS-489,Criminal Procedure,"Bharatiya Nagarik Suraksha Sanhita, 2023",46 of 2023,489,Discharge of sureties.,Discharge of sureties.,India,To be verified,,https://www.indiacode.nic.in/,2026-09-15,Candidate—verify
BNSS-490,Criminal Procedure,"Bharatiya Nagarik Suraksha Sanhita, 2023",46 of 2023,490,Deposit instead of recognizance.,Deposit instead of recognizance.,India,To be verified,,https://www.indiacode.nic.in/,2026-09-15,Candidate—verify
BNSS-491,Criminal Procedure,"Bharatiya Nagarik Suraksha Sanhita, 2023",46 of 2023,491,Procedure when bond has been forfeited.,Procedure when bond has been forfeited.,India,To be verified,,https://www.indiacode.nic.in/,2026-09-15,Candidate—verify
BNSS-492,Criminal Procedure,"Bharatiya Nagarik Suraksha Sanhita, 2023",46 of 2023,492,Cancellation of bond and bail bond,Cancellation of bond and bail bond,India,To be verified,,https://www.indiacode.nic.in/,2026-09-15,Candidate—verify
BNSS-493,Criminal Procedure,"Bharatiya Nagarik Suraksha Sanhita, 2023",46 of 2023,493,Procedure in case of insolvency or death of surety or when a bond is forfeited.,Procedure in case of insolvency or death of surety or when a bond is forfeited.,India,To be verified,,https://www.indiacode.nic.in/,2026-09-15,Candidate—verify
BNSS-494,Criminal Procedure,"Bharatiya Nagarik Suraksha Sanhita, 2023",46 of 2023,494,Bond required from child.,Bond required from child.,India,To be verified,,https://www.indiacode.nic.in/,2026-09-15,Candidate—verify
BNSS-495,Criminal Procedure,"Bharatiya Nagarik Suraksha Sanhita, 2023",46 of 2023,495,Appeal from orders under section 491.,Appeal from orders under section 491.,India,To be verified,,https://www.indiacode.nic.in/,2026-09-15,Candidate—verify
BNSS-496,Criminal Procedure,"Bharatiya Nagarik Suraksha Sanhita, 2023",46 of 2023,496,Power to direct levy of amount due on certain recognizances.,Power to direct levy of amount due on certain recognizances. CHAPTER XXXVI DISPOSAL OF PROPERTY,India,To be verified,,https://www.indiacode.nic.in/,2026-09-15,Candidate—verify
BNSS-497,Criminal Procedure,"Bharatiya Nagarik Suraksha Sanhita, 2023",46 of 2023,497,Order for custody and disposal of property pending trial in certain cases.,Order for custody and disposal of property pending trial in certain cases.,India,To be verified,,https://www.indiacode.nic.in/,2026-09-15,Candidate—verify
BNSS-498,Criminal Procedure,"Bharatiya Nagarik Suraksha Sanhita, 2023",46 of 2023,498,Order for disposal of property at conclusion of trial.,Order for disposal of property at conclusion of trial. 17 SECTIONS,India,To be verified,,https://www.indiacode.nic.in/,2026-09-15,Candidate—verify
BNSS-499,Criminal Procedure,"Bharatiya Nagarik Suraksha Sanhita, 2023",46 of 2023,499,Payment to innocent purchaser of money found on accused.,Payment to innocent purchaser of money found on accused.,India,To be verified,,https://www.indiacode.nic.in/,2026-09-15,Candidate—verify
BNSS-500,Criminal Procedure,"Bharatiya Nagarik Suraksha Sanhita, 2023",46 of 2023,500,Appeal against orders under section 498 or section 499.,Appeal against orders under section 498 or section 499.,India,To be verified,,https://www.indiacode.nic.in/,2026-09-15,Candidate—verify
BNSS-501,Criminal Procedure,"Bharatiya Nagarik Suraksha Sanhita, 2023",46 of 2023,501,Destruction of libellous and other matter.,Destruction of libellous and other matter.,India,To be verified,,https://www.indiacode.nic.in/,2026-09-15,Candidate—verify
BNSS-502,Criminal Procedure,"Bharatiya Nagarik Suraksha Sanhita, 2023",46 of 2023,502,Power to restore possession of immovable property.,Power to restore possession of immovable property.,India,To be verified,,https://www.indiacode.nic.in/,2026-09-15,Candidate—verify
BNSS-503,Criminal Procedure,"Bharatiya Nagarik Suraksha Sanhita, 2023",46 of 2023,503,Procedure by police upon seizure of property.,Procedure by police upon seizure of property.,India,To be verified,,https://www.indiacode.nic.in/,2026-09-15,Candidate—verify
BNSS-504,Criminal Procedure,"Bharatiya Nagarik Suraksha Sanhita, 2023",46 of 2023,504,Procedure where no claimant appears within six months.,Procedure where no claimant appears within six months.,India,To be verified,,https://www.indiacode.nic.in/,2026-09-15,Candidate—verify
BNSS-505,Criminal Procedure,"Bharatiya Nagarik Suraksha Sanhita, 2023",46 of 2023,505,Power to sell perishable property.,Power to sell perishable property. CHAPTER XXXVII IRREGULAR PROCEEDINGS,India,To be verified,,https://www.indiacode.nic.in/,2026-09-15,Candidate—verify
BNSS-506,Criminal Procedure,"Bharatiya Nagarik Suraksha Sanhita, 2023",46 of 2023,506,Irregularities which do not vitiate proceedings.,Irregularities which do not vitiate proceedings.,India,To be verified,,https://www.indiacode.nic.in/,2026-09-15,Candidate—verify
BNSS-507,Criminal Procedure,"Bharatiya Nagarik Suraksha Sanhita, 2023",46 of 2023,507,Irregularities which vitiate proceedings.,Irregularities which vitiate proceedings.,India,To be verified,,https://www.indiacode.nic.in/,2026-09-15,Candidate—verify
BNSS-508,Criminal Procedure,"Bharatiya Nagarik Suraksha Sanhita, 2023",46 of 2023,508,Proceedings in wrong place.,Proceedings in wrong place.,India,To be verified,,https://www.indiacode.nic.in/,2026-09-15,Candidate—verify
BNSS-509,Criminal Procedure,"Bharatiya Nagarik Suraksha Sanhita, 2023",46 of 2023,509,Non-compliance with provisions of section 183 or section 316.,Non-compliance with provisions of section 183 or section 316.,India,To be verified,,https://www.indiacode.nic.in/,2026-09-15,Candidate—verify
BNSS-510,Criminal Procedure,"Bharatiya Nagarik Suraksha Sanhita, 2023",46 of 2023,510,"Effect of omission to frame, or absence of, or error in, charge.","Effect of omission to frame, or absence of, or error in, charge.",India,To be verified,,https://www.indiacode.nic.in/,2026-09-15,Candidate—verify
BNSS-511,Criminal Procedure,"Bharatiya Nagarik Suraksha Sanhita, 2023",46 of 2023,511,"Finding or sentence when reversible by reason of error, omission or irregularity.","Finding or sentence when reversible by reason of error, omission or irregularity.",India,To be verified,,https://www.indiacode.nic.in/,2026-09-15,Candidate—verify
BNSS-512,Criminal Procedure,"Bharatiya Nagarik Suraksha Sanhita, 2023",46 of 2023,512,Defect or error not to make attachment unlawful.,Defect or error not to make attachment unlawful. CHAPTER XXXVIII LIMITATION FOR TAKING COGNIZANCE OF CERTAIN OFFENCES,India,To be verified,,https://www.indiacode.nic.in/,2026-09-15,Candidate—verify
BNSS-513,Criminal Procedure,"Bharatiya Nagarik Suraksha Sanhita, 2023",46 of 2023,513,Definitions.,Definitions.,India,To be verified,,https://www.indiacode.nic.in/,2026-09-15,Candidate—verify
BNSS-514,Criminal Procedure,"Bharatiya Nagarik Suraksha Sanhita, 2023",46 of 2023,514,Bar to taking cognizance after lapse of period of limitation.,Bar to taking cognizance after lapse of period of limitation.,India,To be verified,,https://www.indiacode.nic.in/,2026-09-15,Candidate—verify
BNSS-515,Criminal Procedure,"Bharatiya Nagarik Suraksha Sanhita, 2023",46 of 2023,515,Commencement of period of limitation.,Commencement of period of limitation.,India,To be verified,,https://www.indiacode.nic.in/,2026-09-15,Candidate—verify
BNSS-516,Criminal Procedure,"Bharatiya Nagarik Suraksha Sanhita, 2023",46 of 2023,516,Exclusion of time in certain cases.,Exclusion of time in certain cases.,India,To be verified,,https://www.indiacode.nic.in/,2026-09-15,Candidate—verify
BNSS-517,Criminal Procedure,"Bharatiya Nagarik Suraksha Sanhita, 2023",46 of 2023,517,Exclusion of date on which Court is closed.,Exclusion of date on which Court is closed.,India,To be verified,,https://www.indiacode.nic.in/,2026-09-15,Candidate—verify
BNSS-518,Criminal Procedure,"Bharatiya Nagarik Suraksha Sanhita, 2023",46 of 2023,518,Continuing offence.,Continuing offence.,India,To be verified,,https://www.indiacode.nic.in/,2026-09-15,Candidate—verify
BNSS-519,Criminal Procedure,"Bharatiya Nagarik Suraksha Sanhita, 2023",46 of 2023,519,Extension of period of limitation in certain cases.,Extension of period of limitation in certain cases. CHAPTER XXXIX MISCELLANEOUS,India,To be verified,,https://www.indiacode.nic.in/,2026-09-15,Candidate—verify
BNSS-520,Criminal Procedure,"Bharatiya Nagarik Suraksha Sanhita, 2023",46 of 2023,520,Trials before High Courts.,Trials before High Courts.,India,To be verified,,https://www.indiacode.nic.in/,2026-09-15,Candidate—verify
BNSS-521,Criminal Procedure,"Bharatiya Nagarik Suraksha Sanhita, 2023",46 of 2023,521,Delivery to commanding officers of persons liable to be tried by Court-martial.,Delivery to commanding officers of persons liable to be tried by Court-martial.,India,To be verified,,https://www.indiacode.nic.in/,2026-09-15,Candidate—verify
BNSS-522,Criminal Procedure,"Bharatiya Nagarik Suraksha Sanhita, 2023",46 of 2023,522,Forms.,Forms.,India,To be verified,,https://www.indiacode.nic.in/,2026-09-15,Candidate—verify
BNSS-523,Criminal Procedure,"Bharatiya Nagarik Suraksha Sanhita, 2023",46 of 2023,523,Power of High Court to make rules.,Power of High Court to make rules.,India,To be verified,,https://www.indiacode.nic.in/,2026-09-15,Candidate—verify
BNSS-524,Criminal Procedure,"Bharatiya Nagarik Suraksha Sanhita, 2023",46 of 2023,524,Power to alter functions allocated to Executive Magistrate in certain cases.,Power to alter functions allocated to Executive Magistrate in certain cases.,India,To be verified,,https://www.indiacode.nic.in/,2026-09-15,Candidate—verify
BNSS-525,Criminal Procedure,"Bharatiya Nagarik Suraksha Sanhita, 2023",46 of 2023,525,Cases in which Judge or Magistrate is personally interested.,Cases in which Judge or Magistrate is personally interested.,India,To be verified,,https://www.indiacode.nic.in/,2026-09-15,Candidate—verify
BNSS-526,Criminal Procedure,"Bharatiya Nagarik Suraksha Sanhita, 2023",46 of 2023,526,Practising advocate not to sit as Magistrate in certain Courts.,Practising advocate not to sit as Magistrate in certain Courts.,India,To be verified,,https://www.indiacode.nic.in/,2026-09-15,Candidate—verify
BNSS-527,Criminal Procedure,"Bharatiya Nagarik Suraksha Sanhita, 2023",46 of 2023,527,Public servant concerned in sale not to purchase or bid for property.,Public servant concerned in sale not to purchase or bid for property.,India,To be verified,,https://www.indiacode.nic.in/,2026-09-15,Candidate—verify
BNSS-528,Criminal Procedure,"Bharatiya Nagarik Suraksha Sanhita, 2023",46 of 2023,528,Saving of inherent powers of High Court.,Saving of inherent powers of High Court.,India,To be verified,,https://www.indiacode.nic.in/,2026-09-15,Candidate—verify
BNSS-529,Criminal Procedure,"Bharatiya Nagarik Suraksha Sanhita, 2023",46 of 2023,529,Duty of High Court to exercise continuous superintendence over Courts.,Duty of High Court to exercise continuous superintendence over Courts.,India,To be verified,,https://www.indiacode.nic.in/,2026-09-15,Candidate—verify
BNSS-530,Criminal Procedure,"Bharatiya Nagarik Suraksha Sanhita, 2023",46 of 2023,530,Trial and proceedings to be held in electronic mode.,Trial and proceedings to be held in electronic mode.,India,To be verified,,https://www.indiacode.nic.in/,2026-09-15,Candidate—verify
BNSS-531,Criminal Procedure,"Bharatiya Nagarik Suraksha Sanhita, 2023",46 of 2023,531,Repeal and savings.,"Repeal and savings. THE FIRST SCHEDULE THE SECOND SCHEDULE 18 THE BHARATIYA NAGARIK SURAKSHA SANHITA, 2023 ACT NO. 46 OF 2023 [25th December, 2023.] An Act to consolidate and amend the law relating to Criminal Procedure. BE it enacted by Parliament in the Seventy-fourth Year of the Republic of India as follows:— CHAPTER I PRELIMINARY",India,To be verified,,https://www.indiacode.nic.in/,2026-09-15,Candidate—verify
ICA-001,Contract Law,"Indian Contract Act, 1872",9 of 1872,1,Short title.,Short title. Extent. Commencement. Saving.,India,To be verified,,https://www.indiacode.nic.in/,2026-09-15,Candidate—verify
ICA-002,Contract Law,"Indian Contract Act, 1872",9 of 1872,2,Interpretation-clause.,"Interpretation-clause. CHAPTER I OF THE COMMUNICATION, ACCEPTANCE AND REVOCATION OF PROPOSALS",India,To be verified,,https://www.indiacode.nic.in/,2026-09-15,Candidate—verify
ICA-003,Contract Law,"Indian Contract Act, 1872",9 of 1872,3,"Communication, acceptance and revocation of proposals.","Communication, acceptance and revocation of proposals.",India,To be verified,,https://www.indiacode.nic.in/,2026-09-15,Candidate—verify
ICA-004,Contract Law,"Indian Contract Act, 1872",9 of 1872,4,Communication when complete.,Communication when complete.,India,To be verified,,https://www.indiacode.nic.in/,2026-09-15,Candidate—verify
ICA-005,Contract Law,"Indian Contract Act, 1872",9 of 1872,5,Revocation of proposals and acceptances.,Revocation of proposals and acceptances.,India,To be verified,,https://www.indiacode.nic.in/,2026-09-15,Candidate—verify
ICA-006,Contract Law,"Indian Contract Act, 1872",9 of 1872,6,Revocation how made.,Revocation how made.,India,To be verified,,https://www.indiacode.nic.in/,2026-09-15,Candidate—verify
ICA-007,Contract Law,"Indian Contract Act, 1872",9 of 1872,7,Acceptance must be absolute.,Acceptance must be absolute.,India,To be verified,,https://www.indiacode.nic.in/,2026-09-15,Candidate—verify
ICA-008,Contract Law,"Indian Contract Act, 1872",9 of 1872,8,"Acceptance by performing conditions, or receiving consideration.","Acceptance by performing conditions, or receiving consideration.",India,To be verified,,https://www.indiacode.nic.in/,2026-09-15,Candidate—verify
ICA-009,Contract Law,"Indian Contract Act, 1872",9 of 1872,9,"Promises, express and implied.","Promises, express and implied. CHAPTER II OF CONTRACTS, VOIDABLE CONTRACTS AND VOID AGREEMENTS",India,To be verified,,https://www.indiacode.nic.in/,2026-09-15,Candidate—verify
ICA-010,Contract Law,"Indian Contract Act, 1872",9 of 1872,10,What agreements are contracts.,What agreements are contracts.,India,To be verified,,https://www.indiacode.nic.in/,2026-09-15,Candidate—verify
ICA-011,Contract Law,"Indian Contract Act, 1872",9 of 1872,11,Who are competent to contract.,Who are competent to contract.,India,To be verified,,https://www.indiacode.nic.in/,2026-09-15,Candidate—verify
ICA-012,Contract Law,"Indian Contract Act, 1872",9 of 1872,12,What is a sound mind for the purposes of contracting.,What is a sound mind for the purposes of contracting.,India,To be verified,,https://www.indiacode.nic.in/,2026-09-15,Candidate—verify
ICA-013,Contract Law,"Indian Contract Act, 1872",9 of 1872,13,“Consent” defined.,“Consent” defined.,India,To be verified,,https://www.indiacode.nic.in/,2026-09-15,Candidate—verify
ICA-014,Contract Law,"Indian Contract Act, 1872",9 of 1872,14,“Free consent” defined.,“Free consent” defined.,India,To be verified,,https://www.indiacode.nic.in/,2026-09-15,Candidate—verify
ICA-015,Contract Law,"Indian Contract Act, 1872",9 of 1872,15,“Coercion” defined.,“Coercion” defined.,India,To be verified,,https://www.indiacode.nic.in/,2026-09-15,Candidate—verify
ICA-016,Contract Law,"Indian Contract Act, 1872",9 of 1872,16,“Undue influence” defined.,“Undue influence” defined.,India,To be verified,,https://www.indiacode.nic.in/,2026-09-15,Candidate—verify
ICA-017,Contract Law,"Indian Contract Act, 1872",9 of 1872,17,“Fraud” defined.,“Fraud” defined.,India,To be verified,,https://www.indiacode.nic.in/,2026-09-15,Candidate—verify
ICA-018,Contract Law,"Indian Contract Act, 1872",9 of 1872,18,“Misrepresentation” defined.,“Misrepresentation” defined.,India,To be verified,,https://www.indiacode.nic.in/,2026-09-15,Candidate—verify
ICA-019,Contract Law,"Indian Contract Act, 1872",9 of 1872,19,Voidability of agreements without free consent.,Voidability of agreements without free consent. 19A. Power to set aside contract induced by undue influence.,India,To be verified,,https://www.indiacode.nic.in/,2026-09-15,Candidate—verify
ICA-020,Contract Law,"Indian Contract Act, 1872",9 of 1872,20,Agreement void where both parties are under mistake as to matter of fact.,Agreement void where both parties are under mistake as to matter of fact.,India,To be verified,,https://www.indiacode.nic.in/,2026-09-15,Candidate—verify
ICA-021,Contract Law,"Indian Contract Act, 1872",9 of 1872,21,Effect of mistakes as to law.,Effect of mistakes as to law.,India,To be verified,,https://www.indiacode.nic.in/,2026-09-15,Candidate—verify
ICA-022,Contract Law,"Indian Contract Act, 1872",9 of 1872,22,Contract caused by mistake of one party as to matter of fact.,Contract caused by mistake of one party as to matter of fact. 2 SECTIONS,India,To be verified,,https://www.indiacode.nic.in/,2026-09-15,Candidate—verify
ICA-023,Contract Law,"Indian Contract Act, 1872",9 of 1872,23,"What considerations and objects are lawful, and what not.","What considerations and objects are lawful, and what not. Void agreements",India,To be verified,,https://www.indiacode.nic.in/,2026-09-15,Candidate—verify
ICA-024,Contract Law,"Indian Contract Act, 1872",9 of 1872,24,"Agreement void, if considerations and objects unlawful in part.","Agreement void, if considerations and objects unlawful in part.",India,To be verified,,https://www.indiacode.nic.in/,2026-09-15,Candidate—verify
ICA-025,Contract Law,"Indian Contract Act, 1872",9 of 1872,25,"Agreement without consideration, void, unless it is in writing and registered, or is a promise to compensate for something done, or is a promise to pa","Agreement without consideration, void, unless it is in writing and registered, or is a promise to compensate for something done, or is a promise to pay a debt barred by limitation law.",India,To be verified,,https://www.indiacode.nic.in/,2026-09-15,Candidate—verify
ICA-026,Contract Law,"Indian Contract Act, 1872",9 of 1872,26,"Agreement in restraint of marriage, void.","Agreement in restraint of marriage, void.",India,To be verified,,https://www.indiacode.nic.in/,2026-09-15,Candidate—verify
ICA-027,Contract Law,"Indian Contract Act, 1872",9 of 1872,27,"Agreement in restraint of trade, void.","Agreement in restraint of trade, void. Saving of agreement not to carry on business of which good-will is sold.",India,To be verified,,https://www.indiacode.nic.in/,2026-09-15,Candidate—verify
ICA-028,Contract Law,"Indian Contract Act, 1872",9 of 1872,28,Agreements in restraint of legal proceeding void.,Agreements in restraint of legal proceeding void. Saving of contract to refer to arbitration dispute that may arise. Saving of contract to refer questions that have already arisen. Saving of a guarantee agreement of a bank or a financial institution.,India,To be verified,,https://www.indiacode.nic.in/,2026-09-15,Candidate—verify
ICA-029,Contract Law,"Indian Contract Act, 1872",9 of 1872,29,Agreements void for uncertainty.,Agreements void for uncertainty.,India,To be verified,,https://www.indiacode.nic.in/,2026-09-15,Candidate—verify
ICA-030,Contract Law,"Indian Contract Act, 1872",9 of 1872,30,"Agreements by way of wager, void.","Agreements by way of wager, void. Exception in favour of certain prizes for horse-racing. Section 294A of the Indian Penal Code not affected. CHAPTER III OF CONTINGENT CONTRACTS",India,To be verified,,https://www.indiacode.nic.in/,2026-09-15,Candidate—verify
ICA-031,Contract Law,"Indian Contract Act, 1872",9 of 1872,31,“Contingent contract” defined.,“Contingent contract” defined.,India,To be verified,,https://www.indiacode.nic.in/,2026-09-15,Candidate—verify
ICA-032,Contract Law,"Indian Contract Act, 1872",9 of 1872,32,Enforcement of contracts contingent on an event happening.,Enforcement of contracts contingent on an event happening.,India,To be verified,,https://www.indiacode.nic.in/,2026-09-15,Candidate—verify
ICA-033,Contract Law,"Indian Contract Act, 1872",9 of 1872,33,Enforcement of contracts contingent on an event not happening.,Enforcement of contracts contingent on an event not happening.,India,To be verified,,https://www.indiacode.nic.in/,2026-09-15,Candidate—verify
ICA-034,Contract Law,"Indian Contract Act, 1872",9 of 1872,34,"When event on which contract is contingent to be deemed impossible, if it is the future conduct of a living person.","When event on which contract is contingent to be deemed impossible, if it is the future conduct of a living person.",India,To be verified,,https://www.indiacode.nic.in/,2026-09-15,Candidate—verify
ICA-035,Contract Law,"Indian Contract Act, 1872",9 of 1872,35,When contracts become void which are contingent on happening of specified event within fixed time.,"When contracts become void which are contingent on happening of specified event within fixed time. When contracts may be enforced, which are contingent on specified event not happening within fixed time.",India,To be verified,,https://www.indiacode.nic.in/,2026-09-15,Candidate—verify
ICA-036,Contract Law,"Indian Contract Act, 1872",9 of 1872,36,Agreement contingent on impossible events void.,Agreement contingent on impossible events void. CHAPTER IV OF THE PERFORMANCE OF CONTRACTS Contracts which must be performed,India,To be verified,,https://www.indiacode.nic.in/,2026-09-15,Candidate—verify
ICA-037,Contract Law,"Indian Contract Act, 1872",9 of 1872,37,Obligation of parties to contracts.,Obligation of parties to contracts.,India,To be verified,,https://www.indiacode.nic.in/,2026-09-15,Candidate—verify
ICA-038,Contract Law,"Indian Contract Act, 1872",9 of 1872,38,Effect of refusal to accept offer of performance.,Effect of refusal to accept offer of performance.,India,To be verified,,https://www.indiacode.nic.in/,2026-09-15,Candidate—verify
ICA-039,Contract Law,"Indian Contract Act, 1872",9 of 1872,39,Effect of refusal of party to perform promise wholly.,Effect of refusal of party to perform promise wholly. By whom contracts must be performed,India,To be verified,,https://www.indiacode.nic.in/,2026-09-15,Candidate—verify
ICA-040,Contract Law,"Indian Contract Act, 1872",9 of 1872,40,Person by whom promise is to be performed.,Person by whom promise is to be performed.,India,To be verified,,https://www.indiacode.nic.in/,2026-09-15,Candidate—verify
ICA-041,Contract Law,"Indian Contract Act, 1872",9 of 1872,41,Effect of accepting performance from third person.,Effect of accepting performance from third person. 3 SECTIONS,India,To be verified,,https://www.indiacode.nic.in/,2026-09-15,Candidate—verify
ICA-042,Contract Law,"Indian Contract Act, 1872",9 of 1872,42,Devolution of joint liabilities.,Devolution of joint liabilities.,India,To be verified,,https://www.indiacode.nic.in/,2026-09-15,Candidate—verify
ICA-043,Contract Law,"Indian Contract Act, 1872",9 of 1872,43,Any one of joint promisors may be compelled to perform.,Any one of joint promisors may be compelled to perform. Each promisor may compel contribution. Sharing of loss by default in contribution.,India,To be verified,,https://www.indiacode.nic.in/,2026-09-15,Candidate—verify
ICA-044,Contract Law,"Indian Contract Act, 1872",9 of 1872,44,Effect of release of one joint promisor.,Effect of release of one joint promisor.,India,To be verified,,https://www.indiacode.nic.in/,2026-09-15,Candidate—verify
ICA-045,Contract Law,"Indian Contract Act, 1872",9 of 1872,45,Devolution of joint rights.,Devolution of joint rights. Time and place for performance,India,To be verified,,https://www.indiacode.nic.in/,2026-09-15,Candidate—verify
ICA-046,Contract Law,"Indian Contract Act, 1872",9 of 1872,46,"Time for performance of promise, when no application is to be made and no time is specified.","Time for performance of promise, when no application is to be made and no time is specified.",India,To be verified,,https://www.indiacode.nic.in/,2026-09-15,Candidate—verify
ICA-047,Contract Law,"Indian Contract Act, 1872",9 of 1872,47,"Time and place for performance of promise, where time is specified and no application to be made.","Time and place for performance of promise, where time is specified and no application to be made.",India,To be verified,,https://www.indiacode.nic.in/,2026-09-15,Candidate—verify
ICA-048,Contract Law,"Indian Contract Act, 1872",9 of 1872,48,Application for performance on certain day to be at proper time and place.,Application for performance on certain day to be at proper time and place.,India,To be verified,,https://www.indiacode.nic.in/,2026-09-15,Candidate—verify
ICA-049,Contract Law,"Indian Contract Act, 1872",9 of 1872,49,"Place for performance of promise, where no application to be made and no place fixed for performance.","Place for performance of promise, where no application to be made and no place fixed for performance.",India,To be verified,,https://www.indiacode.nic.in/,2026-09-15,Candidate—verify
ICA-050,Contract Law,"Indian Contract Act, 1872",9 of 1872,50,Performance in manner or at time prescribed or sanctioned by promisee.,Performance in manner or at time prescribed or sanctioned by promisee. Performance of reciprocal promises,India,To be verified,,https://www.indiacode.nic.in/,2026-09-15,Candidate—verify
ICA-051,Contract Law,"Indian Contract Act, 1872",9 of 1872,51,"Promisor not bound to perform, unless reciprocal promisee ready and willing to perform.","Promisor not bound to perform, unless reciprocal promisee ready and willing to perform.",India,To be verified,,https://www.indiacode.nic.in/,2026-09-15,Candidate—verify
ICA-052,Contract Law,"Indian Contract Act, 1872",9 of 1872,52,Order of performance of reciprocal promises.,Order of performance of reciprocal promises.,India,To be verified,,https://www.indiacode.nic.in/,2026-09-15,Candidate—verify
ICA-053,Contract Law,"Indian Contract Act, 1872",9 of 1872,53,Liability of party preventing event on which the contract is to take effect.,Liability of party preventing event on which the contract is to take effect.,India,To be verified,,https://www.indiacode.nic.in/,2026-09-15,Candidate—verify
ICA-054,Contract Law,"Indian Contract Act, 1872",9 of 1872,54,"Effect of default as to that promise which should be first performed, in contract consisting of reciprocal promises.","Effect of default as to that promise which should be first performed, in contract consisting of reciprocal promises.",India,To be verified,,https://www.indiacode.nic.in/,2026-09-15,Candidate—verify
ICA-055,Contract Law,"Indian Contract Act, 1872",9 of 1872,55,"Effect of failure to perform at fixed time, in contract in which time is essential.","Effect of failure to perform at fixed time, in contract in which time is essential. Effect of such failure when time is not essential. Effect of acceptance of performance at time other than that agreed upon.",India,To be verified,,https://www.indiacode.nic.in/,2026-09-15,Candidate—verify
ICA-056,Contract Law,"Indian Contract Act, 1872",9 of 1872,56,Agreement to do impossible act.,Agreement to do impossible act. Contract to do an act afterwards becoming impossible or unlawful. Compensation for loss through non-performance of act known to be impossible or unlawful.,India,To be verified,,https://www.indiacode.nic.in/,2026-09-15,Candidate—verify
ICA-057,Contract Law,"Indian Contract Act, 1872",9 of 1872,57,"Reciprocal promise to do things legal, and also other things illegal.","Reciprocal promise to do things legal, and also other things illegal.",India,To be verified,,https://www.indiacode.nic.in/,2026-09-15,Candidate—verify
ICA-058,Contract Law,"Indian Contract Act, 1872",9 of 1872,58,"Alternative promise, one branch being illegal.","Alternative promise, one branch being illegal. Appropriation of payments",India,To be verified,,https://www.indiacode.nic.in/,2026-09-15,Candidate—verify
ICA-059,Contract Law,"Indian Contract Act, 1872",9 of 1872,59,Application of payment where debt to be discharged is indicated.,Application of payment where debt to be discharged is indicated.,India,To be verified,,https://www.indiacode.nic.in/,2026-09-15,Candidate—verify
ICA-060,Contract Law,"Indian Contract Act, 1872",9 of 1872,60,Application of payment where debt to be discharged is not indicated.,Application of payment where debt to be discharged is not indicated.,India,To be verified,,https://www.indiacode.nic.in/,2026-09-15,Candidate—verify
ICA-061,Contract Law,"Indian Contract Act, 1872",9 of 1872,61,Application of payment where neither party appropriates.,Application of payment where neither party appropriates. Contracts which need not be performed,India,To be verified,,https://www.indiacode.nic.in/,2026-09-15,Candidate—verify
ICA-062,Contract Law,"Indian Contract Act, 1872",9 of 1872,62,"Effect of novation, rescission, and alteration of contract.","Effect of novation, rescission, and alteration of contract.",India,To be verified,,https://www.indiacode.nic.in/,2026-09-15,Candidate—verify
ICA-063,Contract Law,"Indian Contract Act, 1872",9 of 1872,63,Promisee may dispense with or remit performance of promise.,Promisee may dispense with or remit performance of promise.,India,To be verified,,https://www.indiacode.nic.in/,2026-09-15,Candidate—verify
ICA-064,Contract Law,"Indian Contract Act, 1872",9 of 1872,64,Consequences of rescission of voidable contract.,Consequences of rescission of voidable contract.,India,To be verified,,https://www.indiacode.nic.in/,2026-09-15,Candidate—verify
ICA-065,Contract Law,"Indian Contract Act, 1872",9 of 1872,65,"Obligation of person who has received advantage under void agreement, or contract that becomes void.","Obligation of person who has received advantage under void agreement, or contract that becomes void.",India,To be verified,,https://www.indiacode.nic.in/,2026-09-15,Candidate—verify
ICA-066,Contract Law,"Indian Contract Act, 1872",9 of 1872,66,Mode of communicating or revoking rescission of voidable contract.,Mode of communicating or revoking rescission of voidable contract.,India,To be verified,,https://www.indiacode.nic.in/,2026-09-15,Candidate—verify
ICA-067,Contract Law,"Indian Contract Act, 1872",9 of 1872,67,Effect of neglect of promisee to afford promisor reasonable facilities for performance.,Effect of neglect of promisee to afford promisor reasonable facilities for performance. 4 CHAPTER V OF CERTAIN RELATIONS RESEMBLING THOSE CREATED BY CONTRACT SECTIONS,India,To be verified,,https://www.indiacode.nic.in/,2026-09-15,Candidate—verify
ICA-068,Contract Law,"Indian Contract Act, 1872",9 of 1872,68,"Claim for necessaries supplied to person incapable of contracting, or on his account.","Claim for necessaries supplied to person incapable of contracting, or on his account.",India,To be verified,,https://www.indiacode.nic.in/,2026-09-15,Candidate—verify
ICA-069,Contract Law,"Indian Contract Act, 1872",9 of 1872,69,"Reimbursement of person paying money due by another, in payment of which he is interested.","Reimbursement of person paying money due by another, in payment of which he is interested.",India,To be verified,,https://www.indiacode.nic.in/,2026-09-15,Candidate—verify
ICA-070,Contract Law,"Indian Contract Act, 1872",9 of 1872,70,Obligation of person enjoying benefit of non-gratuitous act.,Obligation of person enjoying benefit of non-gratuitous act.,India,To be verified,,https://www.indiacode.nic.in/,2026-09-15,Candidate—verify
ICA-071,Contract Law,"Indian Contract Act, 1872",9 of 1872,71,Responsibility of finder of goods.,Responsibility of finder of goods.,India,To be verified,,https://www.indiacode.nic.in/,2026-09-15,Candidate—verify
ICA-072,Contract Law,"Indian Contract Act, 1872",9 of 1872,72,"Liability of person to whom money is paid, or thing delivered, by mistake or under coercion.","Liability of person to whom money is paid, or thing delivered, by mistake or under coercion. CHAPTER VI OF THE CONSEQUENCES OF BREACH OF CONTRACT",India,To be verified,,https://www.indiacode.nic.in/,2026-09-15,Candidate—verify
ICA-073,Contract Law,"Indian Contract Act, 1872",9 of 1872,73,Compensation for loss or damage caused by breach of contract.,Compensation for loss or damage caused by breach of contract. Compensation for failure to discharge obligation resembling those created by contract.,India,To be verified,,https://www.indiacode.nic.in/,2026-09-15,Candidate—verify
ICA-074,Contract Law,"Indian Contract Act, 1872",9 of 1872,74,Compensation for breach of contract where penalty stipulated for.,Compensation for breach of contract where penalty stipulated for.,India,To be verified,,https://www.indiacode.nic.in/,2026-09-15,Candidate—verify
ICA-075,Contract Law,"Indian Contract Act, 1872",9 of 1872,75,"Party rightfully rescinding contract, entitled to compensation.","Party rightfully rescinding contract, entitled to compensation. [CHAPTER VII SALE OF GOODS.][Repealed.].",India,To be verified,,https://www.indiacode.nic.in/,2026-09-15,Candidate—verify
ICA-076,Contract Law,"Indian Contract Act, 1872",9 of 1872,76,[Repealed.].,[Repealed.].,India,To be verified,,https://www.indiacode.nic.in/,2026-09-15,Candidate—verify
ICA-077,Contract Law,"Indian Contract Act, 1872",9 of 1872,77,[Repealed.].,[Repealed.].,India,To be verified,,https://www.indiacode.nic.in/,2026-09-15,Candidate—verify
ICA-078,Contract Law,"Indian Contract Act, 1872",9 of 1872,78,[Repealed.].,[Repealed.].,India,To be verified,,https://www.indiacode.nic.in/,2026-09-15,Candidate—verify
ICA-079,Contract Law,"Indian Contract Act, 1872",9 of 1872,79,[Repealed.].,[Repealed.].,India,To be verified,,https://www.indiacode.nic.in/,2026-09-15,Candidate—verify
ICA-080,Contract Law,"Indian Contract Act, 1872",9 of 1872,80,[Repealed.].,[Repealed.].,India,To be verified,,https://www.indiacode.nic.in/,2026-09-15,Candidate—verify
ICA-081,Contract Law,"Indian Contract Act, 1872",9 of 1872,81,[Repealed.].,[Repealed.].,India,To be verified,,https://www.indiacode.nic.in/,2026-09-15,Candidate—verify
ICA-082,Contract Law,"Indian Contract Act, 1872",9 of 1872,82,[Repealed.].,[Repealed.].,India,To be verified,,https://www.indiacode.nic.in/,2026-09-15,Candidate—verify
ICA-083,Contract Law,"Indian Contract Act, 1872",9 of 1872,83,[Repealed.].,[Repealed.].,India,To be verified,,https://www.indiacode.nic.in/,2026-09-15,Candidate—verify
ICA-084,Contract Law,"Indian Contract Act, 1872",9 of 1872,84,[Repealed.].,[Repealed.].,India,To be verified,,https://www.indiacode.nic.in/,2026-09-15,Candidate—verify
ICA-085,Contract Law,"Indian Contract Act, 1872",9 of 1872,85,[Repealed.].,[Repealed.].,India,To be verified,,https://www.indiacode.nic.in/,2026-09-15,Candidate—verify
ICA-086,Contract Law,"Indian Contract Act, 1872",9 of 1872,86,[Repealed.].,[Repealed.].,India,To be verified,,https://www.indiacode.nic.in/,2026-09-15,Candidate—verify
ICA-087,Contract Law,"Indian Contract Act, 1872",9 of 1872,87,[Repealed.].,[Repealed.].,India,To be verified,,https://www.indiacode.nic.in/,2026-09-15,Candidate—verify
ICA-088,Contract Law,"Indian Contract Act, 1872",9 of 1872,88,[Repealed.].,[Repealed.].,India,To be verified,,https://www.indiacode.nic.in/,2026-09-15,Candidate—verify
ICA-089,Contract Law,"Indian Contract Act, 1872",9 of 1872,89,[Repealed.].,[Repealed.]. [DELIVERY.][Repealed.].,India,To be verified,,https://www.indiacode.nic.in/,2026-09-15,Candidate—verify
ICA-090,Contract Law,"Indian Contract Act, 1872",9 of 1872,90,Repealed.].,Repealed.].,India,To be verified,,https://www.indiacode.nic.in/,2026-09-15,Candidate—verify
ICA-091,Contract Law,"Indian Contract Act, 1872",9 of 1872,91,[Repealed.].,[Repealed.].,India,To be verified,,https://www.indiacode.nic.in/,2026-09-15,Candidate—verify
ICA-092,Contract Law,"Indian Contract Act, 1872",9 of 1872,92,[Repealed.].,[Repealed.].,India,To be verified,,https://www.indiacode.nic.in/,2026-09-15,Candidate—verify
ICA-093,Contract Law,"Indian Contract Act, 1872",9 of 1872,93,[Repealed.].,[Repealed.].,India,To be verified,,https://www.indiacode.nic.in/,2026-09-15,Candidate—verify
ICA-094,Contract Law,"Indian Contract Act, 1872",9 of 1872,94,[Repealed.] [SELLER’S LIEN.][Repealed.].,[Repealed.] [SELLER’S LIEN.][Repealed.].,India,To be verified,,https://www.indiacode.nic.in/,2026-09-15,Candidate—verify
ICA-095,Contract Law,"Indian Contract Act, 1872",9 of 1872,95,[Repealed.].,[Repealed.].,India,To be verified,,https://www.indiacode.nic.in/,2026-09-15,Candidate—verify
ICA-096,Contract Law,"Indian Contract Act, 1872",9 of 1872,96,[Repealed.].,[Repealed.].,India,To be verified,,https://www.indiacode.nic.in/,2026-09-15,Candidate—verify
ICA-097,Contract Law,"Indian Contract Act, 1872",9 of 1872,97,[Repealed.].,[Repealed.].,India,To be verified,,https://www.indiacode.nic.in/,2026-09-15,Candidate—verify
ICA-098,Contract Law,"Indian Contract Act, 1872",9 of 1872,98,[Repealed.] [STOPPAGE IN TRANSIT.][Repealed.].,[Repealed.] [STOPPAGE IN TRANSIT.][Repealed.].,India,To be verified,,https://www.indiacode.nic.in/,2026-09-15,Candidate—verify
ICA-099,Contract Law,"Indian Contract Act, 1872",9 of 1872,99,[Repealed.].,[Repealed.].,India,To be verified,,https://www.indiacode.nic.in/,2026-09-15,Candidate—verify
ICA-100,Contract Law,"Indian Contract Act, 1872",9 of 1872,100,[Repealed.].,[Repealed.].,India,To be verified,,https://www.indiacode.nic.in/,2026-09-15,Candidate—verify
ICA-101,Contract Law,"Indian Contract Act, 1872",9 of 1872,101,[Repealed.].,[Repealed.]. 5 SECTIONS,India,To be verified,,https://www.indiacode.nic.in/,2026-09-15,Candidate—verify
ICA-102,Contract Law,"Indian Contract Act, 1872",9 of 1872,102,[Repealed.].,[Repealed.].,India,To be verified,,https://www.indiacode.nic.in/,2026-09-15,Candidate—verify
ICA-103,Contract Law,"Indian Contract Act, 1872",9 of 1872,103,[Repealed.].,[Repealed.].,India,To be verified,,https://www.indiacode.nic.in/,2026-09-15,Candidate—verify
ICA-104,Contract Law,"Indian Contract Act, 1872",9 of 1872,104,[Repealed.].,[Repealed.].,India,To be verified,,https://www.indiacode.nic.in/,2026-09-15,Candidate—verify
ICA-105,Contract Law,"Indian Contract Act, 1872",9 of 1872,105,[Repealed.].,[Repealed.].,India,To be verified,,https://www.indiacode.nic.in/,2026-09-15,Candidate—verify
ICA-106,Contract Law,"Indian Contract Act, 1872",9 of 1872,106,[Repealed.].,[Repealed.]. [RESALE.][Repealed.].,India,To be verified,,https://www.indiacode.nic.in/,2026-09-15,Candidate—verify
ICA-107,Contract Law,"Indian Contract Act, 1872",9 of 1872,107,[Repealed.].,[Repealed.]. [TITLE.][Repealed.].,India,To be verified,,https://www.indiacode.nic.in/,2026-09-15,Candidate—verify
ICA-108,Contract Law,"Indian Contract Act, 1872",9 of 1872,108,[Repealed.].,[Repealed.]. [WARRANTY.]Repealed.].,India,To be verified,,https://www.indiacode.nic.in/,2026-09-15,Candidate—verify
ICA-109,Contract Law,"Indian Contract Act, 1872",9 of 1872,109,[Repealed.].,[Repealed.].,India,To be verified,,https://www.indiacode.nic.in/,2026-09-15,Candidate—verify
ICA-110,Contract Law,"Indian Contract Act, 1872",9 of 1872,110,[Repealed.].,[Repealed.].,India,To be verified,,https://www.indiacode.nic.in/,2026-09-15,Candidate—verify
ICA-111,Contract Law,"Indian Contract Act, 1872",9 of 1872,111,[Repealed.].,[Repealed.].,India,To be verified,,https://www.indiacode.nic.in/,2026-09-15,Candidate—verify
ICA-112,Contract Law,"Indian Contract Act, 1872",9 of 1872,112,[Repealed.].,[Repealed.].,India,To be verified,,https://www.indiacode.nic.in/,2026-09-15,Candidate—verify
ICA-113,Contract Law,"Indian Contract Act, 1872",9 of 1872,113,[Repealed.].,[Repealed.].,India,To be verified,,https://www.indiacode.nic.in/,2026-09-15,Candidate—verify
ICA-114,Contract Law,"Indian Contract Act, 1872",9 of 1872,114,[Repealed.].,[Repealed.].,India,To be verified,,https://www.indiacode.nic.in/,2026-09-15,Candidate—verify
ICA-115,Contract Law,"Indian Contract Act, 1872",9 of 1872,115,[Repealed.].,[Repealed.].,India,To be verified,,https://www.indiacode.nic.in/,2026-09-15,Candidate—verify
ICA-116,Contract Law,"Indian Contract Act, 1872",9 of 1872,116,[Repealed.].,[Repealed.].,India,To be verified,,https://www.indiacode.nic.in/,2026-09-15,Candidate—verify
ICA-117,Contract Law,"Indian Contract Act, 1872",9 of 1872,117,[Repealed.].,[Repealed.].,India,To be verified,,https://www.indiacode.nic.in/,2026-09-15,Candidate—verify
ICA-118,Contract Law,"Indian Contract Act, 1872",9 of 1872,118,[Repealed.].,[Repealed.]. [MISCELLANEOUS.][Repealed.].,India,To be verified,,https://www.indiacode.nic.in/,2026-09-15,Candidate—verify
ICA-119,Contract Law,"Indian Contract Act, 1872",9 of 1872,119,[Repealed.].,[Repealed.].,India,To be verified,,https://www.indiacode.nic.in/,2026-09-15,Candidate—verify
ICA-120,Contract Law,"Indian Contract Act, 1872",9 of 1872,120,[Repealed.].,[Repealed.].,India,To be verified,,https://www.indiacode.nic.in/,2026-09-15,Candidate—verify
ICA-121,Contract Law,"Indian Contract Act, 1872",9 of 1872,121,[Repealed.].,[Repealed.].,India,To be verified,,https://www.indiacode.nic.in/,2026-09-15,Candidate—verify
ICA-122,Contract Law,"Indian Contract Act, 1872",9 of 1872,122,[Repealed.].,[Repealed.].,India,To be verified,,https://www.indiacode.nic.in/,2026-09-15,Candidate—verify
ICA-123,Contract Law,"Indian Contract Act, 1872",9 of 1872,123,[Repealed.].,[Repealed.]. CHAPTERVIII OF INDEMNITY AND GUARANTEE,India,To be verified,,https://www.indiacode.nic.in/,2026-09-15,Candidate—verify
ICA-124,Contract Law,"Indian Contract Act, 1872",9 of 1872,124,“Contract of indemnity” defined.,“Contract of indemnity” defined.,India,To be verified,,https://www.indiacode.nic.in/,2026-09-15,Candidate—verify
ICA-125,Contract Law,"Indian Contract Act, 1872",9 of 1872,125,Rights of indemnity-holder when sued.,Rights of indemnity-holder when sued.,India,To be verified,,https://www.indiacode.nic.in/,2026-09-15,Candidate—verify
ICA-126,Contract Law,"Indian Contract Act, 1872",9 of 1872,126,"“Contract of guarantee”, “surety”, “principal debtor” and “creditor”.","“Contract of guarantee”, “surety”, “principal debtor” and “creditor”.",India,To be verified,,https://www.indiacode.nic.in/,2026-09-15,Candidate—verify
ICA-127,Contract Law,"Indian Contract Act, 1872",9 of 1872,127,Consideration for guarantee.,Consideration for guarantee.,India,To be verified,,https://www.indiacode.nic.in/,2026-09-15,Candidate—verify
ICA-128,Contract Law,"Indian Contract Act, 1872",9 of 1872,128,Surety’s liability.,Surety’s liability.,India,To be verified,,https://www.indiacode.nic.in/,2026-09-15,Candidate—verify
ICA-129,Contract Law,"Indian Contract Act, 1872",9 of 1872,129,“Continuing guarantee”.,“Continuing guarantee”.,India,To be verified,,https://www.indiacode.nic.in/,2026-09-15,Candidate—verify
ICA-130,Contract Law,"Indian Contract Act, 1872",9 of 1872,130,Revocation of continuing guarantee.,Revocation of continuing guarantee.,India,To be verified,,https://www.indiacode.nic.in/,2026-09-15,Candidate—verify
ICA-131,Contract Law,"Indian Contract Act, 1872",9 of 1872,131,Revocation of continuing guarantee by surety’s death.,Revocation of continuing guarantee by surety’s death.,India,To be verified,,https://www.indiacode.nic.in/,2026-09-15,Candidate—verify
ICA-132,Contract Law,"Indian Contract Act, 1872",9 of 1872,132,"Liability of two persons, primarily liable, not affected by arrangement between them that one shall be surety on other’s default.","Liability of two persons, primarily liable, not affected by arrangement between them that one shall be surety on other’s default.",India,To be verified,,https://www.indiacode.nic.in/,2026-09-15,Candidate—verify
ICA-133,Contract Law,"Indian Contract Act, 1872",9 of 1872,133,Discharge of surety by variance in terms of contract.,Discharge of surety by variance in terms of contract.,India,To be verified,,https://www.indiacode.nic.in/,2026-09-15,Candidate—verify
ICA-134,Contract Law,"Indian Contract Act, 1872",9 of 1872,134,Discharge of surety by release or discharge of principal debtor.,Discharge of surety by release or discharge of principal debtor.,India,To be verified,,https://www.indiacode.nic.in/,2026-09-15,Candidate—verify
ICA-135,Contract Law,"Indian Contract Act, 1872",9 of 1872,135,"Discharge of surety when creditor compounds with, gives time to, or agrees not to sue, principal debtor.","Discharge of surety when creditor compounds with, gives time to, or agrees not to sue, principal debtor.",India,To be verified,,https://www.indiacode.nic.in/,2026-09-15,Candidate—verify
ICA-136,Contract Law,"Indian Contract Act, 1872",9 of 1872,136,Surety not discharged when agreement made with third person to give time to principal debtor.,Surety not discharged when agreement made with third person to give time to principal debtor.,India,To be verified,,https://www.indiacode.nic.in/,2026-09-15,Candidate—verify
ICA-137,Contract Law,"Indian Contract Act, 1872",9 of 1872,137,Creditor’s forbearance to sue does not discharge surety.,Creditor’s forbearance to sue does not discharge surety.,India,To be verified,,https://www.indiacode.nic.in/,2026-09-15,Candidate—verify
ICA-138,Contract Law,"Indian Contract Act, 1872",9 of 1872,138,Release of one co-surety does not discharge others.,Release of one co-surety does not discharge others. 6 SECTIONS,India,To be verified,,https://www.indiacode.nic.in/,2026-09-15,Candidate—verify
ICA-139,Contract Law,"Indian Contract Act, 1872",9 of 1872,139,Discharge of surety of creditor’s act or omission impairing surety’s eventual remedy.,Discharge of surety of creditor’s act or omission impairing surety’s eventual remedy.,India,To be verified,,https://www.indiacode.nic.in/,2026-09-15,Candidate—verify
ICA-140,Contract Law,"Indian Contract Act, 1872",9 of 1872,140,Rights of surety on payment or performance.,Rights of surety on payment or performance.,India,To be verified,,https://www.indiacode.nic.in/,2026-09-15,Candidate—verify
ICA-141,Contract Law,"Indian Contract Act, 1872",9 of 1872,141,Surety’s right to benefit of creditor’s securities.,Surety’s right to benefit of creditor’s securities.,India,To be verified,,https://www.indiacode.nic.in/,2026-09-15,Candidate—verify
ICA-142,Contract Law,"Indian Contract Act, 1872",9 of 1872,142,Guarantee obtained by misrepresentation invalid.,Guarantee obtained by misrepresentation invalid.,India,To be verified,,https://www.indiacode.nic.in/,2026-09-15,Candidate—verify
ICA-143,Contract Law,"Indian Contract Act, 1872",9 of 1872,143,Guarantee obtained by concealment invalid.,Guarantee obtained by concealment invalid.,India,To be verified,,https://www.indiacode.nic.in/,2026-09-15,Candidate—verify
ICA-144,Contract Law,"Indian Contract Act, 1872",9 of 1872,144,Guarantee on contract that creditor shall not act on it until co-surety joins.,Guarantee on contract that creditor shall not act on it until co-surety joins.,India,To be verified,,https://www.indiacode.nic.in/,2026-09-15,Candidate—verify
ICA-145,Contract Law,"Indian Contract Act, 1872",9 of 1872,145,Implied promise to indemnify surety.,Implied promise to indemnify surety.,India,To be verified,,https://www.indiacode.nic.in/,2026-09-15,Candidate—verify
ICA-146,Contract Law,"Indian Contract Act, 1872",9 of 1872,146,Co-sureties liable to contribute equally.,Co-sureties liable to contribute equally.,India,To be verified,,https://www.indiacode.nic.in/,2026-09-15,Candidate—verify
ICA-147,Contract Law,"Indian Contract Act, 1872",9 of 1872,147,Liability of co-sureties bound in different sums.,Liability of co-sureties bound in different sums. CHAPTER IX OF BAILMENT,India,To be verified,,https://www.indiacode.nic.in/,2026-09-15,Candidate—verify
ICA-148,Contract Law,"Indian Contract Act, 1872",9 of 1872,148,"“Bailment”, “bailor” and “bailee” defined.","“Bailment”, “bailor” and “bailee” defined.",India,To be verified,,https://www.indiacode.nic.in/,2026-09-15,Candidate—verify
ICA-149,Contract Law,"Indian Contract Act, 1872",9 of 1872,149,Delivery to bailee how made.,Delivery to bailee how made.,India,To be verified,,https://www.indiacode.nic.in/,2026-09-15,Candidate—verify
ICA-150,Contract Law,"Indian Contract Act, 1872",9 of 1872,150,Bailor’s duty to disclose faults in goods bailed.,Bailor’s duty to disclose faults in goods bailed.,India,To be verified,,https://www.indiacode.nic.in/,2026-09-15,Candidate—verify
ICA-151,Contract Law,"Indian Contract Act, 1872",9 of 1872,151,Care to be taken by bailee.,Care to be taken by bailee.,India,To be verified,,https://www.indiacode.nic.in/,2026-09-15,Candidate—verify
ICA-152,Contract Law,"Indian Contract Act, 1872",9 of 1872,152,"Bailee when not liable for loss, etc., of thing bailed.","Bailee when not liable for loss, etc., of thing bailed.",India,To be verified,,https://www.indiacode.nic.in/,2026-09-15,Candidate—verify
ICA-153,Contract Law,"Indian Contract Act, 1872",9 of 1872,153,Termination of bailment by bailee’s act inconsistent with conditions.,Termination of bailment by bailee’s act inconsistent with conditions.,India,To be verified,,https://www.indiacode.nic.in/,2026-09-15,Candidate—verify
ICA-154,Contract Law,"Indian Contract Act, 1872",9 of 1872,154,Liability of bailee making unauthorized use of goods bailed.,Liability of bailee making unauthorized use of goods bailed.,India,To be verified,,https://www.indiacode.nic.in/,2026-09-15,Candidate—verify
ICA-155,Contract Law,"Indian Contract Act, 1872",9 of 1872,155,"Effect of mixture, with bailor’s consent, of his goods with bailee’s.","Effect of mixture, with bailor’s consent, of his goods with bailee’s.",India,To be verified,,https://www.indiacode.nic.in/,2026-09-15,Candidate—verify
ICA-156,Contract Law,"Indian Contract Act, 1872",9 of 1872,156,"Effect of mixture, without bailor’s consent, when the goods can be separated.","Effect of mixture, without bailor’s consent, when the goods can be separated.",India,To be verified,,https://www.indiacode.nic.in/,2026-09-15,Candidate—verify
ICA-157,Contract Law,"Indian Contract Act, 1872",9 of 1872,157,"Effect of mixture, without bailor’s consent, when the goods cannot be separated.","Effect of mixture, without bailor’s consent, when the goods cannot be separated.",India,To be verified,,https://www.indiacode.nic.in/,2026-09-15,Candidate—verify
ICA-158,Contract Law,"Indian Contract Act, 1872",9 of 1872,158,"Repayment, by bailor, of necessary expenses.","Repayment, by bailor, of necessary expenses.",India,To be verified,,https://www.indiacode.nic.in/,2026-09-15,Candidate—verify
ICA-159,Contract Law,"Indian Contract Act, 1872",9 of 1872,159,Restoration of goods lent gratuitously.,Restoration of goods lent gratuitously.,India,To be verified,,https://www.indiacode.nic.in/,2026-09-15,Candidate—verify
ICA-160,Contract Law,"Indian Contract Act, 1872",9 of 1872,160,Return of goods bailed on expiration of time or accomplishment of purpose.,Return of goods bailed on expiration of time or accomplishment of purpose.,India,To be verified,,https://www.indiacode.nic.in/,2026-09-15,Candidate—verify
ICA-161,Contract Law,"Indian Contract Act, 1872",9 of 1872,161,Bailee’s responsibility when goods are not duly returned.,Bailee’s responsibility when goods are not duly returned.,India,To be verified,,https://www.indiacode.nic.in/,2026-09-15,Candidate—verify
ICA-162,Contract Law,"Indian Contract Act, 1872",9 of 1872,162,Termination of gratuitous bailment by death.,Termination of gratuitous bailment by death.,India,To be verified,,https://www.indiacode.nic.in/,2026-09-15,Candidate—verify
ICA-163,Contract Law,"Indian Contract Act, 1872",9 of 1872,163,Bailor entitled to increase or profit from goods bailed.,Bailor entitled to increase or profit from goods bailed.,India,To be verified,,https://www.indiacode.nic.in/,2026-09-15,Candidate—verify
ICA-164,Contract Law,"Indian Contract Act, 1872",9 of 1872,164,Bailor’s responsibility to bailee.,Bailor’s responsibility to bailee.,India,To be verified,,https://www.indiacode.nic.in/,2026-09-15,Candidate—verify
ICA-165,Contract Law,"Indian Contract Act, 1872",9 of 1872,165,Bailment by several joint owners.,Bailment by several joint owners.,India,To be verified,,https://www.indiacode.nic.in/,2026-09-15,Candidate—verify
ICA-166,Contract Law,"Indian Contract Act, 1872",9 of 1872,166,Bailee not responsible on re-delivery to bailor without title.,Bailee not responsible on re-delivery to bailor without title.,India,To be verified,,https://www.indiacode.nic.in/,2026-09-15,Candidate—verify
ICA-167,Contract Law,"Indian Contract Act, 1872",9 of 1872,167,Right of third person claiming goods bailed.,Right of third person claiming goods bailed.,India,To be verified,,https://www.indiacode.nic.in/,2026-09-15,Candidate—verify
ICA-168,Contract Law,"Indian Contract Act, 1872",9 of 1872,168,Right of finder of goods.,Right of finder of goods. May sue for specific reward offered.,India,To be verified,,https://www.indiacode.nic.in/,2026-09-15,Candidate—verify
ICA-169,Contract Law,"Indian Contract Act, 1872",9 of 1872,169,When finder of thing commonly on sale may sell it.,When finder of thing commonly on sale may sell it.,India,To be verified,,https://www.indiacode.nic.in/,2026-09-15,Candidate—verify
ICA-170,Contract Law,"Indian Contract Act, 1872",9 of 1872,170,Bailee’s particular lien.,Bailee’s particular lien.,India,To be verified,,https://www.indiacode.nic.in/,2026-09-15,Candidate—verify
ICA-171,Contract Law,"Indian Contract Act, 1872",9 of 1872,171,"General lien of bankers, factors, wharfingers, attorneys and policy-brokers.","General lien of bankers, factors, wharfingers, attorneys and policy-brokers. Bailments of pledges",India,To be verified,,https://www.indiacode.nic.in/,2026-09-15,Candidate—verify
ICA-172,Contract Law,"Indian Contract Act, 1872",9 of 1872,172,"“Pledge”, “Pawnor” and “Pawnee” defined.","“Pledge”, “Pawnor” and “Pawnee” defined.",India,To be verified,,https://www.indiacode.nic.in/,2026-09-15,Candidate—verify
ICA-173,Contract Law,"Indian Contract Act, 1872",9 of 1872,173,Pawnee’s right of retainer.,Pawnee’s right of retainer. 7 SECTIONS,India,To be verified,,https://www.indiacode.nic.in/,2026-09-15,Candidate—verify
ICA-174,Contract Law,"Indian Contract Act, 1872",9 of 1872,174,Pawnee not to retain for debt or promise other than that for which goods pledged.,Pawnee not to retain for debt or promise other than that for which goods pledged. Presumption in case of subsequent advances.,India,To be verified,,https://www.indiacode.nic.in/,2026-09-15,Candidate—verify
ICA-175,Contract Law,"Indian Contract Act, 1872",9 of 1872,175,Pawnee’s right as to extraordinary expenses incurred.,Pawnee’s right as to extraordinary expenses incurred.,India,To be verified,,https://www.indiacode.nic.in/,2026-09-15,Candidate—verify
ICA-176,Contract Law,"Indian Contract Act, 1872",9 of 1872,176,Pawnee’s right where pawnor makes default.,Pawnee’s right where pawnor makes default.,India,To be verified,,https://www.indiacode.nic.in/,2026-09-15,Candidate—verify
ICA-177,Contract Law,"Indian Contract Act, 1872",9 of 1872,177,Defaulting pawnor’s right to redeem.,Defaulting pawnor’s right to redeem.,India,To be verified,,https://www.indiacode.nic.in/,2026-09-15,Candidate—verify
ICA-178,Contract Law,"Indian Contract Act, 1872",9 of 1872,178,Pledge by mercantile agent.,Pledge by mercantile agent. 178A. Pledge by person in possession under voidable contract.,India,To be verified,,https://www.indiacode.nic.in/,2026-09-15,Candidate—verify
ICA-179,Contract Law,"Indian Contract Act, 1872",9 of 1872,179,Pledge where pawnor has only a limited interest.,Pledge where pawnor has only a limited interest. Suits by bailees or bailors against wrong-doers,India,To be verified,,https://www.indiacode.nic.in/,2026-09-15,Candidate—verify
ICA-180,Contract Law,"Indian Contract Act, 1872",9 of 1872,180,Suit by bailor or bailee against wrong-doer.,Suit by bailor or bailee against wrong-doer.,India,To be verified,,https://www.indiacode.nic.in/,2026-09-15,Candidate—verify
ICA-181,Contract Law,"Indian Contract Act, 1872",9 of 1872,181,Apportionment of relief or compensation obtained by such suits.,Apportionment of relief or compensation obtained by such suits. CHAPTER X AGENCY Appointment and authority of agents,India,To be verified,,https://www.indiacode.nic.in/,2026-09-15,Candidate—verify
ICA-182,Contract Law,"Indian Contract Act, 1872",9 of 1872,182,“Agent” and “principal” defined.,“Agent” and “principal” defined.,India,To be verified,,https://www.indiacode.nic.in/,2026-09-15,Candidate—verify
ICA-183,Contract Law,"Indian Contract Act, 1872",9 of 1872,183,Who may employ agent.,Who may employ agent.,India,To be verified,,https://www.indiacode.nic.in/,2026-09-15,Candidate—verify
ICA-184,Contract Law,"Indian Contract Act, 1872",9 of 1872,184,Who may be an agent.,Who may be an agent.,India,To be verified,,https://www.indiacode.nic.in/,2026-09-15,Candidate—verify
ICA-185,Contract Law,"Indian Contract Act, 1872",9 of 1872,185,Consideration not necessary.,Consideration not necessary.,India,To be verified,,https://www.indiacode.nic.in/,2026-09-15,Candidate—verify
ICA-186,Contract Law,"Indian Contract Act, 1872",9 of 1872,186,Agent’s authority may be expressed or implied.,Agent’s authority may be expressed or implied.,India,To be verified,,https://www.indiacode.nic.in/,2026-09-15,Candidate—verify
ICA-187,Contract Law,"Indian Contract Act, 1872",9 of 1872,187,Definitions of express and implied authority.,Definitions of express and implied authority.,India,To be verified,,https://www.indiacode.nic.in/,2026-09-15,Candidate—verify
ICA-188,Contract Law,"Indian Contract Act, 1872",9 of 1872,188,Extent of agent’s authority.,Extent of agent’s authority.,India,To be verified,,https://www.indiacode.nic.in/,2026-09-15,Candidate—verify
ICA-189,Contract Law,"Indian Contract Act, 1872",9 of 1872,189,Agent’s authority in an emergency.,Agent’s authority in an emergency. Sub-agents,India,To be verified,,https://www.indiacode.nic.in/,2026-09-15,Candidate—verify
ICA-190,Contract Law,"Indian Contract Act, 1872",9 of 1872,190,When agent cannot delegate.,When agent cannot delegate.,India,To be verified,,https://www.indiacode.nic.in/,2026-09-15,Candidate—verify
ICA-191,Contract Law,"Indian Contract Act, 1872",9 of 1872,191,“Sub-agent” defined.,“Sub-agent” defined.,India,To be verified,,https://www.indiacode.nic.in/,2026-09-15,Candidate—verify
ICA-192,Contract Law,"Indian Contract Act, 1872",9 of 1872,192,Representation of principal by sub-agent properly appointed.,Representation of principal by sub-agent properly appointed. Agent’s responsibility for sub-agent. Sub-agent’s responsibility.,India,To be verified,,https://www.indiacode.nic.in/,2026-09-15,Candidate—verify
ICA-193,Contract Law,"Indian Contract Act, 1872",9 of 1872,193,Agent’s responsibility for sub-agent appointed without authority.,Agent’s responsibility for sub-agent appointed without authority.,India,To be verified,,https://www.indiacode.nic.in/,2026-09-15,Candidate—verify
ICA-194,Contract Law,"Indian Contract Act, 1872",9 of 1872,194,Relation between principal and person duly appointed by agent to act in business of agency.,Relation between principal and person duly appointed by agent to act in business of agency.,India,To be verified,,https://www.indiacode.nic.in/,2026-09-15,Candidate—verify
ICA-195,Contract Law,"Indian Contract Act, 1872",9 of 1872,195,Agent’s duty in naming such person.,Agent’s duty in naming such person. Ratification,India,To be verified,,https://www.indiacode.nic.in/,2026-09-15,Candidate—verify
ICA-196,Contract Law,"Indian Contract Act, 1872",9 of 1872,196,Right of person as to acts done for him without his authority.,Right of person as to acts done for him without his authority. Effect of ratification.,India,To be verified,,https://www.indiacode.nic.in/,2026-09-15,Candidate—verify
ICA-197,Contract Law,"Indian Contract Act, 1872",9 of 1872,197,Ratification may be expressed or implied.,Ratification may be expressed or implied.,India,To be verified,,https://www.indiacode.nic.in/,2026-09-15,Candidate—verify
ICA-198,Contract Law,"Indian Contract Act, 1872",9 of 1872,198,Knowledge requisite for valid ratification.,Knowledge requisite for valid ratification.,India,To be verified,,https://www.indiacode.nic.in/,2026-09-15,Candidate—verify
ICA-199,Contract Law,"Indian Contract Act, 1872",9 of 1872,199,Effect of ratifying unauthorized act forming part of a transaction.,Effect of ratifying unauthorized act forming part of a transaction.,India,To be verified,,https://www.indiacode.nic.in/,2026-09-15,Candidate—verify
ICA-200,Contract Law,"Indian Contract Act, 1872",9 of 1872,200,Ratification of unauthorized act cannot injure third person.,Ratification of unauthorized act cannot injure third person. 8 Revocation of authority SECTIONS,India,To be verified,,https://www.indiacode.nic.in/,2026-09-15,Candidate—verify
ICA-201,Contract Law,"Indian Contract Act, 1872",9 of 1872,201,Termination of agency.,Termination of agency.,India,To be verified,,https://www.indiacode.nic.in/,2026-09-15,Candidate—verify
ICA-202,Contract Law,"Indian Contract Act, 1872",9 of 1872,202,"Termination of agency, where agent has an interest in subject-matter.","Termination of agency, where agent has an interest in subject-matter.",India,To be verified,,https://www.indiacode.nic.in/,2026-09-15,Candidate—verify
ICA-203,Contract Law,"Indian Contract Act, 1872",9 of 1872,203,When principal may revoke agent’s authority.,When principal may revoke agent’s authority.,India,To be verified,,https://www.indiacode.nic.in/,2026-09-15,Candidate—verify
ICA-204,Contract Law,"Indian Contract Act, 1872",9 of 1872,204,Revocation where authority has been partly exercised.,Revocation where authority has been partly exercised.,India,To be verified,,https://www.indiacode.nic.in/,2026-09-15,Candidate—verify
ICA-205,Contract Law,"Indian Contract Act, 1872",9 of 1872,205,"Compensation for revocation by principal, or renunciation by agent.","Compensation for revocation by principal, or renunciation by agent.",India,To be verified,,https://www.indiacode.nic.in/,2026-09-15,Candidate—verify
ICA-206,Contract Law,"Indian Contract Act, 1872",9 of 1872,206,Notice of revocation or renunciation.,Notice of revocation or renunciation.,India,To be verified,,https://www.indiacode.nic.in/,2026-09-15,Candidate—verify
ICA-207,Contract Law,"Indian Contract Act, 1872",9 of 1872,207,Revocation and renunciation may be expressed or implied.,Revocation and renunciation may be expressed or implied.,India,To be verified,,https://www.indiacode.nic.in/,2026-09-15,Candidate—verify
ICA-208,Contract Law,"Indian Contract Act, 1872",9 of 1872,208,"When termination of agent’s authority takes effect as to agent, and as to third persons.","When termination of agent’s authority takes effect as to agent, and as to third persons.",India,To be verified,,https://www.indiacode.nic.in/,2026-09-15,Candidate—verify
ICA-209,Contract Law,"Indian Contract Act, 1872",9 of 1872,209,Agent’s duty on termination of agency by principal’s death or insanity.,Agent’s duty on termination of agency by principal’s death or insanity.,India,To be verified,,https://www.indiacode.nic.in/,2026-09-15,Candidate—verify
ICA-210,Contract Law,"Indian Contract Act, 1872",9 of 1872,210,Termination of sub-agent’s authority.,Termination of sub-agent’s authority. Agent’s duty to principal,India,To be verified,,https://www.indiacode.nic.in/,2026-09-15,Candidate—verify
ICA-211,Contract Law,"Indian Contract Act, 1872",9 of 1872,211,Agent’s duty in conducting principal’s business.,Agent’s duty in conducting principal’s business.,India,To be verified,,https://www.indiacode.nic.in/,2026-09-15,Candidate—verify
ICA-212,Contract Law,"Indian Contract Act, 1872",9 of 1872,212,Skill and diligence required from agent.,Skill and diligence required from agent.,India,To be verified,,https://www.indiacode.nic.in/,2026-09-15,Candidate—verify
ICA-213,Contract Law,"Indian Contract Act, 1872",9 of 1872,213,Agent’s accounts.,Agent’s accounts.,India,To be verified,,https://www.indiacode.nic.in/,2026-09-15,Candidate—verify
ICA-214,Contract Law,"Indian Contract Act, 1872",9 of 1872,214,Agent’s duty to communicate with principal.,Agent’s duty to communicate with principal.,India,To be verified,,https://www.indiacode.nic.in/,2026-09-15,Candidate—verify
ICA-215,Contract Law,"Indian Contract Act, 1872",9 of 1872,215,"Right of principal when agent deals, on his own account, in business of agency without principal’s consent.","Right of principal when agent deals, on his own account, in business of agency without principal’s consent.",India,To be verified,,https://www.indiacode.nic.in/,2026-09-15,Candidate—verify
ICA-216,Contract Law,"Indian Contract Act, 1872",9 of 1872,216,Principal’s right to benefit gained by agent dealing on his own account in business of agency.,Principal’s right to benefit gained by agent dealing on his own account in business of agency.,India,To be verified,,https://www.indiacode.nic.in/,2026-09-15,Candidate—verify
ICA-217,Contract Law,"Indian Contract Act, 1872",9 of 1872,217,Agent’s right of retainer out of sums received on principal’s account.,Agent’s right of retainer out of sums received on principal’s account.,India,To be verified,,https://www.indiacode.nic.in/,2026-09-15,Candidate—verify
ICA-218,Contract Law,"Indian Contract Act, 1872",9 of 1872,218,Agent’s duty to pay sums received for principal.,Agent’s duty to pay sums received for principal.,India,To be verified,,https://www.indiacode.nic.in/,2026-09-15,Candidate—verify
ICA-219,Contract Law,"Indian Contract Act, 1872",9 of 1872,219,When agent’s remuneration becomes due.,When agent’s remuneration becomes due.,India,To be verified,,https://www.indiacode.nic.in/,2026-09-15,Candidate—verify
ICA-220,Contract Law,"Indian Contract Act, 1872",9 of 1872,220,Agent not entitled to remuneration for business misconducted.,Agent not entitled to remuneration for business misconducted.,India,To be verified,,https://www.indiacode.nic.in/,2026-09-15,Candidate—verify
ICA-221,Contract Law,"Indian Contract Act, 1872",9 of 1872,221,Agent’s lien on principal’s property.,Agent’s lien on principal’s property. Principal’s duty to agent,India,To be verified,,https://www.indiacode.nic.in/,2026-09-15,Candidate—verify
ICA-222,Contract Law,"Indian Contract Act, 1872",9 of 1872,222,Agent to be indemnified against consequences of lawful acts.,Agent to be indemnified against consequences of lawful acts.,India,To be verified,,https://www.indiacode.nic.in/,2026-09-15,Candidate—verify
ICA-223,Contract Law,"Indian Contract Act, 1872",9 of 1872,223,Agent to be indemnified against consequences of acts done in good faith.,Agent to be indemnified against consequences of acts done in good faith.,India,To be verified,,https://www.indiacode.nic.in/,2026-09-15,Candidate—verify
ICA-224,Contract Law,"Indian Contract Act, 1872",9 of 1872,224,Non-liability of employer of agent to do a criminal act.,Non-liability of employer of agent to do a criminal act.,India,To be verified,,https://www.indiacode.nic.in/,2026-09-15,Candidate—verify
ICA-225,Contract Law,"Indian Contract Act, 1872",9 of 1872,225,Compensation to agent for injury caused by principal’s neglect.,Compensation to agent for injury caused by principal’s neglect. Effect of agency on contracts with third persons,India,To be verified,,https://www.indiacode.nic.in/,2026-09-15,Candidate—verify
ICA-226,Contract Law,"Indian Contract Act, 1872",9 of 1872,226,Enforcement and consequences of agent’s contracts.,Enforcement and consequences of agent’s contracts.,India,To be verified,,https://www.indiacode.nic.in/,2026-09-15,Candidate—verify
ICA-227,Contract Law,"Indian Contract Act, 1872",9 of 1872,227,"Principal how far bound, when agent exceeds authority.","Principal how far bound, when agent exceeds authority.",India,To be verified,,https://www.indiacode.nic.in/,2026-09-15,Candidate—verify
ICA-228,Contract Law,"Indian Contract Act, 1872",9 of 1872,228,Principal not bound when excess of agent’s authority is not separable.,Principal not bound when excess of agent’s authority is not separable.,India,To be verified,,https://www.indiacode.nic.in/,2026-09-15,Candidate—verify
ICA-229,Contract Law,"Indian Contract Act, 1872",9 of 1872,229,Consequences of notice given to agent.,Consequences of notice given to agent.,India,To be verified,,https://www.indiacode.nic.in/,2026-09-15,Candidate—verify
ICA-230,Contract Law,"Indian Contract Act, 1872",9 of 1872,230,"Agent cannot personally enforce, nor be bound by, contracts on behalf of principal.","Agent cannot personally enforce, nor be bound by, contracts on behalf of principal. Presumption of contract to contrary.",India,To be verified,,https://www.indiacode.nic.in/,2026-09-15,Candidate—verify
ICA-231,Contract Law,"Indian Contract Act, 1872",9 of 1872,231,Rights of parties to a contract made by agent not disclosed.,Rights of parties to a contract made by agent not disclosed.,India,To be verified,,https://www.indiacode.nic.in/,2026-09-15,Candidate—verify
ICA-232,Contract Law,"Indian Contract Act, 1872",9 of 1872,232,Performance of contract with agent supposed to be principal.,Performance of contract with agent supposed to be principal.,India,To be verified,,https://www.indiacode.nic.in/,2026-09-15,Candidate—verify
ICA-233,Contract Law,"Indian Contract Act, 1872",9 of 1872,233,Right of person dealing with agent personally liable.,Right of person dealing with agent personally liable. 9 SECTIONS,India,To be verified,,https://www.indiacode.nic.in/,2026-09-15,Candidate—verify
ICA-234,Contract Law,"Indian Contract Act, 1872",9 of 1872,234,Consequence of inducing agent or principal to act on belief that principal or agent will be held exclusively liable.,Consequence of inducing agent or principal to act on belief that principal or agent will be held exclusively liable.,India,To be verified,,https://www.indiacode.nic.in/,2026-09-15,Candidate—verify
ICA-235,Contract Law,"Indian Contract Act, 1872",9 of 1872,235,Liability of pretended agent.,Liability of pretended agent.,India,To be verified,,https://www.indiacode.nic.in/,2026-09-15,Candidate—verify
ICA-236,Contract Law,"Indian Contract Act, 1872",9 of 1872,236,Person falsely contracting as agent not entitled to performance.,Person falsely contracting as agent not entitled to performance.,India,To be verified,,https://www.indiacode.nic.in/,2026-09-15,Candidate—verify
ICA-237,Contract Law,"Indian Contract Act, 1872",9 of 1872,237,Liability of principal inducing belief that agent’s unauthorized acts were authorized.,Liability of principal inducing belief that agent’s unauthorized acts were authorized.,India,To be verified,,https://www.indiacode.nic.in/,2026-09-15,Candidate—verify
ICA-238,Contract Law,"Indian Contract Act, 1872",9 of 1872,238,"Effect, on agreement, of misrepresentation or fraud by agent.","Effect, on agreement, of misrepresentation or fraud by agent. CHAPTER XI OF PARTNERSHIP",India,To be verified,,https://www.indiacode.nic.in/,2026-09-15,Candidate—verify
ICA-239,Contract Law,"Indian Contract Act, 1872",9 of 1872,239,[Repealed.].,[Repealed.].,India,To be verified,,https://www.indiacode.nic.in/,2026-09-15,Candidate—verify
ICA-240,Contract Law,"Indian Contract Act, 1872",9 of 1872,240,[Repealed.].,[Repealed.].,India,To be verified,,https://www.indiacode.nic.in/,2026-09-15,Candidate—verify
ICA-241,Contract Law,"Indian Contract Act, 1872",9 of 1872,241,[Repealed.].,[Repealed.].,India,To be verified,,https://www.indiacode.nic.in/,2026-09-15,Candidate—verify
ICA-242,Contract Law,"Indian Contract Act, 1872",9 of 1872,242,[Repealed.].,[Repealed.].,India,To be verified,,https://www.indiacode.nic.in/,2026-09-15,Candidate—verify
ICA-243,Contract Law,"Indian Contract Act, 1872",9 of 1872,243,[Repealed.].,[Repealed.].,India,To be verified,,https://www.indiacode.nic.in/,2026-09-15,Candidate—verify
ICA-244,Contract Law,"Indian Contract Act, 1872",9 of 1872,244,[Repealed.].,[Repealed.].,India,To be verified,,https://www.indiacode.nic.in/,2026-09-15,Candidate—verify
ICA-245,Contract Law,"Indian Contract Act, 1872",9 of 1872,245,[Repealed.].,[Repealed.].,India,To be verified,,https://www.indiacode.nic.in/,2026-09-15,Candidate—verify
ICA-246,Contract Law,"Indian Contract Act, 1872",9 of 1872,246,[Repealed.].,[Repealed.].,India,To be verified,,https://www.indiacode.nic.in/,2026-09-15,Candidate—verify
ICA-247,Contract Law,"Indian Contract Act, 1872",9 of 1872,247,[Repealed.].,[Repealed.].,India,To be verified,,https://www.indiacode.nic.in/,2026-09-15,Candidate—verify
ICA-248,Contract Law,"Indian Contract Act, 1872",9 of 1872,248,[Repealed.].,[Repealed.].,India,To be verified,,https://www.indiacode.nic.in/,2026-09-15,Candidate—verify
ICA-249,Contract Law,"Indian Contract Act, 1872",9 of 1872,249,[Repealed.].,[Repealed.].,India,To be verified,,https://www.indiacode.nic.in/,2026-09-15,Candidate—verify
ICA-250,Contract Law,"Indian Contract Act, 1872",9 of 1872,250,[Repealed.].,[Repealed.].,India,To be verified,,https://www.indiacode.nic.in/,2026-09-15,Candidate—verify
ICA-251,Contract Law,"Indian Contract Act, 1872",9 of 1872,251,[Repealed.].,[Repealed.].,India,To be verified,,https://www.indiacode.nic.in/,2026-09-15,Candidate—verify
ICA-252,Contract Law,"Indian Contract Act, 1872",9 of 1872,252,[Repealed.].,[Repealed.].,India,To be verified,,https://www.indiacode.nic.in/,2026-09-15,Candidate—verify
ICA-253,Contract Law,"Indian Contract Act, 1872",9 of 1872,253,[Repealed.].,[Repealed.].,India,To be verified,,https://www.indiacode.nic.in/,2026-09-15,Candidate—verify
ICA-254,Contract Law,"Indian Contract Act, 1872",9 of 1872,254,[Repealed.].,[Repealed.].,India,To be verified,,https://www.indiacode.nic.in/,2026-09-15,Candidate—verify
ICA-255,Contract Law,"Indian Contract Act, 1872",9 of 1872,255,[Repealed.].,[Repealed.].,India,To be verified,,https://www.indiacode.nic.in/,2026-09-15,Candidate—verify
ICA-256,Contract Law,"Indian Contract Act, 1872",9 of 1872,256,[Repealed.].,[Repealed.].,India,To be verified,,https://www.indiacode.nic.in/,2026-09-15,Candidate—verify
ICA-257,Contract Law,"Indian Contract Act, 1872",9 of 1872,257,[Repealed.].,[Repealed.].,India,To be verified,,https://www.indiacode.nic.in/,2026-09-15,Candidate—verify
ICA-258,Contract Law,"Indian Contract Act, 1872",9 of 1872,258,[Repealed.].,[Repealed.].,India,To be verified,,https://www.indiacode.nic.in/,2026-09-15,Candidate—verify
ICA-259,Contract Law,"Indian Contract Act, 1872",9 of 1872,259,[Repealed.].,[Repealed.].,India,To be verified,,https://www.indiacode.nic.in/,2026-09-15,Candidate—verify
ICA-260,Contract Law,"Indian Contract Act, 1872",9 of 1872,260,[Repealed.].,[Repealed.].,India,To be verified,,https://www.indiacode.nic.in/,2026-09-15,Candidate—verify
ICA-261,Contract Law,"Indian Contract Act, 1872",9 of 1872,261,[Repealed.].,[Repealed.].,India,To be verified,,https://www.indiacode.nic.in/,2026-09-15,Candidate—verify
ICA-262,Contract Law,"Indian Contract Act, 1872",9 of 1872,262,[Repealed.].,[Repealed.].,India,To be verified,,https://www.indiacode.nic.in/,2026-09-15,Candidate—verify
ICA-263,Contract Law,"Indian Contract Act, 1872",9 of 1872,263,[Repealed.].,[Repealed.].,India,To be verified,,https://www.indiacode.nic.in/,2026-09-15,Candidate—verify
ICA-264,Contract Law,"Indian Contract Act, 1872",9 of 1872,264,[Repealed.].,[Repealed.].,India,To be verified,,https://www.indiacode.nic.in/,2026-09-15,Candidate—verify
ICA-265,Contract Law,"Indian Contract Act, 1872",9 of 1872,265,[Repealed.].,[Repealed.].,India,To be verified,,https://www.indiacode.nic.in/,2026-09-15,Candidate—verify
ICA-266,Contract Law,"Indian Contract Act, 1872",9 of 1872,266,[Repealed.].,"[Repealed.]. SCHEDULE—[Repealed.] 10 THE INDIAN CONTRACT ACT, 1872 ACT NO. 9 OF 18721 [25th April, 1872.] Preamble—WHEREAS it is expedient to define and amend certain parts o f the law relating to contracts; It is hereby enacted as follows:— PRELIMINARY",India,To be verified,,https://www.indiacode.nic.in/,2026-09-15,Candidate—verify
DV-001,Women and Family Law,"Protection of Women from Domestic Violence Act, 2005",43 of 2005,1,"Short title, extent and commencement.","Short title, extent and commencement.",India,To be verified,,https://www.indiacode.nic.in/,2026-09-15,Candidate—verify
DV-002,Women and Family Law,"Protection of Women from Domestic Violence Act, 2005",43 of 2005,2,Definitions.,Definitions. CHAPTER II DOMESTIC VIOLENCE,India,To be verified,,https://www.indiacode.nic.in/,2026-09-15,Candidate—verify
DV-003,Women and Family Law,"Protection of Women from Domestic Violence Act, 2005",43 of 2005,3,Definition of domestic violence.,"Definition of domestic violence. CHAPTER III POWERS AND DUTIES OF PROTECTION OFFICERS, SERVICE PROVIDERS, ETC.",India,To be verified,,https://www.indiacode.nic.in/,2026-09-15,Candidate—verify
DV-004,Women and Family Law,"Protection of Women from Domestic Violence Act, 2005",43 of 2005,4,Information to Protection Officer and exclusion of liability of informant.,Information to Protection Officer and exclusion of liability of informant.,India,To be verified,,https://www.indiacode.nic.in/,2026-09-15,Candidate—verify
DV-005,Women and Family Law,"Protection of Women from Domestic Violence Act, 2005",43 of 2005,5,"Duties of police officers, service providers and Magistrate.","Duties of police officers, service providers and Magistrate.",India,To be verified,,https://www.indiacode.nic.in/,2026-09-15,Candidate—verify
DV-006,Women and Family Law,"Protection of Women from Domestic Violence Act, 2005",43 of 2005,6,Duties of shelter homes.,Duties of shelter homes.,India,To be verified,,https://www.indiacode.nic.in/,2026-09-15,Candidate—verify
DV-007,Women and Family Law,"Protection of Women from Domestic Violence Act, 2005",43 of 2005,7,Duties of medical facilities.,Duties of medical facilities.,India,To be verified,,https://www.indiacode.nic.in/,2026-09-15,Candidate—verify
DV-008,Women and Family Law,"Protection of Women from Domestic Violence Act, 2005",43 of 2005,8,Appointment of Protection Officers.,Appointment of Protection Officers.,India,To be verified,,https://www.indiacode.nic.in/,2026-09-15,Candidate—verify
DV-009,Women and Family Law,"Protection of Women from Domestic Violence Act, 2005",43 of 2005,9,Duties and functions of Protection Officers.,Duties and functions of Protection Officers.,India,To be verified,,https://www.indiacode.nic.in/,2026-09-15,Candidate—verify
DV-010,Women and Family Law,"Protection of Women from Domestic Violence Act, 2005",43 of 2005,10,Service providers.,Service providers.,India,To be verified,,https://www.indiacode.nic.in/,2026-09-15,Candidate—verify
DV-011,Women and Family Law,"Protection of Women from Domestic Violence Act, 2005",43 of 2005,11,Duties of Government.,Duties of Government. CHAPTER IV PROCEDURE FOR OBTAINING ORDERS OF RELIEFS,India,To be verified,,https://www.indiacode.nic.in/,2026-09-15,Candidate—verify
DV-012,Women and Family Law,"Protection of Women from Domestic Violence Act, 2005",43 of 2005,12,Application to Magistrate.,Application to Magistrate.,India,To be verified,,https://www.indiacode.nic.in/,2026-09-15,Candidate—verify
DV-013,Women and Family Law,"Protection of Women from Domestic Violence Act, 2005",43 of 2005,13,Service of notice.,Service of notice.,India,To be verified,,https://www.indiacode.nic.in/,2026-09-15,Candidate—verify
DV-014,Women and Family Law,"Protection of Women from Domestic Violence Act, 2005",43 of 2005,14,Counselling.,Counselling.,India,To be verified,,https://www.indiacode.nic.in/,2026-09-15,Candidate—verify
DV-015,Women and Family Law,"Protection of Women from Domestic Violence Act, 2005",43 of 2005,15,Assistance of welfare expert.,Assistance of welfare expert.,India,To be verified,,https://www.indiacode.nic.in/,2026-09-15,Candidate—verify
DV-016,Women and Family Law,"Protection of Women from Domestic Violence Act, 2005",43 of 2005,16,Proceedings to be held in camera.,Proceedings to be held in camera.,India,To be verified,,https://www.indiacode.nic.in/,2026-09-15,Candidate—verify
DV-017,Women and Family Law,"Protection of Women from Domestic Violence Act, 2005",43 of 2005,17,Right to reside in a shared household.,Right to reside in a shared household.,India,To be verified,,https://www.indiacode.nic.in/,2026-09-15,Candidate—verify
DV-018,Women and Family Law,"Protection of Women from Domestic Violence Act, 2005",43 of 2005,18,Protection orders.,Protection orders.,India,To be verified,,https://www.indiacode.nic.in/,2026-09-15,Candidate—verify
DV-019,Women and Family Law,"Protection of Women from Domestic Violence Act, 2005",43 of 2005,19,Residence orders.,Residence orders.,India,To be verified,,https://www.indiacode.nic.in/,2026-09-15,Candidate—verify
DV-020,Women and Family Law,"Protection of Women from Domestic Violence Act, 2005",43 of 2005,20,Monetary reliefs.,Monetary reliefs.,India,To be verified,,https://www.indiacode.nic.in/,2026-09-15,Candidate—verify
DV-021,Women and Family Law,"Protection of Women from Domestic Violence Act, 2005",43 of 2005,21,Custody orders.,Custody orders.,India,To be verified,,https://www.indiacode.nic.in/,2026-09-15,Candidate—verify
DV-022,Women and Family Law,"Protection of Women from Domestic Violence Act, 2005",43 of 2005,22,Compensation orders.,Compensation orders.,India,To be verified,,https://www.indiacode.nic.in/,2026-09-15,Candidate—verify
DV-023,Women and Family Law,"Protection of Women from Domestic Violence Act, 2005",43 of 2005,23,Power to grant interim and ex parte orders.,Power to grant interim and ex parte orders.,India,To be verified,,https://www.indiacode.nic.in/,2026-09-15,Candidate—verify
DV-024,Women and Family Law,"Protection of Women from Domestic Violence Act, 2005",43 of 2005,24,Court to give copies of order free of cost.,Court to give copies of order free of cost.,India,To be verified,,https://www.indiacode.nic.in/,2026-09-15,Candidate—verify
DV-025,Women and Family Law,"Protection of Women from Domestic Violence Act, 2005",43 of 2005,25,Duration and alteration of orders.,Duration and alteration of orders.,India,To be verified,,https://www.indiacode.nic.in/,2026-09-15,Candidate—verify
DV-026,Women and Family Law,"Protection of Women from Domestic Violence Act, 2005",43 of 2005,26,Relief in other suits and legal proceedings.,Relief in other suits and legal proceedings.,India,To be verified,,https://www.indiacode.nic.in/,2026-09-15,Candidate—verify
DV-027,Women and Family Law,"Protection of Women from Domestic Violence Act, 2005",43 of 2005,27,Jurisdiction.,Jurisdiction.,India,To be verified,,https://www.indiacode.nic.in/,2026-09-15,Candidate—verify
DV-028,Women and Family Law,"Protection of Women from Domestic Violence Act, 2005",43 of 2005,28,Procedure.,Procedure. 2 SECTIONS,India,To be verified,,https://www.indiacode.nic.in/,2026-09-15,Candidate—verify
DV-029,Women and Family Law,"Protection of Women from Domestic Violence Act, 2005",43 of 2005,29,Appeal.,Appeal. CHAPTER V MISCELLANEOUS,India,To be verified,,https://www.indiacode.nic.in/,2026-09-15,Candidate—verify
DV-030,Women and Family Law,"Protection of Women from Domestic Violence Act, 2005",43 of 2005,30,Protection Officers and members of service providers to be public servants.,Protection Officers and members of service providers to be public servants.,India,To be verified,,https://www.indiacode.nic.in/,2026-09-15,Candidate—verify
DV-031,Women and Family Law,"Protection of Women from Domestic Violence Act, 2005",43 of 2005,31,Penalty for breach of protection order by respondent.,Penalty for breach of protection order by respondent.,India,To be verified,,https://www.indiacode.nic.in/,2026-09-15,Candidate—verify
DV-032,Women and Family Law,"Protection of Women from Domestic Violence Act, 2005",43 of 2005,32,Cognizance and proof.,Cognizance and proof.,India,To be verified,,https://www.indiacode.nic.in/,2026-09-15,Candidate—verify
DV-033,Women and Family Law,"Protection of Women from Domestic Violence Act, 2005",43 of 2005,33,Penalty for not discharging duty by Protection Officer.,Penalty for not discharging duty by Protection Officer.,India,To be verified,,https://www.indiacode.nic.in/,2026-09-15,Candidate—verify
DV-034,Women and Family Law,"Protection of Women from Domestic Violence Act, 2005",43 of 2005,34,Cognizance of offence committed by Protection Officer.,Cognizance of offence committed by Protection Officer.,India,To be verified,,https://www.indiacode.nic.in/,2026-09-15,Candidate—verify
DV-035,Women and Family Law,"Protection of Women from Domestic Violence Act, 2005",43 of 2005,35,Protection of action taken in good faith.,Protection of action taken in good faith.,India,To be verified,,https://www.indiacode.nic.in/,2026-09-15,Candidate—verify
DV-036,Women and Family Law,"Protection of Women from Domestic Violence Act, 2005",43 of 2005,36,Act not in derogation of any other law.,Act not in derogation of any other law.,India,To be verified,,https://www.indiacode.nic.in/,2026-09-15,Candidate—verify
DV-037,Women and Family Law,"Protection of Women from Domestic Violence Act, 2005",43 of 2005,37,Power of Central Government to make rules.,"Power of Central Government to make rules. 3 THE PROTECTION OF WOMEN FROM DOMESTIC VIOLENCE ACT, 2005 ACT NO. 43 OF 2005 [13th September, 2005.] An Act to provide for more effective protection of the rights of women guaranteed under the Constitution who are victims of violence of any kind occurring within the family and for matters connected therewith or incidental thereto. BE it enacted by Parliament in the Fifty-sixth Year of the Republic of India as follows:— CHAPTER I PRELIMINARY",India,To be verified,,https://www.indiacode.nic.in/,2026-09-15,Candidate—verify
SRA-001,Civil Remedies,"Specific Relief Act, 1963",47 of 1963,1,"Short title, extent and commencement.","Short title, extent and commencement.",India,To be verified,,https://www.indiacode.nic.in/,2026-09-15,Candidate—verify
SRA-002,Civil Remedies,"Specific Relief Act, 1963",47 of 1963,2,Definitions.,Definitions.,India,To be verified,,https://www.indiacode.nic.in/,2026-09-15,Candidate—verify
SRA-003,Civil Remedies,"Specific Relief Act, 1963",47 of 1963,3,Savings.,Savings.,India,To be verified,,https://www.indiacode.nic.in/,2026-09-15,Candidate—verify
SRA-004,Civil Remedies,"Specific Relief Act, 1963",47 of 1963,4,Specific relief to be granted only for enforcing individual civil rig hts and not for enforcing penal laws.,Specific relief to be granted only for enforcing individual civil rig hts and not for enforcing penal laws. PART II SPECIFIC RELIEF CHAPTER I RECOVERING POSSESSION OF PROPERTY,India,To be verified,,https://www.indiacode.nic.in/,2026-09-15,Candidate—verify
SRA-005,Civil Remedies,"Specific Relief Act, 1963",47 of 1963,5,Recovery of specific immovable property.,Recovery of specific immovable property.,India,To be verified,,https://www.indiacode.nic.in/,2026-09-15,Candidate—verify
SRA-006,Civil Remedies,"Specific Relief Act, 1963",47 of 1963,6,Suit by person dispossessed of immovable property.,Suit by person dispossessed of immovable property.,India,To be verified,,https://www.indiacode.nic.in/,2026-09-15,Candidate—verify
SRA-007,Civil Remedies,"Specific Relief Act, 1963",47 of 1963,7,Recovery of specific movable property.,Recovery of specific movable property.,India,To be verified,,https://www.indiacode.nic.in/,2026-09-15,Candidate—verify
SRA-008,Civil Remedies,"Specific Relief Act, 1963",47 of 1963,8,"Liability of person in possession, not as owner, to deliver to persons entitled to immediate possession.","Liability of person in possession, not as owner, to deliver to persons entitled to immediate possession. CHAPTER II SPECIFIC PERFORMANCE OF CONTRACTS",India,To be verified,,https://www.indiacode.nic.in/,2026-09-15,Candidate—verify
SRA-009,Civil Remedies,"Specific Relief Act, 1963",47 of 1963,9,Defences respecting suits for relief based on contract.,Defences respecting suits for relief based on contract. CONTRACTS WHICH CAN BE SPECIFICALLY ENFORCED,India,To be verified,,https://www.indiacode.nic.in/,2026-09-15,Candidate—verify
SRA-010,Civil Remedies,"Specific Relief Act, 1963",47 of 1963,10,Specific performance in respect of contracts.,Specific performance in respect of contracts.,India,To be verified,,https://www.indiacode.nic.in/,2026-09-15,Candidate—verify
SRA-011,Civil Remedies,"Specific Relief Act, 1963",47 of 1963,11,Cases in which specific performance of contracts connected with trusts enforceable.,Cases in which specific performance of contracts connected with trusts enforceable.,India,To be verified,,https://www.indiacode.nic.in/,2026-09-15,Candidate—verify
SRA-012,Civil Remedies,"Specific Relief Act, 1963",47 of 1963,12,Specific performance of part of contract.,Specific performance of part of contract.,India,To be verified,,https://www.indiacode.nic.in/,2026-09-15,Candidate—verify
SRA-013,Civil Remedies,"Specific Relief Act, 1963",47 of 1963,13,Rights of purchaser or lessee against person with no title or imperfect title.,Rights of purchaser or lessee against person with no title or imperfect title. CONTRACTS WHICH CANNOT BE SPECIFICALLY ENFORCED,India,To be verified,,https://www.indiacode.nic.in/,2026-09-15,Candidate—verify
SRA-014,Civil Remedies,"Specific Relief Act, 1963",47 of 1963,14,Contracts not specifically enforceable.,Contracts not specifically enforceable. 14A. Power of court to engage experts. PERSONS FOR OR AGAINST WHOM CONTRACTS MAY BE SPECIFICALLY ENFORCED,India,To be verified,,https://www.indiacode.nic.in/,2026-09-15,Candidate—verify
SRA-015,Civil Remedies,"Specific Relief Act, 1963",47 of 1963,15,Who may obtain specific performance.,Who may obtain specific performance.,India,To be verified,,https://www.indiacode.nic.in/,2026-09-15,Candidate—verify
SRA-016,Civil Remedies,"Specific Relief Act, 1963",47 of 1963,16,Personal bars to relief.,Personal bars to relief.,India,To be verified,,https://www.indiacode.nic.in/,2026-09-15,Candidate—verify
SRA-017,Civil Remedies,"Specific Relief Act, 1963",47 of 1963,17,"Contract to sell or let property by one who has no title, not specifically enforceable.","Contract to sell or let property by one who has no title, not specifically enforceable.",India,To be verified,,https://www.indiacode.nic.in/,2026-09-15,Candidate—verify
SRA-018,Civil Remedies,"Specific Relief Act, 1963",47 of 1963,18,Non-enforcement except with variation.,Non-enforcement except with variation.,India,To be verified,,https://www.indiacode.nic.in/,2026-09-15,Candidate—verify
SRA-019,Civil Remedies,"Specific Relief Act, 1963",47 of 1963,19,Relief against parties and persons claiming under them by subsequent title.,"Relief against parties and persons claiming under them by subsequent title. 2 Substituted performance of contracts, etc. SECTIONS",India,To be verified,,https://www.indiacode.nic.in/,2026-09-15,Candidate—verify
SRA-020,Civil Remedies,"Specific Relief Act, 1963",47 of 1963,20,Substituted performance of contract.,Substituted performance of contract. 20A. Special provisions for contract relating to infrastructure project. 20B. Special Courts. 20C. Expeditious disposal of suits.,India,To be verified,,https://www.indiacode.nic.in/,2026-09-15,Candidate—verify
SRA-021,Civil Remedies,"Specific Relief Act, 1963",47 of 1963,21,Power to award compensation in certain cases.,Power to award compensation in certain cases.,India,To be verified,,https://www.indiacode.nic.in/,2026-09-15,Candidate—verify
SRA-022,Civil Remedies,"Specific Relief Act, 1963",47 of 1963,22,"Power to grant relief for possession, partition, refund of earnest money, etc.","Power to grant relief for possession, partition, refund of earnest money, etc.",India,To be verified,,https://www.indiacode.nic.in/,2026-09-15,Candidate—verify
SRA-023,Civil Remedies,"Specific Relief Act, 1963",47 of 1963,23,Liquidation of damages not a bar to specific performance.,Liquidation of damages not a bar to specific performance.,India,To be verified,,https://www.indiacode.nic.in/,2026-09-15,Candidate—verify
SRA-024,Civil Remedies,"Specific Relief Act, 1963",47 of 1963,24,Bar of suit for compensation for breach after dismissal of suit for specific performance.,Bar of suit for compensation for breach after dismissal of suit for specific performance. ENFORCEMENT OF AWARDS AND DIRECTIONS TO EXECUTE SETTLEMENTS,India,To be verified,,https://www.indiacode.nic.in/,2026-09-15,Candidate—verify
SRA-025,Civil Remedies,"Specific Relief Act, 1963",47 of 1963,25,Application of preceding sections to certain awards and testamentary directions to execute settlements.,Application of preceding sections to certain awards and testamentary directions to execute settlements. CHAPTER III RECTIFICATION OF INSTRUMENTS,India,To be verified,,https://www.indiacode.nic.in/,2026-09-15,Candidate—verify
SRA-026,Civil Remedies,"Specific Relief Act, 1963",47 of 1963,26,When instrument may be rectified.,When instrument may be rectified. CHAPTER IV RESCISSION OF CONTRACTS,India,To be verified,,https://www.indiacode.nic.in/,2026-09-15,Candidate—verify
SRA-027,Civil Remedies,"Specific Relief Act, 1963",47 of 1963,27,When rescission may be adjudged or refused.,When rescission may be adjudged or refused.,India,To be verified,,https://www.indiacode.nic.in/,2026-09-15,Candidate—verify
SRA-028,Civil Remedies,"Specific Relief Act, 1963",47 of 1963,28,"Rescission in certain circumstances of contracts for the sale or lease of immovable property, the specific performance of which has been decreed.","Rescission in certain circumstances of contracts for the sale or lease of immovable property, the specific performance of which has been decreed.",India,To be verified,,https://www.indiacode.nic.in/,2026-09-15,Candidate—verify
SRA-029,Civil Remedies,"Specific Relief Act, 1963",47 of 1963,29,Alternative prayer for rescission in suit for specific performance.,Alternative prayer for rescission in suit for specific performance.,India,To be verified,,https://www.indiacode.nic.in/,2026-09-15,Candidate—verify
SRA-030,Civil Remedies,"Specific Relief Act, 1963",47 of 1963,30,Court may require parties rescinding to do equity.,Court may require parties rescinding to do equity. CHAPTER V CANCELLATION OF INSTRUMENTS,India,To be verified,,https://www.indiacode.nic.in/,2026-09-15,Candidate—verify
SRA-031,Civil Remedies,"Specific Relief Act, 1963",47 of 1963,31,When cancellation may be ordered.,When cancellation may be ordered.,India,To be verified,,https://www.indiacode.nic.in/,2026-09-15,Candidate—verify
SRA-032,Civil Remedies,"Specific Relief Act, 1963",47 of 1963,32,What instruments may be partially cancelled.,What instruments may be partially cancelled.,India,To be verified,,https://www.indiacode.nic.in/,2026-09-15,Candidate—verify
SRA-033,Civil Remedies,"Specific Relief Act, 1963",47 of 1963,33,Power to require benefit to be restored or compensation to be made when instrument is cancelled or is successfully resisted as being void or voidable.,Power to require benefit to be restored or compensation to be made when instrument is cancelled or is successfully resisted as being void or voidable. CHAPTER VI DECLARATORY DECREES,India,To be verified,,https://www.indiacode.nic.in/,2026-09-15,Candidate—verify
SRA-034,Civil Remedies,"Specific Relief Act, 1963",47 of 1963,34,Discretion of court as to declaration of status or right.,Discretion of court as to declaration of status or right.,India,To be verified,,https://www.indiacode.nic.in/,2026-09-15,Candidate—verify
SRA-035,Civil Remedies,"Specific Relief Act, 1963",47 of 1963,35,Effect of declaration.,Effect of declaration. PART III PREVENTIVE RELIEF CHAPTER VII INJUNCTIONS GENERALLY,India,To be verified,,https://www.indiacode.nic.in/,2026-09-15,Candidate—verify
SRA-036,Civil Remedies,"Specific Relief Act, 1963",47 of 1963,36,Preventive relief how granted.,Preventive relief how granted. 3 SECTIONS,India,To be verified,,https://www.indiacode.nic.in/,2026-09-15,Candidate—verify
SRA-037,Civil Remedies,"Specific Relief Act, 1963",47 of 1963,37,Temporary and perpetual injunctions.,Temporary and perpetual injunctions. CHAPTER VIII PERPETUAL INJUNCTIONS,India,To be verified,,https://www.indiacode.nic.in/,2026-09-15,Candidate—verify
SRA-038,Civil Remedies,"Specific Relief Act, 1963",47 of 1963,38,Perpetual injunction when granted.,Perpetual injunction when granted.,India,To be verified,,https://www.indiacode.nic.in/,2026-09-15,Candidate—verify
SRA-039,Civil Remedies,"Specific Relief Act, 1963",47 of 1963,39,Mandatory injunctions.,Mandatory injunctions.,India,To be verified,,https://www.indiacode.nic.in/,2026-09-15,Candidate—verify
SRA-040,Civil Remedies,"Specific Relief Act, 1963",47 of 1963,40,"Damages in lieu of, or in addition to, injunction.","Damages in lieu of, or in addition to, injunction.",India,To be verified,,https://www.indiacode.nic.in/,2026-09-15,Candidate—verify
SRA-041,Civil Remedies,"Specific Relief Act, 1963",47 of 1963,41,Injunction when refused.,Injunction when refused.,India,To be verified,,https://www.indiacode.nic.in/,2026-09-15,Candidate—verify
SRA-042,Civil Remedies,"Specific Relief Act, 1963",47 of 1963,42,Injunction to perform negative agreement.,Injunction to perform negative agreement.,India,To be verified,,https://www.indiacode.nic.in/,2026-09-15,Candidate—verify
SRA-043,Civil Remedies,"Specific Relief Act, 1963",47 of 1963,43,[Repealed.].,[Repealed.].,India,To be verified,,https://www.indiacode.nic.in/,2026-09-15,Candidate—verify
SRA-044,Civil Remedies,"Specific Relief Act, 1963",47 of 1963,44,[Repealed.].,"[Repealed.]. THE SCHEDULE. 4 THE SPECIFIC RELIEF ACT, 1963 ACT NO. 47 OF 1963 [13th December, 1963.] An Act to define and amend the law relating to certain kinds of specific relief. BE it enacted by Parliament in the Fourteenth Year of the Republic of India as follow:— PART I PRELIMINARY",India,To be verified,,https://www.indiacode.nic.in/,2026-09-15,Candidate—verify
ITA-1,Information Technology and Cyber Law,"Information Technology Act, 2000",21 of 2000,1,"Short title, extent, commencement and application.","Short title, extent, commencement and application. –(1) This Act may be called the Information Technology Act, 2000. (2) It shall extend to the whole of India and, save as otherwise provided in this Act, it applies also to any offence or contravention thereunder committed outside India by any person. (3) It shall come into force on such date1 as the Central Government may, by notification, appoint and different dates may be appointed for different provisions of this Act and any reference in any such provision to the commencement of this Act shall be construed as a reference to the commencement of that provision. 2[(4) Nothing in this Act shall apply to documents or transactions specified in the First Schedule: Provided that the Central Government may, by notification in the Official Gazette, amend the First Schedule by way of addition or deletion of entries thereto. (5) Every notification issued under sub-section (4) shall be laid before each House of Parliament.]",India,To be verified,,https://www.indiacode.nic.in/,2026-09-15,Candidate—verify
ITA-2,Information Technology and Cyber Law,"Information Technology Act, 2000",21 of 2000,2,"Definitions.–(1) In this Act, unless the context otherwise requires,– (a) “access” with its grammatical variations and cognate expressions means gaining entry into, instructing or communicating with the logical, arithmetical , or memory function resources of a computer, computer system or computer network; (b) “addressee” means a person who is intended by the originator to receive the electronic record but does not include any intermediary; (c) “adjudicating officer ” means an adjudicating officer appointed under sub -section ( 1) of section 46; 1.","Definitions.–(1) In this Act, unless the context otherwise requires,– (a) “access” with its grammatical variations and cognate expressions means gaining entry into, instructing or communicating with the logical, arithmetical , or memory function resources of a computer, computer system or computer network; (b) “addressee” means a person who is intended by the originator to receive the electronic record but does not include any intermediary; (c) “adjudicating officer ” means an adjudicating officer appointed under sub -section ( 1) of section 46; 1. 17 th October, 2000, vide notification No. G.S.R. 788 (E), dated 17 th October, 2000, see Gazette of India, Extraordinary, Part II, sec. 3(ii).",India,To be verified,,https://www.indiacode.nic.in/,2026-09-15,Candidate—verify
ITA-3,Information Technology and Cyber Law,"Information Technology Act, 2000",21 of 2000,3,Ins.,"Ins. by Act 10 of 2009, s. 4 (w.e.f. 27-10-2009).",India,To be verified,,https://www.indiacode.nic.in/,2026-09-15,Candidate—verify
ITA-3A,Information Technology and Cyber Law,"Information Technology Act, 2000",21 of 2000,3A,"Electronic signature.–(1) Notwithstanding anything contained in section 3, but subject to the provisions of sub -section ( 2), a subscriber may authenticate any electronic record by such electronic signature or electronic authentication technique which– (a) is considered reliable; and (b) may be specified in the Second Schedule.","Electronic signature.–(1) Notwithstanding anything contained in section 3, but subject to the provisions of sub -section ( 2), a subscriber may authenticate any electronic record by such electronic signature or electronic authentication technique which– (a) is considered reliable; and (b) may be specified in the Second Schedule. (2) For the purposes of this section any electronic signature or electronic authentication technique shall be considered reliable if–",India,To be verified,,https://www.indiacode.nic.in/,2026-09-15,Candidate—verify
ITA-4,Information Technology and Cyber Law,"Information Technology Act, 2000",21 of 2000,4,Subs.,"Subs. by s. 4, ibid., for clause (j) (w.e.f. 27-10-2009).",India,To be verified,,https://www.indiacode.nic.in/,2026-09-15,Candidate—verify
ITA-5,Information Technology and Cyber Law,"Information Technology Act, 2000",21 of 2000,5,"Clause (n) omitted by Act 7 of 2017, s.169 (w.e.f.","Clause (n) omitted by Act 7 of 2017, s.169 (w.e.f. 26-5-2017) 9 (nb) “cyber security means protecting information, equipment , devices, computer, computer resource, communication device and information stored therein from unauthorised access, use, disclosure, disruption, modification or destruction;] (o) “data” means a representation of information, knowledge, facts, concepts or instructions which are being prepared or have been prepared in a formalised manner, and is intended to be processed, is being processed or has been processed in a computer system or computer network, and may be in any form (including computer printouts magnetic or optical storage media, punched cards, punched tapes) or stored internally in the memory of the computer; (p) “digital signature” means authentication of any electronic record by a subscriber by means of an electronic method or procedure in accordance with the provisions of section 3; (q) “Digital Signature Certificate” means a Digital Signature Certificate issued under sub -section (4) of section 35; (r) “electronic form ” with reference to information, means any information generated, sent, received or stored in media, magnetic, optical, computer memory, micro film, computer generated micro fiche or similar device; (s) “Electronic Gazette” means the Official Gazette published in the electronic form; (t) “electronic record” means data, record or data generated, image or sound stored, received or sent in an electronic form or micro film or computer generated micro fiche; 1[(ta) “electronic signature ” means authentication of any electronic record by a subscriber by means of the electronic technique specified in the Second Schedule and includes digital signature; (tb) “Electronic Signature Certificate ” means an Electronic Signature Certificate issued under section 35 and includes Digital Signature Certificate;] (u) “function”, in relation to a computer, includes logic, control, arithmetical process, deletion, storage and retrieval and communication or telecommunication from or within a computer; 1[(ua) Indian Computer Emergency Response Team ” means an agency established under sub - section (1) of Section 70B;] (v) “information” includes 2[data, message, text,] images, sound, voice, codes, computer programmes, software and data bases or micro film or computer generated micro fiche; 3[(w) “intermediary”, with respect to any particular electronic records, means any person who on behalf of another person receives, stores or transmits that record or provides any service with respect to that record and includes telecom service providers, network service providers, internet service providers, web-hosting service providers, search engines, online payment sites, online -auction sites, online-market places and cyber cafes;] (x) “key pair ”, in an asymmetric crypto system, means a private key and its mathematically related public key, which are so related that the public key can verify a digital signature created by the private key; (y) “law” includes any Act of Parliament or of a State Legislature, Ordinances promulgated by the President or a Governor, as the case may be, Regulations made by the President under article 240, Bills enacted as President's Act under sub -clause (a) of clause ( 1) of article 357 of the Constitution and includes rules, regulations, bye-laws and orders issued or made thereunder; (z) “licence” means a licence granted to a Certifying Authority under section 24; (za) “originator” means a person who sends, generates, stores or transmits any electronic message or causes any electronic message to be sent, generated, stored or transmitted to any other person but does not include an intermediary; (zb) “prescribed” means prescribed by rules made under this Act; (zc) “private key” means the key of a key pair used to create a digital signature;",India,To be verified,,https://www.indiacode.nic.in/,2026-09-15,Candidate—verify
ITA-6,Information Technology and Cyber Law,"Information Technology Act, 2000",21 of 2000,6,"Use of electronic records and 1[electronic signatures ] in Government and its agencies .–(1) Where any law provides for– (a) the filing of any form, application or any other document with any office, authority, body or agency owned or controlled by the appropriate Government in a particular manner; (b) the issue or grant of any licence, permit, sanction or approval by whatever name called in a particular manner; (c) the receipt or payment of money in a particular manner, then, notwithstanding anything contained in any other law for the time being in force, such requirement shall be deemed to have been satisfied if such filing, issue, grant, receipt or payment, as the case may be, is effected by means of such electronic form as may be prescribed by the appropriate Government.","Use of electronic records and 1[electronic signatures ] in Government and its agencies .–(1) Where any law provides for– (a) the filing of any form, application or any other document with any office, authority, body or agency owned or controlled by the appropriate Government in a particular manner; (b) the issue or grant of any licence, permit, sanction or approval by whatever name called in a particular manner; (c) the receipt or payment of money in a particular manner, then, notwithstanding anything contained in any other law for the time being in force, such requirement shall be deemed to have been satisfied if such filing, issue, grant, receipt or payment, as the case may be, is effected by means of such electronic form as may be prescribed by the appropriate Government. (2) The appropriate Government may, for the purposes of sub-section (1), by rules, prescribe– (a) the manner and format in which such electronic records shall be filed, created or issued;",India,To be verified,,https://www.indiacode.nic.in/,2026-09-15,Candidate—verify
ITA-6A,Information Technology and Cyber Law,"Information Technology Act, 2000",21 of 2000,6A,"Delivery of services by service provider .–(1) The appropriate Government may, for the purposes of this Chapter and for efficient delivery of services to the public through electronic means authorise, by order, any service provider to set up, maintain and upgrade the computerised facilities and perform such other services as it may specify, by notification in the Official Gazette.","Delivery of services by service provider .–(1) The appropriate Government may, for the purposes of this Chapter and for efficient delivery of services to the public through electronic means authorise, by order, any service provider to set up, maintain and upgrade the computerised facilities and perform such other services as it may specify, by notification in the Official Gazette. Explanation.–For the purposes of this section, service provider so authorised includes any individual, private agency, private company, partnership firm, sole proprietor firm or any such other body or agency which has been granted permission by the appropriate Government to offer services through electronic means in accordance with the policy governing such service sector. (2) The appropriate Government may also authorise any service provider authorised under sub - section (1) to collect, retain and appropriate such service charges, as may be prescribed by the appropriate Government for the purpose of providing such services, from the person availing such service. (3) Subject to the provisions of sub-section (2), the appropriate Government may authorise the service providers to collect, retain and appropriate service charges under this section notwithstanding the fact that there is no express provision under the Act, rule, regulation or notification under which the service is provided to collect, retain and appropriate e-service charges by the service providers. (4) The appropriate Government shall, by notification in the Official Gazette, specify the scale of service charges which may be charged and collected by the service providers under this section: Provided that the appropriate Government may specify different scale of service charges for different types of services.]",India,To be verified,,https://www.indiacode.nic.in/,2026-09-15,Candidate—verify
ITA-7,Information Technology and Cyber Law,"Information Technology Act, 2000",21 of 2000,7,"Retention of electronic records .–(1) Where any law provides that documents, records or information shall be retained for any specific period, then, that requirement shall be deemed to have been satisfied if such documents, records or information are retained in the electronic form, if– (a) the information contained therein remains accessible so as to be usable for a subsequent reference; (b) the electronic record is retained in the format in which it was originally generated, sent or received or in a format which can be demonstrated to represent accurately the information originally generated, sent or received; (c) the details which will facilitate the identification of the origin, destination, date and time of despatch or receipt of such electronic record are available in the electronic record: Provided that this clause does not apply to any information which is automatically generated solely for the purpose of enabling an electronic record to be despatched or received.","Retention of electronic records .–(1) Where any law provides that documents, records or information shall be retained for any specific period, then, that requirement shall be deemed to have been satisfied if such documents, records or information are retained in the electronic form, if– (a) the information contained therein remains accessible so as to be usable for a subsequent reference; (b) the electronic record is retained in the format in which it was originally generated, sent or received or in a format which can be demonstrated to represent accurately the information originally generated, sent or received; (c) the details which will facilitate the identification of the origin, destination, date and time of despatch or receipt of such electronic record are available in the electronic record: Provided that this clause does not apply to any information which is automatically generated solely for the purpose of enabling an electronic record to be despatched or received. (2) Nothing in this section shall apply to any law that expressly provides for the retention of documents, records or information in the form of electronic records. 2[",India,To be verified,,https://www.indiacode.nic.in/,2026-09-15,Candidate—verify
ITA-7A,Information Technology and Cyber Law,"Information Technology Act, 2000",21 of 2000,7A,"Audit of documents , etc., maintained in electronic form .–Where in any law for the time being in force, there is a provision for audit of documents,","Audit of documents , etc., maintained in electronic form .–Where in any law for the time being in force, there is a provision for audit of documents, records or information, that provision shall also be applicable for audit of documents, records or information processed and main tained in the electronic form.]",India,To be verified,,https://www.indiacode.nic.in/,2026-09-15,Candidate—verify
ITA-8,Information Technology and Cyber Law,"Information Technology Act, 2000",21 of 2000,8,"Publication of rule, regulation, etc., in Electronic Gazette .–Where any law provides that any rule, regulation, order, bye-law, notification or any o","Publication of rule, regulation, etc., in Electronic Gazette .–Where any law provides that any rule, regulation, order, bye-law, notification or any other matter shall be published in the Official Gazette, then, such requirement shall be deemed to have been satisfied if such rule, regulation, order, bye -law, notification or any other matter is published in the Official Gazette or Electronic Gazette: Provided that where any rule, regulation, order, by -law, notification or any other matter is published in the Official Gazette or Electronic Gazette, the date of publication shall be deemed to be the date of the Gazette which was first published in any form.",India,To be verified,,https://www.indiacode.nic.in/,2026-09-15,Candidate—verify
ITA-9,Information Technology and Cyber Law,"Information Technology Act, 2000",21 of 2000,9,"Sections 6, 7 and 8 not to confer right to insist document should be accepted in electronic form.–Nothing contained in sections 6, 7 and 8 shall confe","Sections 6, 7 and 8 not to confer right to insist document should be accepted in electronic form.–Nothing contained in sections 6, 7 and 8 shall confer a right upon any person to insist that any",India,To be verified,,https://www.indiacode.nic.in/,2026-09-15,Candidate—verify
ITA-10,Information Technology and Cyber Law,"Information Technology Act, 2000",21 of 2000,10,"Power to make rules by Central Government in respect of 1[electronic signature ].–The Central Government may, for the purposes of this Act, by rules, prescribe– (a) the type of 1[electronic signature]; (b) the manner and format in which the 1[electronic signature] shall be affixed; (c) the manner or procedure which facilitates identification of the person affixing the 1[electronic signature]; (d) control processes and procedures to ensure adequate integrity, security and confidentiality of electronic records or payments; and (e) any other matter which is necessary to give legal effect to 1[electronic signatures].","Power to make rules by Central Government in respect of 1[electronic signature ].–The Central Government may, for the purposes of this Act, by rules, prescribe– (a) the type of 1[electronic signature]; (b) the manner and format in which the 1[electronic signature] shall be affixed; (c) the manner or procedure which facilitates identification of the person affixing the 1[electronic signature]; (d) control processes and procedures to ensure adequate integrity, security and confidentiality of electronic records or payments; and (e) any other matter which is necessary to give legal effect to 1[electronic signatures]. 2[",India,To be verified,,https://www.indiacode.nic.in/,2026-09-15,Candidate—verify
ITA-10A,Information Technology and Cyber Law,"Information Technology Act, 2000",21 of 2000,10A,"Validity of contracts formed through electronic means.–Where in a contract formation, the communication of proposals, the acceptance of proposals, the","Validity of contracts formed through electronic means.–Where in a contract formation, the communication of proposals, the acceptance of proposals, the revocation of proposals and acceptances, as the case may be, are expressed in electronic form or by means of an electronic records, such contract shall not be deemed to be unenforceable solely on the ground that such electronic form or means was used for that purpose.] CHAPTER IV ATTRIBUTION, ACKNOWLEDGMENT AND DESPATCH OF ELECTRONIC RECORDS",India,To be verified,,https://www.indiacode.nic.in/,2026-09-15,Candidate—verify
ITA-11,Information Technology and Cyber Law,"Information Technology Act, 2000",21 of 2000,11,Attribution of electronic records.–An electronic record shall be attributed to the originator– (a) if it was sent by the originator himself; (b) by a,Attribution of electronic records.–An electronic record shall be attributed to the originator– (a) if it was sent by the originator himself; (b) by a person who had the authority to act on behalf of the originator in respect of that electronic record; or (c) by an information system programmed by or on behalf of the originator to operate automatically.,India,To be verified,,https://www.indiacode.nic.in/,2026-09-15,Candidate—verify
ITA-12,Information Technology and Cyber Law,"Information Technology Act, 2000",21 of 2000,12,"Acknowledgment of receipt .–(1) Where the originator has not 3[stipulated] that the acknowledgment of receipt of electronic record be given in a particular form or by a particular method, an acknowledgment may be given by– (a) any communication by the addressee, automated or otherwise; or (b) any conduct of the addressee, sufficient to indicate to the originator that the electronic record has been received.","Acknowledgment of receipt .–(1) Where the originator has not 3[stipulated] that the acknowledgment of receipt of electronic record be given in a particular form or by a particular method, an acknowledgment may be given by– (a) any communication by the addressee, automated or otherwise; or (b) any conduct of the addressee, sufficient to indicate to the originator that the electronic record has been received. (2) Where the originator has stipulated that the electronic record shall be binding only on receipt of an acknowledgment of such electronic record by him, then unless acknowledgment has been so received, the electronic record shall he deemed to have been never sent by the originator. (3) Where the originator has not stipulated that the electronic record shall be binding only on re ceipt of such acknowledgment, and the acknowledg ment has not been received by the originator within the time specified or agreed or, if no time has been specified or agreed to within a reasonable time, then the originator may give notice to the addressee stating that no acknowledgment has been received by him and specifying a reasonable time by which the acknowledgement must be recei ved by him and if no acknowledgment is received within the aforesaid time limit he may after giving notice to the addressee, treat the electronic record as though it has never been sent.",India,To be verified,,https://www.indiacode.nic.in/,2026-09-15,Candidate—verify
ITA-13,Information Technology and Cyber Law,"Information Technology Act, 2000",21 of 2000,13,"Time and place of despatch and receipt of electronic record .–(1) Save as otherwise agreed to between the originator and the addressee, the despatch o","Time and place of despatch and receipt of electronic record .–(1) Save as otherwise agreed to between the originator and the addressee, the despatch of an electronic record occurs when it enters a computer resource outside the control of the originator.",India,To be verified,,https://www.indiacode.nic.in/,2026-09-15,Candidate—verify
ITA-14,Information Technology and Cyber Law,"Information Technology Act, 2000",21 of 2000,14,"Secure electronic record.–Where any security procedure has been applied to an electronic record at a specific point of time, then such record shall he deemed to be a secure electronic record from such point of time to the time of verification.","Secure electronic record.–Where any security procedure has been applied to an electronic record at a specific point of time, then such record shall he deemed to be a secure electronic record from such point of time to the time of verification. 2[",India,To be verified,,https://www.indiacode.nic.in/,2026-09-15,Candidate—verify
ITA-15,Information Technology and Cyber Law,"Information Technology Act, 2000",21 of 2000,15,"Secure electronic signature.– An electronic signature shall be deemed to be a secure electronic signature if– (i) the signature creation data, at the time of affixing signature, was under the exclusive control of signatory and no other person; and (ii) the signature creation data was stored and affixed in such exclusive manner as may be prescribed.","Secure electronic signature.– An electronic signature shall be deemed to be a secure electronic signature if– (i) the signature creation data, at the time of affixing signature, was under the exclusive control of signatory and no other person; and (ii) the signature creation data was stored and affixed in such exclusive manner as may be prescribed. Explanation.–In case of digital signature, the “signature creation data ” means the private key of the subscriber.",India,To be verified,,https://www.indiacode.nic.in/,2026-09-15,Candidate—verify
ITA-16,Information Technology and Cyber Law,"Information Technology Act, 2000",21 of 2000,16,"Security procedures and practices.–The Central Government may, for the purposes of sections 14 and 15, prescribe the security procedures and practices","Security procedures and practices.–The Central Government may, for the purposes of sections 14 and 15, prescribe the security procedures and practices: Provided that in prescribing such security procedures and practices, the Central Government shall have regard to the commercial circumstances, nature of transactions and such other related factors as it may consider appropriate.] CHAPTER VI REGULATION OF CERTIFYING AUTHORITIES",India,To be verified,,https://www.indiacode.nic.in/,2026-09-15,Candidate—verify
ITA-17,Information Technology and Cyber Law,"Information Technology Act, 2000",21 of 2000,17,"Appointment of Controller and other officers .–(1) The Central Government may, by notification in the Official Gazette, appoint a Controller of Certif","Appointment of Controller and other officers .–(1) The Central Government may, by notification in the Official Gazette, appoint a Controller of Certifying Authorities for the purposes of this Act and may also by the same or subsequent notification appoint suc h number of Deputy Controllers 3[, Assistant Controllers, other officers and employees] as it deems fit.",India,To be verified,,https://www.indiacode.nic.in/,2026-09-15,Candidate—verify
ITA-18,Information Technology and Cyber Law,"Information Technology Act, 2000",21 of 2000,18,"Functions of Controller .–The Controller may perform all or any of th e following functions, namely:– (a) exercising supervision over the activities o","Functions of Controller .–The Controller may perform all or any of th e following functions, namely:– (a) exercising supervision over the activities of the Certifying Authorities; (b) certifying public keys of the Certifying Authorities; (c) laying down the standards to be maintained by the Certifying Authorities; (d) specifying the qualifications and experience which employees of the Certifying Authority should possess; (e) specifying the conditions subject to which the Certifying Authorities shall conduct their business; (f) specifying the contents of written, printed or visual materials and advertisements that may be distributed or used in respect of a 2[electronic signature] Certificate and the public key; (g) specifying the form and content of a 2[electronic signature] Certificate and the key; (h) specifying the form and manner in which accounts shall be maintained by the Certifying Authorities; (i) specifying the terms and conditions subject to which auditors may be appointed and the remuneration to be paid to them; (j) facilitating the establishment of any electronic system by a Certifying Authority either solely or jointly with other Certifying Authorities and regulation of such systems; (k) specifying the manner in which the Certifying Authorities shall conduct their dealings with the subscribers; (l) resolving any conflict of interests between the Certifying Authorities and the subscribers; (m) laying down the duties of the Certifying Authorities; (n) maintaining a data base containing the disclosure record of every Certifying Authority containing such particulars as may be specified by regulations, which shall be accessible to public.",India,To be verified,,https://www.indiacode.nic.in/,2026-09-15,Candidate—verify
ITA-19,Information Technology and Cyber Law,"Information Technology Act, 2000",21 of 2000,19,"Recognition of foreign Certifying Authorities.–(1) Subject to such conditions and restrictions as may be specified by regulations, the Controller may with the previous approval of the Central Government, and by notification in the Official Gazette, recognise any foreign Certifying Authority as a Certifying Authority for the purposes of this Act.","Recognition of foreign Certifying Authorities.–(1) Subject to such conditions and restrictions as may be specified by regulations, the Controller may with the previous approval of the Central Government, and by notification in the Official Gazette, recognise any foreign Certifying Authority as a Certifying Authority for the purposes of this Act. (2) Where any Certifying Authority is recognised under sub -section ( 1), the 2[electronic signature] Certificate issued by such Certifying Authority shall be valid for the purposes of this Act. (3) The Controller may, if he is satisfied that any Certifying Authority has contravened any of the conditions and restrictions subject to which it was granted recognition under sub -section (1) he may, for reasons to be recorded in writing, by notification in the Official Gazette, revoke such recognition.",India,To be verified,,https://www.indiacode.nic.in/,2026-09-15,Candidate—verify
ITA-20,Information Technology and Cyber Law,"Information Technology Act, 2000",21 of 2000,20,"[Controller to act as repository.] Omitted by the Information Technology (Amendment) Act, 2008 (10 of 2009), s.","[Controller to act as repository.] Omitted by the Information Technology (Amendment) Act, 2008 (10 of 2009), s. 13 (w.e.f. 27-10-2009).",India,To be verified,,https://www.indiacode.nic.in/,2026-09-15,Candidate—verify
ITA-21,Information Technology and Cyber Law,"Information Technology Act, 2000",21 of 2000,21,"Licence to issue 1[electronic signature] Certificates.–(1) Subject to the provisions of sub-section (2), any person may make an application , to the Controller, for a licence to issue 1[electronic signature] Certificates.","Licence to issue 1[electronic signature] Certificates.–(1) Subject to the provisions of sub-section (2), any person may make an application , to the Controller, for a licence to issue 1[electronic signature] Certificates. (2) No licence shall be issued under sub -section (1), unless the applicant fulfil ls such requirements with respect to qualification, expertise, manpower, financial resources and other infrastructure facilities, which arc necessary to issue 1[electronic signature] Certificates as may be presc ribed by the Central Government. (3) A licence granted under this section shall– (a) be valid for such period as may be prescribed by the Central Government; (b) not be transferable or heritable; (c) be subject to such terms and conditions as may be specified by the regulations.",India,To be verified,,https://www.indiacode.nic.in/,2026-09-15,Candidate—verify
ITA-22,Information Technology and Cyber Law,"Information Technology Act, 2000",21 of 2000,22,Application for licence.–(1) Every application for issue of a licence shall be in such form as may be prescribed by the Central Government.,"Application for licence.–(1) Every application for issue of a licence shall be in such form as may be prescribed by the Central Government. (2) Every application for issue of a licence shall be accompanied by– (a) a certification practice statement; (b) a statement including the procedures with respect to identification of the applicant; (c) payment of such fees, not exceeding twenty -five thousand rupees as may be prescribed by the Central Government; (d) such other documents, as may be prescribed by the Central Government.",India,To be verified,,https://www.indiacode.nic.in/,2026-09-15,Candidate—verify
ITA-23,Information Technology and Cyber Law,"Information Technology Act, 2000",21 of 2000,23,"Renewal of licence.–An application for renewal of a licence shall be– (a) in such form; (b) accompanied by such fees, not exceeding five thousand rupe","Renewal of licence.–An application for renewal of a licence shall be– (a) in such form; (b) accompanied by such fees, not exceeding five thousand rupees, as may be prescribed by the Central Government and shall be made not less than forty -five days before the date of expiry of the period of validity of the licence.",India,To be verified,,https://www.indiacode.nic.in/,2026-09-15,Candidate—verify
ITA-24,Information Technology and Cyber Law,"Information Technology Act, 2000",21 of 2000,24,"Procedure for grant or rejection of licence .–The Controller may, on receipt of an application under sub-section (1) of section 21, after considering","Procedure for grant or rejection of licence .–The Controller may, on receipt of an application under sub-section (1) of section 21, after considering the documents accompanying the application and such other factors, as he deems fit, grant the licence or reject the application: Provided that no application shall be rejected under this section unless the applicant has been given a reasonable opportunity of presenting his case.",India,To be verified,,https://www.indiacode.nic.in/,2026-09-15,Candidate—verify
ITA-25,Information Technology and Cyber Law,"Information Technology Act, 2000",21 of 2000,25,"Suspension of licence.– (1) The Controller may, if he is satisfied after making such inquiry, as he may think fit, that a Certifying Authority has– (a) made a statement in, or in relation to, the application for the issue or renewal of the licence, which is incorrect or false in material particulars; (b) failed to comply with the terms and conditions subject to which the licence was granted; 2[(c) failed to maintain the procedures and standards specified in section 30;] (d) contravened any provisions of this Act, rule, regulation or order made thereunder, revoke the licence: Provided that no licence shall be revoked unless the Certifying Authority has been given a reasonable opportunity of showing cause against the proposed revocation.","Suspension of licence.– (1) The Controller may, if he is satisfied after making such inquiry, as he may think fit, that a Certifying Authority has– (a) made a statement in, or in relation to, the application for the issue or renewal of the licence, which is incorrect or false in material particulars; (b) failed to comply with the terms and conditions subject to which the licence was granted; 2[(c) failed to maintain the procedures and standards specified in section 30;] (d) contravened any provisions of this Act, rule, regulation or order made thereunder, revoke the licence: Provided that no licence shall be revoked unless the Certifying Authority has been given a reasonable opportunity of showing cause against the proposed revocation. (2) The Controller may, if he has reasonable cause to believe that there is any ground for revoking a licence under sub -section ( 1), by order suspend such licence pending the completion of any enquiry ordered by him:",India,To be verified,,https://www.indiacode.nic.in/,2026-09-15,Candidate—verify
ITA-26,Information Technology and Cyber Law,"Information Technology Act, 2000",21 of 2000,26,"Notice of suspension or revocation of licence.–(1) Where the licence of the Certifying Authority is suspended or revoked, the Controller shall publish notice of such suspension or revocation, as the case may be, in the data base maintained by him.","Notice of suspension or revocation of licence.–(1) Where the licence of the Certifying Authority is suspended or revoked, the Controller shall publish notice of such suspension or revocation, as the case may be, in the data base maintained by him. (2) Where one or more repositories are specified, the Controller shall publish notices of such suspension or revocation, as the case may be, in all such repositories: Provided that the data base containing the notice of such suspension or revocation, as the case may be, shall be made available through a web site which shall be accessible round the clock: Provided further that the Controller may, if he considers necessary, publicise the contents of data base in such electronic or other media, as he may consider appropriate.",India,To be verified,,https://www.indiacode.nic.in/,2026-09-15,Candidate—verify
ITA-27,Information Technology and Cyber Law,"Information Technology Act, 2000",21 of 2000,27,"Power to delegate .–The Controller may, in writing, authorise the Deputy Controller, Assistant Controller or any officer to exercise any of the powers","Power to delegate .–The Controller may, in writing, authorise the Deputy Controller, Assistant Controller or any officer to exercise any of the powers of the Controller under this Chapter.",India,To be verified,,https://www.indiacode.nic.in/,2026-09-15,Candidate—verify
ITA-28,Information Technology and Cyber Law,"Information Technology Act, 2000",21 of 2000,28,"Power to investigate contraventions.–(1) The Controller or any officer authorised by him in this behalf shall take up for investigation any contravention of the provisions of this Act, rules or regulations made thereunder.","Power to investigate contraventions.–(1) The Controller or any officer authorised by him in this behalf shall take up for investigation any contravention of the provisions of this Act, rules or regulations made thereunder. (2) The Controller or any officer authorised by him in this behalf shall exercise the like powers which are conferred on Income-tax authorities under Chapter XIII of the Income-tax Act, 1961 (43 of 1961), and shall exercise such powers, subject to such limitations laid down under that Act.",India,To be verified,,https://www.indiacode.nic.in/,2026-09-15,Candidate—verify
ITA-29,Information Technology and Cyber Law,"Information Technology Act, 2000",21 of 2000,29,"Access to computers and data .–(1) Without prejudice to the provisions of sub -section ( 1) of section 69, the Controller or any person authorised by him shall, if he has reasonable cause to suspect that 2[any contravention of the provisions of this Chapter] has been committed, have access to any computer system, any apparatus, data or any other material connected with such system, for the purpose of searching or causing a search to be made for obtaining any information or data contained in or available to such computer system.","Access to computers and data .–(1) Without prejudice to the provisions of sub -section ( 1) of section 69, the Controller or any person authorised by him shall, if he has reasonable cause to suspect that 2[any contravention of the provisions of this Chapter] has been committed, have access to any computer system, any apparatus, data or any other material connected with such system, for the purpose of searching or causing a search to be made for obtaining any information or data contained in or available to such computer system. (2) For the purposes of sub-section (1), the Controller or any person authorised by him may, by order, direct any person in charge of, or otherwise concerned with the operation of, the computer system, data apparatus or material, to provide him with such reasonable technical and other assistance as he may consider necessary.",India,To be verified,,https://www.indiacode.nic.in/,2026-09-15,Candidate—verify
ITA-30,Information Technology and Cyber Law,"Information Technology Act, 2000",21 of 2000,30,"Certifying Authority to follow certain procedures.–Every Certifying Authority shall,– (a) make use of hardware, software and procedures that are secur","Certifying Authority to follow certain procedures.–Every Certifying Authority shall,– (a) make use of hardware, software and procedures that are secure from intrusion and misuse; (b) provide a reasonable level of reliability in its services which are reasonably suited to the performance of intended functions; (c) adhere to security procedures to ensure that the secrecy and privacy of the 1[electronic signatures] are assured; 3*** 4[(ca) be the repository of all electronic signature Certificates issued under this Act; (cb) publish information regarding its practices, electronic signature Certificates and current status of such certificates; and ] (d) observe such other standards as may be specified by regulations.",India,To be verified,,https://www.indiacode.nic.in/,2026-09-15,Candidate—verify
ITA-31,Information Technology and Cyber Law,"Information Technology Act, 2000",21 of 2000,31,"Certifying Authority to ensure compliance of the Act, etc .–Every Certifying Authority shall ensure that every person employed or otherwise engaged by","Certifying Authority to ensure compliance of the Act, etc .–Every Certifying Authority shall ensure that every person employed or otherwise engaged by it complies, in the course of his employment or engagement, with the provisions of this Act, rules, regulations and orders made thereunder.",India,To be verified,,https://www.indiacode.nic.in/,2026-09-15,Candidate—verify
ITA-32,Information Technology and Cyber Law,"Information Technology Act, 2000",21 of 2000,32,Display of licence.–Every Certifying Authority shall display its licence at a conspicuous place of the premises in which it carries on its business.,Display of licence.–Every Certifying Authority shall display its licence at a conspicuous place of the premises in which it carries on its business.,India,To be verified,,https://www.indiacode.nic.in/,2026-09-15,Candidate—verify
ITA-33,Information Technology and Cyber Law,"Information Technology Act, 2000",21 of 2000,33,"Surrender of licence .–(1) Every Certifying Authority whose licence is suspended or revoked shall immediately after such suspension or revocation, surrender the licence to the Controller.","Surrender of licence .–(1) Every Certifying Authority whose licence is suspended or revoked shall immediately after such suspension or revocation, surrender the licence to the Controller. (2) Where any Certifying Authority fails to surrender a licence under sub -section (1), the person in whose favour a licence is issued, shall be guilty of an offence and shall be 1[liable to penalty which may extend to five lakh rupees].",India,To be verified,,https://www.indiacode.nic.in/,2026-09-15,Candidate—verify
ITA-34,Information Technology and Cyber Law,"Information Technology Act, 2000",21 of 2000,34,"Disclosure.–(1) Every Certifying Authority shall disclose in the manner specified by regulations– (a) its 2[electronic signature] Certificate 3***; (b) any certification practice statement relevant thereto; (c) notice of the revocation or suspension of its Certifying Authority certificate, if any; and (d) any other fact that materially and adversely affects either the reliability of a 2[electronic signature] Certificate, which that Authority has issued, or the Authority's ability to perform its services.","Disclosure.–(1) Every Certifying Authority shall disclose in the manner specified by regulations– (a) its 2[electronic signature] Certificate 3***; (b) any certification practice statement relevant thereto; (c) notice of the revocation or suspension of its Certifying Authority certificate, if any; and (d) any other fact that materially and adversely affects either the reliability of a 2[electronic signature] Certificate, which that Authority has issued, or the Authority's ability to perform its services. (2) Where in the opinion of the Certifying Authority any event has occurred or any situation has arisen which may materially and adversely affect the integrity of its computer system or the conditions subject to which a 2[electronic signature] Certificate was granted, then, the Certifying Authority shall– (a) use reasonable efforts to notify any person who is likely to be affected by that occurrence; or (b) act in accordance with the procedure specified in its certification practice statement to deal with such event or situation. CHAPTERVII 2[ELECTRONIC SIGNATURE] CERTIFICATES",India,To be verified,,https://www.indiacode.nic.in/,2026-09-15,Candidate—verify
ITA-35,Information Technology and Cyber Law,"Information Technology Act, 2000",21 of 2000,35,Certifying authority to issue 2[electronic signature] Certificate.–(1) Any person may make an application to the Certifying Authority for the issue of a 2[electronic signature] Certificate in such form as may be prescribed by the Central Government.,"Certifying authority to issue 2[electronic signature] Certificate.–(1) Any person may make an application to the Certifying Authority for the issue of a 2[electronic signature] Certificate in such form as may be prescribed by the Central Government. (2) Every such application shall be accompanied by such fee not exceeding twenty -five thousand rupees as may be prescribed by the Central Government, to be paid to the Certifying Authority: Provided that while prescribing fees under sub -section ( 2) different fees may be prescribed for different classes of applicants. (3) Every such application shall be accompanied by a certification practice statement or where there is no such statement, a statement containing such particulars, as may be specified by regulations. (4) On receipt of an application under sub -section ( 1), the Certifying Authority may, after consideration of the certification practice statement or the other statement under sub -section (3) and after making such enquiries as it may deem fit, grant the 2[electronic signature] Certificate or for reasons to be recorded in writing, reject the application: 4* * * * * 5[Provided] that no application shall be rejected unless the applicant has been given a reasonable opportunity of showing cause against the proposed rejection.",India,To be verified,,https://www.indiacode.nic.in/,2026-09-15,Candidate—verify
ITA-36,Information Technology and Cyber Law,"Information Technology Act, 2000",21 of 2000,36,Representations upon issuance of Digital Signature Certificate .–A Certifying Authority while issuing a Digital Signature Certificate shall certify th,Representations upon issuance of Digital Signature Certificate .–A Certifying Authority while issuing a Digital Signature Certificate shall certify that– (a) it has complied with the provisions of this Act and the rules and regulations made thereunder; (b) it has published the Digital Signature Certificate or otherwise made it available to such person relying on it and the subscriber has accepted it;,India,To be verified,,https://www.indiacode.nic.in/,2026-09-15,Candidate—verify
ITA-37,Information Technology and Cyber Law,"Information Technology Act, 2000",21 of 2000,37,"Suspension of Digital Signature Certificate.–(1) Subject to the provisions of sub-section (2), the Certifying Authority which has issued a Digital Signature Certificate may suspend such Digital Signature Certificate,– (a) on receipt of a request to that effect from– (i) the subscriber listed in the Digital Signature Certificate; or (ii) any person duly authorised to act on behalf of that subscriber; (b) if it is of opinion that the Digital Signature Certificate should be suspended in public interest.","Suspension of Digital Signature Certificate.–(1) Subject to the provisions of sub-section (2), the Certifying Authority which has issued a Digital Signature Certificate may suspend such Digital Signature Certificate,– (a) on receipt of a request to that effect from– (i) the subscriber listed in the Digital Signature Certificate; or (ii) any person duly authorised to act on behalf of that subscriber; (b) if it is of opinion that the Digital Signature Certificate should be suspended in public interest. (2) A Digital Signature Certificate shall not be suspended for a period exceeding fifteen days unless the subscriber has been given an opportunity of being heard in the matter. (3) On suspension of a Digital Signature Certificate under this section, the Certifying Authority shall communicate the same to the subscriber.",India,To be verified,,https://www.indiacode.nic.in/,2026-09-15,Candidate—verify
ITA-38,Information Technology and Cyber Law,"Information Technology Act, 2000",21 of 2000,38,Revocation of Digital Signature Certificate .–(1) A Certifying Authority may revoke a Digital Signature Certificate issued by it– (a) where the subscriber or any other person authorised by him makes a request to that effect; or (b) upon the death of the subscriber; or (c) upon the dissolution of the firm or winding up of the company where the subscriber is a firm or a company.,"Revocation of Digital Signature Certificate .–(1) A Certifying Authority may revoke a Digital Signature Certificate issued by it– (a) where the subscriber or any other person authorised by him makes a request to that effect; or (b) upon the death of the subscriber; or (c) upon the dissolution of the firm or winding up of the company where the subscriber is a firm or a company. (2) Subject to the provisions of sub -section ( 3) and without prejudice to the provisions of sub-section (1), a Certifying Authority may revoke a Digital Signature Certificate which has been issued by it at any time, if it is of opinion that– (a) a material fact represented in the Digital Signature Certificate is false or has been concealed; (b) a requirement for issuance of the Digital Signature Certificate was not satisfied; (c) the Certifying Authority's private key or security system was compromised in a manner materially affecting the Digital Signature Certificate's reliability; (d) the subscriber has been declared insolvent or dead or where a subscriber is a firm or a company, which has been dissolved, wound-up or otherwise ceased to exist. (3) A Digital Signature Certificate shall not be revoked unless the subscriber has been given an opportunity of being heard in the matter. (4) On revocation of a Digital Signature Certificate under this section, the Certifying Authority shall communicate the same to the subscriber.",India,To be verified,,https://www.indiacode.nic.in/,2026-09-15,Candidate—verify
ITA-39,Information Technology and Cyber Law,"Information Technology Act, 2000",21 of 2000,39,"Notice of suspension or revocation .–(1) Where a Digital Signature Certificate is suspended or revoked under section 37 or section 38, the Certifying","Notice of suspension or revocation .–(1) Where a Digital Signature Certificate is suspended or revoked under section 37 or section 38, the Certifying Authority shall publish a notice of such suspension or revocation, as the case may be, in the repository specified in the Digital Signature Certificate for publication of such notice.",India,To be verified,,https://www.indiacode.nic.in/,2026-09-15,Candidate—verify
ITA-40,Information Technology and Cyber Law,"Information Technology Act, 2000",21 of 2000,40,"Generating key pair .–Where any Digital Signature Certificate the public key of which corresponds to the private key of that subscriber which is to be listed in the Digital Signature Certificate has been accepted by a subscriber, 1*** the subscriber shall generate 2[that key] pair by applying the security procedure.","Generating key pair .–Where any Digital Signature Certificate the public key of which corresponds to the private key of that subscriber which is to be listed in the Digital Signature Certificate has been accepted by a subscriber, 1*** the subscriber shall generate 2[that key] pair by applying the security procedure. 3[",India,To be verified,,https://www.indiacode.nic.in/,2026-09-15,Candidate—verify
ITA-40A,Information Technology and Cyber Law,"Information Technology Act, 2000",21 of 2000,40A,Duties of subscriber of Electronic Signature Certificate.–In respect of Electronic Signature Certificate the subscriber shall perform such duties as m,Duties of subscriber of Electronic Signature Certificate.–In respect of Electronic Signature Certificate the subscriber shall perform such duties as may be prescribed.],India,To be verified,,https://www.indiacode.nic.in/,2026-09-15,Candidate—verify
ITA-41,Information Technology and Cyber Law,"Information Technology Act, 2000",21 of 2000,41,Acceptance of Digital Signature Certificate.–(1) A subscriber shall be deemed to have accepted a Digital Signature Certificate if he publishes or authorises the publication of a Digital Signature Certificate– (a) to one or more persons; (b) in a repository; or otherwise demonstrates his approval of the Digital Signature Certificate in any manner.,Acceptance of Digital Signature Certificate.–(1) A subscriber shall be deemed to have accepted a Digital Signature Certificate if he publishes or authorises the publication of a Digital Signature Certificate– (a) to one or more persons; (b) in a repository; or otherwise demonstrates his approval of the Digital Signature Certificate in any manner. (2) By accepting a Digital Signature Certificate the subscriber certifies to all who reasonably rely on the information contained in the Digital Signature Certificate that– (a) the subscriber holds the private key corresponding to the public key listed in the Digital Signature Certificate and is entitled to hold the same; (b) all representations made by the subscriber to the Certifying Authority and all material relevant to the information contained in the Digital Signature Certificate are true; (c) all information in the Digital Signature Certificate that is within the knowl edge of the subscriber is true.,India,To be verified,,https://www.indiacode.nic.in/,2026-09-15,Candidate—verify
ITA-42,Information Technology and Cyber Law,"Information Technology Act, 2000",21 of 2000,42,Control of private key .–(1) Every subscriber shall exercise reasonable care to retain control of the private key corresponding to the public key listed in his Digital Signature Certificate and take all steps to prevent its disclosure 4***.,"Control of private key .–(1) Every subscriber shall exercise reasonable care to retain control of the private key corresponding to the public key listed in his Digital Signature Certificate and take all steps to prevent its disclosure 4***. (2) If the private key corresponding to the public key listed in the Digital Signature Certificate has been compromised, then, the subscriber shall communicate the same without any delay to the Certifying Authority in such manner as may be specified by the regulations. Explanation.–For the removal of doubts, it is hereby declared that the subscriber shall be liable till he has informed the Certifying Authority that the private key has been compromised. CHAPTER IX 5[PENALTIES, COMPENSATION AND ADJUDICATION]",India,To be verified,,https://www.indiacode.nic.in/,2026-09-15,Candidate—verify
ITA-43,Information Technology and Cyber Law,"Information Technology Act, 2000",21 of 2000,43,"6[Penalty and compensation ] for damage to computer, computer system, etc .–If any person without permission of the owner or any ot her person who is","6[Penalty and compensation ] for damage to computer, computer system, etc .–If any person without permission of the owner or any ot her person who is in charge of a computer, computer system or computer network,– (a) accesses or secures access to such computer, computer system or computer network 7[or computer resource];",India,To be verified,,https://www.indiacode.nic.in/,2026-09-15,Candidate—verify
ITA-43A,Information Technology and Cyber Law,"Information Technology Act, 2000",21 of 2000,43A,"Compensation for failure to protect data .–Where a body corporate, possessing, dealing or handling any sensitive personal data or information in a com","Compensation for failure to protect data .–Where a body corporate, possessing, dealing or handling any sensitive personal data or information in a computer resource which it owns, controls or operates, is negligent in implementing and maintaining reasonable security practices and procedures and thereby causes wrongful loss or wrongful gain to any person, such body corporate shall be liable to pay damages by way of compensation to the person so affected.",India,To be verified,,https://www.indiacode.nic.in/,2026-09-15,Candidate—verify
ITA-44,Information Technology and Cyber Law,"Information Technology Act, 2000",21 of 2000,44,"Penalty for failure to furnish information, return, etc.–If any person who is required under this Act or any rules or regulations made thereunder to–","Penalty for failure to furnish information, return, etc.–If any person who is required under this Act or any rules or regulations made thereunder to– (a) furnish any document, return or report to the Controller or the Certifying Authority fails to furnish the same, he shall be liable to a penalty not exceeding 1[fifteen lakh] rupees for each such failure; (b) file any return or furnish any information, books or other documents within the time specified therefor in the regulations fails to file return or furnish the same within the time specified therefor in the regulations, he shall be liable to a penalty not exceeding 2[fifty thousand] rupees for every day during which such failure continues; (c) maintain books of account or records, fails to maintain the same, he shall be liable to a penalty not exceeding 3[one lakh] rupees for every day during which the failure continues.",India,To be verified,,https://www.indiacode.nic.in/,2026-09-15,Candidate—verify
ITA-45,Information Technology and Cyber Law,"Information Technology Act, 2000",21 of 2000,45,"Residuary penalty .–Whoever contravenes any 4[rules, regulations, directions or orders ] made under this Act, for the contravention of which no penalt","Residuary penalty .–Whoever contravenes any 4[rules, regulations, directions or orders ] made under this Act, for the contravention of which no penalty has been separately provided, shall be liable to pay a 5[penalty not exceeding one lakh rupees, in addition to compensation to the person affected by such contravention not exceeding— (a) ten lakh rupees, by an intermediary, company or body corporate; or (b) one lakh rupees, by any other person.]",India,To be verified,,https://www.indiacode.nic.in/,2026-09-15,Candidate—verify
ITA-46,Information Technology and Cyber Law,"Information Technology Act, 2000",21 of 2000,46,"Power to adjudicate.–(1) For the purpose of adjudging 6[under this Act] whether any person has committed a contravention of any of the provisions of this Act or of any rule, regulation, 7[direction or order made thereunder which renders him liable to pay penalty or compensation,] the Central Government shall, subject to the provisions of sub -section (3), appoint any officer not below the rank of a Director to the Government of India or an equivalent officer of a Stat e Government to be an adjudicating officer for holding an inquiry in the manner prescribed by the Central Government.","Power to adjudicate.–(1) For the purpose of adjudging 6[under this Act] whether any person has committed a contravention of any of the provisions of this Act or of any rule, regulation, 7[direction or order made thereunder which renders him liable to pay penalty or compensation,] the Central Government shall, subject to the provisions of sub -section (3), appoint any officer not below the rank of a Director to the Government of India or an equivalent officer of a Stat e Government to be an adjudicating officer for holding an inquiry in the manner prescribed by the Central Government. 8[(1A) The adjudicating officer appointed under sub -section ( 1) shall exercise jurisdiction to adjudicate matters in which the claim for 9*** damage does not exceed rupees five crore: Provided that the jurisdiction in respect of the claim for 9*** damage exceeding rupees five crores shall vest with the competent court.] (2) The adjudicating officer shall, after giving the person referred to in sub -section (1) a reasonable opportunity for making representation in the matter and if, on such inquiry, he is satisfied that the person",India,To be verified,,https://www.indiacode.nic.in/,2026-09-15,Candidate—verify
ITA-47,Information Technology and Cyber Law,"Information Technology Act, 2000",21 of 2000,47,"Factors to be taken into account by the adjudicating officer .–While adjudging the quantum of compensation under this Chapter, the adjudicating officer shall have due regard to the following factors, namely:– (a) the amount of gain of unfair advantage, wherever quantifiable, made as a result of the default; (b) the amount of loss caused to any person as a result of the default; (c) the repetitive nature of the default.","Factors to be taken into account by the adjudicating officer .–While adjudging the quantum of compensation under this Chapter, the adjudicating officer shall have due regard to the following factors, namely:– (a) the amount of gain of unfair advantage, wherever quantifiable, made as a result of the default; (b) the amount of loss caused to any person as a result of the default; (c) the repetitive nature of the default. CHAPTER X 3[APPELLATE TRIBUNAL]",India,To be verified,,https://www.indiacode.nic.in/,2026-09-15,Candidate—verify
ITA-48,Information Technology and Cyber Law,"Information Technology Act, 2000",21 of 2000,48,Establishment of 1[Appellate Tribunal].–4[(1) The Telecom Disputes Settlement and Appellate Tribunal established under section 14 of the Telecom Regul,"Establishment of 1[Appellate Tribunal].–4[(1) The Telecom Disputes Settlement and Appellate Tribunal established under section 14 of the Telecom Regulatory Authority of India Act, 1997 shall, on and from the commencement of Part XIV of Chapter VI of the Finance Act, 2017, be the Appellate Tribunal for the purposes of this Act and the said Appellate Tribunal shall exercise the jurisdiction, powers and authority conferred on it by or under this Act.] (2) The Central Government 5[shall specify, by notification ] the matters and places in relation to which the 1[Appellate Tribunal] may exercise jurisdiction.",India,To be verified,,https://www.indiacode.nic.in/,2026-09-15,Candidate—verify
ITA-49,Information Technology and Cyber Law,"Information Technology Act, 2000",21 of 2000,49,"[Composition of Cyber Appellate Tribunal .]—Omitted by the Finance Act, 2017 (7 of 2017), s.","[Composition of Cyber Appellate Tribunal .]—Omitted by the Finance Act, 2017 (7 of 2017), s. 169 (w.e.f. 26-5-2017).",India,To be verified,,https://www.indiacode.nic.in/,2026-09-15,Candidate—verify
ITA-50,Information Technology and Cyber Law,"Information Technology Act, 2000",21 of 2000,50,[Qualifications for appointment as Chairperson and Members of Cyber Appellate Tribunal.]—Omitted by s.,"[Qualifications for appointment as Chairperson and Members of Cyber Appellate Tribunal.]—Omitted by s. 169, ibid. (w.e.f. 26-5-2017).",India,To be verified,,https://www.indiacode.nic.in/,2026-09-15,Candidate—verify
ITA-51,Information Technology and Cyber Law,"Information Technology Act, 2000",21 of 2000,51,"[Term of office, conditions of service, etc., of Chairperson and Members .]—Omitted by s.","[Term of office, conditions of service, etc., of Chairperson and Members .]—Omitted by s. 169, ibid. (w.e.f. 26-5-2017).",India,To be verified,,https://www.indiacode.nic.in/,2026-09-15,Candidate—verify
ITA-52,Information Technology and Cyber Law,"Information Technology Act, 2000",21 of 2000,52,"[Salary, allowances and other terms and conditions of service of Chairperson and Members.]—Omitted by s.","[Salary, allowances and other terms and conditions of service of Chairperson and Members.]—Omitted by s. 169, ibid. (w.e.f. 26-5-2017).",India,To be verified,,https://www.indiacode.nic.in/,2026-09-15,Candidate—verify
ITA-52A,Information Technology and Cyber Law,"Information Technology Act, 2000",21 of 2000,52A,"[Powers of superintendence, direction, etc.]—Omitted by s.","[Powers of superintendence, direction, etc.]—Omitted by s. 169, ibid. (w.e.f. 26-5-2017).",India,To be verified,,https://www.indiacode.nic.in/,2026-09-15,Candidate—verify
ITA-52B,Information Technology and Cyber Law,"Information Technology Act, 2000",21 of 2000,52B,[Distribution of business among Benches.]—Omitted by s.,"[Distribution of business among Benches.]—Omitted by s. 169, ibid. (w.e.f. 26-5-2017).",India,To be verified,,https://www.indiacode.nic.in/,2026-09-15,Candidate—verify
ITA-52C,Information Technology and Cyber Law,"Information Technology Act, 2000",21 of 2000,52C,[Power of Chairperson to transfer cases.]—Omitted by s.,"[Power of Chairperson to transfer cases.]—Omitted by s. 169, ibid. (w.e.f. 26-5-2017).",India,To be verified,,https://www.indiacode.nic.in/,2026-09-15,Candidate—verify
ITA-52D,Information Technology and Cyber Law,"Information Technology Act, 2000",21 of 2000,52D,"Decision by majority.–If the Members of a Bench consisting of two Members differ in opinion on any point, they shall state the point or points on whic","Decision by majority.–If the Members of a Bench consisting of two Members differ in opinion on any point, they shall state the point or points on which they differ, and make a reference to the Chairperson of the 1[Appellate Tribunal] who shall hear the point or points himself and such point or",India,To be verified,,https://www.indiacode.nic.in/,2026-09-15,Candidate—verify
ITA-53,Information Technology and Cyber Law,"Information Technology Act, 2000",21 of 2000,53,"[Filling up of vacancies .]—Omitted by the Finance Act, 2017 (7 of 2017), s.","[Filling up of vacancies .]—Omitted by the Finance Act, 2017 (7 of 2017), s. 169 ( w.e.f. 26-5- 2017).",India,To be verified,,https://www.indiacode.nic.in/,2026-09-15,Candidate—verify
ITA-54,Information Technology and Cyber Law,"Information Technology Act, 2000",21 of 2000,54,[Resignation and removal.]—Omitted by s.,"[Resignation and removal.]—Omitted by s. 169, ibid. (w.e.f. 26-5-2017).",India,To be verified,,https://www.indiacode.nic.in/,2026-09-15,Candidate—verify
ITA-55,Information Technology and Cyber Law,"Information Technology Act, 2000",21 of 2000,55,Orders constituting Appellate Tribunal to be final and not to invalidate its proceedings.–No order of the Central Government appointing any person as,Orders constituting Appellate Tribunal to be final and not to invalidate its proceedings.–No order of the Central Government appointing any person as the 1[Chairperson or the Member] of a 2[Appellate Tribunal ] shall be called in question in any manner and no act or proceeding before a 2[Appellate Tribunal] shall be called in question in any manner on the ground merely of any defect in the constitution of a 2[Appellate Tribunal].,India,To be verified,,https://www.indiacode.nic.in/,2026-09-15,Candidate—verify
ITA-56,Information Technology and Cyber Law,"Information Technology Act, 2000",21 of 2000,56,"[Staff of the Cyber Appellate Tribunal.]—Omitted by the Finance Act, 2017 (7 of 2017), s.","[Staff of the Cyber Appellate Tribunal.]—Omitted by the Finance Act, 2017 (7 of 2017), s. 169 (w.e.f. 26-5-2017).",India,To be verified,,https://www.indiacode.nic.in/,2026-09-15,Candidate—verify
ITA-57,Information Technology and Cyber Law,"Information Technology Act, 2000",21 of 2000,57,"Appeal to 2[Appellate Tribunal].–(1) Save as provided in sub -section (2), any person aggrieved by an order made by controller or an adjudicating officer under this Act may prefer an appeal to a 2[Appellate Tribunal] having jurisdiction in the matter.","Appeal to 2[Appellate Tribunal].–(1) Save as provided in sub -section (2), any person aggrieved by an order made by controller or an adjudicating officer under this Act may prefer an appeal to a 2[Appellate Tribunal] having jurisdiction in the matter. (2) No appeal shall lie to the 2[Appellate Tribunal] from an order made by an adjudicating officer with the consent of the parties. (3) Every appeal under sub -section (1) shall be filed within a period of forty -five days from the date on which a copy of the order made by the Controller or the adjudicating officer is received by the person aggrieved and it shall be in such form and be accompanied by such fee as may be prescribed: Provided that the 2[Appellate Tribunal] may entertain an appeal after the expiry of the said period of forty-five days if it is satisfied that there was sufficient cause for not filing it within that period. (4) On receipt of an appeal under sub -section ( 1), the 2[Appellate Tribunal] may, after giving the parties to the appeal, an opportunity of being heard, pass such orders thereon as it thinks fit, confirming, modifying or setting aside the order appealed against. (5) The 2[Appellate Tribunal] shall send a copy of every order made by it to the parties to the appeal and to the concerned Controller or adjudicating officer. (6) The appeal filed before the 2[Appellate Tribunal] under sub-section (1) shall be dealt with by it as expeditiously as possible and endeavour shall be made by it to dispose of the appeal finally within six months from the date of receipt of the appeal.",India,To be verified,,https://www.indiacode.nic.in/,2026-09-15,Candidate—verify
ITA-58,Information Technology and Cyber Law,"Information Technology Act, 2000",21 of 2000,58,"Procedure and powers of the 2[Appellate Tribunal].–(1) The 2[Appellate Tribunal] shall not be bound by the procedure laid down by the Code of Civil Procedure, 1908 (5 of 1908) but shall be guided by the principles of natural justice and, subject to the other provisions of this Act and of any rules, the 2[Appellate Tribunal] shall have powers to regulate its own procedure including the place at which it shall have its sittings.","Procedure and powers of the 2[Appellate Tribunal].–(1) The 2[Appellate Tribunal] shall not be bound by the procedure laid down by the Code of Civil Procedure, 1908 (5 of 1908) but shall be guided by the principles of natural justice and, subject to the other provisions of this Act and of any rules, the 2[Appellate Tribunal] shall have powers to regulate its own procedure including the place at which it shall have its sittings. (2) The 2[Appellate Tribunal] shall have, for the purposes of discharging its functions under this Act, the same powers as are vested in a civil court under the Code of Civil Procedure, 1908 (5 of 1908), while trying a suit, in respect of the following matters, namely:– (a) summoning and enforcing the attendance of any person and examining him on oath; (b) requiring the discovery and production of documents or other electronic records; (c) receiving evidence on affidavits; (d) issuing commissions for the examination of witnesses or documents; (e) reviewing its decisions; (f) dismissing an application for default or deciding it ex parte; (g) any other matter which may be prescribed.",India,To be verified,,https://www.indiacode.nic.in/,2026-09-15,Candidate—verify
ITA-59,Information Technology and Cyber Law,"Information Technology Act, 2000",21 of 2000,59,Right to legal representation .–The appellant may either appear in person or authorise one or more legal practitioners or any of its officers to prese,Right to legal representation .–The appellant may either appear in person or authorise one or more legal practitioners or any of its officers to present his or its case before the 1[Appellate Tribunal].,India,To be verified,,https://www.indiacode.nic.in/,2026-09-15,Candidate—verify
ITA-60,Information Technology and Cyber Law,"Information Technology Act, 2000",21 of 2000,60,"Limitation.–The provisions of the Limitation Act, 1963 (36 of 1963), shall, as far as may be, apply to an appeal made to the 1[Appellate Tribunal].","Limitation.–The provisions of the Limitation Act, 1963 (36 of 1963), shall, as far as may be, apply to an appeal made to the 1[Appellate Tribunal].",India,To be verified,,https://www.indiacode.nic.in/,2026-09-15,Candidate—verify
ITA-61,Information Technology and Cyber Law,"Information Technology Act, 2000",21 of 2000,61,Civil court not to have jurisdiction .–No court shall have jurisdiction to entertain any suit or proceeding in respect of any matter which an adjudica,Civil court not to have jurisdiction .–No court shall have jurisdiction to entertain any suit or proceeding in respect of any matter which an adjudicating officer appointed under this Act or the 1[Appellate Tribunal] constituted under this Act is empowered by or under this Act to determine and no injunction shall be granted by any court or other authority in respect of any action taken or to be taken in pursuance of any power conferred by or under this Act.,India,To be verified,,https://www.indiacode.nic.in/,2026-09-15,Candidate—verify
ITA-62,Information Technology and Cyber Law,"Information Technology Act, 2000",21 of 2000,62,Appeal to High Court .–Any person aggrieved by any decision or order of the 1[Appellate Tribunal] may file an appeal to the High Court within sixty da,"Appeal to High Court .–Any person aggrieved by any decision or order of the 1[Appellate Tribunal] may file an appeal to the High Court within sixty days from the date of communication of the decision or order of the 1[Appellate Tribunal] to him on any question of fact or law arising out of such order: Provided that the High Court may, if it is satisfied that the appellant was prevented by sufficient cause from filing the appeal within the said period, allow it to be filed within a further period not exceeding sixty days.",India,To be verified,,https://www.indiacode.nic.in/,2026-09-15,Candidate—verify
ITA-63,Information Technology and Cyber Law,"Information Technology Act, 2000",21 of 2000,63,"Compounding of contraventions.–(1) Any contravention under this 2[Act] may, either before or after the institution of adjudication proceedings, be compounded by the Controller or such other officer as may be specially authorised by him in this behalf or by the adjudicating officer, as the case may be, subject to such conditions as the Controller or such other officer or the adjudicating officer may specify: Provided that such sum shall not, in any case, exceed the maximum amount of the penalty which may be imposed under this Act for the contravention so compounded.","Compounding of contraventions.–(1) Any contravention under this 2[Act] may, either before or after the institution of adjudication proceedings, be compounded by the Controller or such other officer as may be specially authorised by him in this behalf or by the adjudicating officer, as the case may be, subject to such conditions as the Controller or such other officer or the adjudicating officer may specify: Provided that such sum shall not, in any case, exceed the maximum amount of the penalty which may be imposed under this Act for the contravention so compounded. (2) Nothing in sub-section (1) shall apply to a person who commits the same or similar contravention within a period of three years from the date on which the first contravention, committed by him, was compounded. Explanation.–For the purposes of this sub -section, any second or subsequent contravention committed after the expiry of a period of three years from the date on which the contravention was previously compounded shall be deemed to be a first contravention. (3) Where any contravention has been compounded under sub -section (1), no proceeding or further proceeding, as the case may be, shall be taken against the person guilty of such contravention in respect of the contravention so compounded.",India,To be verified,,https://www.indiacode.nic.in/,2026-09-15,Candidate—verify
ITA-64,Information Technology and Cyber Law,"Information Technology Act, 2000",21 of 2000,64,"Recovery of 3[penalty or compensation].–A 4[penalty imposed or compensation awarded] under this Act, if it is not paid, shall he recovered as an arrear of land revenue and the licence or the 5[electronic signature] Certificate, as the case may be, shall be suspended till the penalty is paid.","Recovery of 3[penalty or compensation].–A 4[penalty imposed or compensation awarded] under this Act, if it is not paid, shall he recovered as an arrear of land revenue and the licence or the 5[electronic signature] Certificate, as the case may be, shall be suspended till the penalty is paid. CHAPTER XI OFFENCES",India,To be verified,,https://www.indiacode.nic.in/,2026-09-15,Candidate—verify
ITA-65,Information Technology and Cyber Law,"Information Technology Act, 2000",21 of 2000,65,"Tampering with computer source documents .–Whoever knowingly or intentionally conceals, destroys or alters or intentionally or knowingly causes anothe","Tampering with computer source documents .–Whoever knowingly or intentionally conceals, destroys or alters or intentionally or knowingly causes another to conceal, destroy, or alter any computer source code used for a computer, computer programme, computer system or computer network, when the computer source code is required to be kept or maintained by law for the time being in force, shall be punishable with imprisonment up to three years, or with fine which may extend up to two lakh rupees, or with both.",India,To be verified,,https://www.indiacode.nic.in/,2026-09-15,Candidate—verify
ITA-66,Information Technology and Cyber Law,"Information Technology Act, 2000",21 of 2000,66,"Computer related offences.–If any person, dishonestly or fraudulently, does any act referred to in section 43, he shall be punishable with imprisonment for a term which may extend to three years or with fine which may extend to five lakh rupees or with both.","Computer related offences.–If any person, dishonestly or fraudulently, does any act referred to in section 43, he shall be punishable with imprisonment for a term which may extend to three years or with fine which may extend to five lakh rupees or with both. Explanation.–For the purposes of this section,– (a) the word “dishonestly” shall have the meaning assigned to it in section 24 of the Indian Penal Code (45 of 1860); (b) the word “fraudulently” shall have the meaning assigned to it in section 25 of the Indian Penal Code (45 of 1860).",India,To be verified,,https://www.indiacode.nic.in/,2026-09-15,Candidate—verify
ITA-66B,Information Technology and Cyber Law,"Information Technology Act, 2000",21 of 2000,66B,Punishment for dishonestly receiving stolen computer resource or communication device.– Whoever dishonestly received or retains any stolen computer re,"Punishment for dishonestly receiving stolen computer resource or communication device.– Whoever dishonestly received or retains any stolen computer resource or communication device knowing or having reason to believe the same to be stolen computer resource or communication device, shall be punished with imprisonment of either description for a term which may extend to three years or with fine which may extend to rupees one lakh or with both.",India,To be verified,,https://www.indiacode.nic.in/,2026-09-15,Candidate—verify
ITA-66C,Information Technology and Cyber Law,"Information Technology Act, 2000",21 of 2000,66C,"Punishment for identity theft .–Whoever, fraudulently or dishonestly make use of the electronic signature, password or any other unique identification","Punishment for identity theft .–Whoever, fraudulently or dishonestly make use of the electronic signature, password or any other unique identification feature of any other person, shall be punished with imprisonment of either description for a term which may extend to three years and shall also be liable to fine which may extend to rupees one lakh.",India,To be verified,,https://www.indiacode.nic.in/,2026-09-15,Candidate—verify
ITA-66D,Information Technology and Cyber Law,"Information Technology Act, 2000",21 of 2000,66D,"Punishment for cheating by personation by using computer resource .–Whoever, by means of any communication device or computer resource cheats by perso","Punishment for cheating by personation by using computer resource .–Whoever, by means of any communication device or computer resource cheats by personating, shall be punished with imprisonment of either description for a term which may extend to three years and shall also be liable to fine which may extend to one lakh rupees.",India,To be verified,,https://www.indiacode.nic.in/,2026-09-15,Candidate—verify
ITA-66E,Information Technology and Cyber Law,"Information Technology Act, 2000",21 of 2000,66E,"Punishment for violation of privacy.–Whoever, intentionally or knowingly captures, publishes or transmits the image of a private area of any person without his or her consent, under circumstances violating the privacy of that person, shall be punished with imprisonment which may extend to three years or with fine not exceeding two lakh rupees, or with both.","Punishment for violation of privacy.–Whoever, intentionally or knowingly captures, publishes or transmits the image of a private area of any person without his or her consent, under circumstances violating the privacy of that person, shall be punished with imprisonment which may extend to three years or with fine not exceeding two lakh rupees, or with both. Explanation.–For the purposes of this section– (a) “transmit” means to electronically send a visual image with the intent that it be viewed by a person or persons; (b) “capture”, with respect to an image, means to videotape, photograph, film or record by any means; (c) “private area” means the naked or undergarment clad genitals, public area, buttocks or female breast: (d) “publishes” means reproduction in the printed or electronic form and making it available for public; (e) “under circumstances violating privacy ” means circumstances in which a person can hav e a reasonable expectation that– (i) he or she could disrobe in privacy, without being concerned that an image of his private area was being captured; or (ii) any part of his or her private area would not be visible to the public, regardless of whether that person is in a public or private place.",India,To be verified,,https://www.indiacode.nic.in/,2026-09-15,Candidate—verify
ITA-66F,Information Technology and Cyber Law,"Information Technology Act, 2000",21 of 2000,66F,"Punishment for cyber terrorism.–(1) Whoever,– (A) with intent to threaten the unity, integrity, security or sovereignty of India or to strike terror in the people or any section of the people by– (i) denying or cause the denial of access to any person authoris ed to access computer resource; or (ii) attempting to penetrate or access a computer resource without authorisation or exceeding authorised access; or (iii) introducing or causing to introduce any computer contaminan t, and by means of such conduct causes or is likely to cause death or injuries to persons or damage to or destruction of property or disrupts or knowing that it is likely to cause damage or disruption of supplies or services essential to the life of the community or adversely affect the critical information infrastructure specified under section 70; or (B) knowingly or intentionally penetrates or accesses a computer resource without authorisation or exceeding authorised access, and by means of such conduct obtains access to information, data or computer data base that is restricted for reasons of the security of the State or foreign relations; or any restricted information, data or computer data base, with reasons to believe that such information, data or computer data base so obtained may be used to cause or likely to cause injury to the interests of the sovereignty and integrity of India, the security of the State, friendly relations with foreign States, public order, decency or morality, or in relation to contempt of court, defamation or incitement to an offence, or to the advantage of any foreign nation, group of individuals or otherwise, commits the offence of cyber terrorism.","Punishment for cyber terrorism.–(1) Whoever,– (A) with intent to threaten the unity, integrity, security or sovereignty of India or to strike terror in the people or any section of the people by– (i) denying or cause the denial of access to any person authoris ed to access computer resource; or (ii) attempting to penetrate or access a computer resource without authorisation or exceeding authorised access; or (iii) introducing or causing to introduce any computer contaminan t, and by means of such conduct causes or is likely to cause death or injuries to persons or damage to or destruction of property or disrupts or knowing that it is likely to cause damage or disruption of supplies or services essential to the life of the community or adversely affect the critical information infrastructure specified under section 70; or (B) knowingly or intentionally penetrates or accesses a computer resource without authorisation or exceeding authorised access, and by means of such conduct obtains access to information, data or computer data base that is restricted for reasons of the security of the State or foreign relations; or any restricted information, data or computer data base, with reasons to believe that such information, data or computer data base so obtained may be used to cause or likely to cause injury to the interests of the sovereignty and integrity of India, the security of the State, friendly relations with foreign States, public order, decency or morality, or in relation to contempt of court, defamation or incitement to an offence, or to the advantage of any foreign nation, group of individuals or otherwise, commits the offence of cyber terrorism. (2) Whoever commits or conspires to commit cyber terrorism shall be punishable with imprisonment which may extend to imprisonment for life.",India,To be verified,,https://www.indiacode.nic.in/,2026-09-15,Candidate—verify
ITA-67,Information Technology and Cyber Law,"Information Technology Act, 2000",21 of 2000,67,Punishment for publishing or transmitting obscene material in electronic form .–Whoever publishes or transmits or causes to be published or transmitte,"Punishment for publishing or transmitting obscene material in electronic form .–Whoever publishes or transmits or causes to be published or transmitted in the electronic form, any material which is lascivious or appeals to the prurient interest or if its effect is such as to tend to deprave and corrupt persons who are likely, having regard to all relevant circumstances, to read, see or hear the matter contained or embodied in it, shall be punished on first conviction with imprisonment of either description for a term which may extend to three years and with fine which may extend to fiv e lakh rupees and in the event of second or subsequent conviction with imprisonment of either description for a term which may extend to five years and also with fine which may extend to ten lakh rupees.",India,To be verified,,https://www.indiacode.nic.in/,2026-09-15,Candidate—verify
ITA-67A,Information Technology and Cyber Law,"Information Technology Act, 2000",21 of 2000,67A,"Punishment for publishing or transmitting of material containing sexually explicit act, etc., in electronic form .–Whoever publishes or transmits or c","Punishment for publishing or transmitting of material containing sexually explicit act, etc., in electronic form .–Whoever publishes or transmits or causes to be published or transmitted in the electronic form any material which contains sexually explicit act or conduct shall be punished on first conviction with imprisonment of either description for a term which may extend to five years and with fine which may extend to ten lakh rupees and in the event of second or subsequent conviction with imprisonment of either description for a term which may extend to seven years and also with fine which may extend to ten lakh rupees.",India,To be verified,,https://www.indiacode.nic.in/,2026-09-15,Candidate—verify
ITA-67B,Information Technology and Cyber Law,"Information Technology Act, 2000",21 of 2000,67B,"Punishment for publishing or transmitting of material depicting children in sexually explicit act, etc., in electronic form.–Whoever,– (a) publishes or transmits or causes to be published or transmitted material in any electronic form which depicts children engaged in sexually explicit act or conduct; or (b) creates text or digital images, collects, seeks, browses, downloads, advertises, promotes, exchanges or distributes material in any electronic form depicting children in obscene or indecent or sexually explicit manner; or (c) cultivates, entices or induces children to online relationship with one or more children for and on sexually explicit act or in a manner that may offend a reasonable adult on the computer resource; or (d) facilitates abusing children online, or 28 (e) records in any electronic form own abuse or that of others pertaining to sexua lly explicit act with children, shall be punished on first conviction with imprisonment of either description for a term which may extend to five years and with fine which may extend to ten lakh rupees and in the event of second or subsequent conviction with imprisonment of either description for a term which may extend to seven years and also with fine which may extend to ten lakh rupees: Provided that provisions of section 67, section 67A and this section does not extend to any book, pamphlet, paper, writing, drawing, painting representation or figure in electronic form– (i) the publication of which is proved to be justified as being for the public good on the ground that such book, pamphlet, paper, writing , drawing, painting representation or figure is the interest of science, literature, art or learning or other objects of general concern; or (ii) which is kept or used for bona fide heritage or religious purposes.","Punishment for publishing or transmitting of material depicting children in sexually explicit act, etc., in electronic form.–Whoever,– (a) publishes or transmits or causes to be published or transmitted material in any electronic form which depicts children engaged in sexually explicit act or conduct; or (b) creates text or digital images, collects, seeks, browses, downloads, advertises, promotes, exchanges or distributes material in any electronic form depicting children in obscene or indecent or sexually explicit manner; or (c) cultivates, entices or induces children to online relationship with one or more children for and on sexually explicit act or in a manner that may offend a reasonable adult on the computer resource; or (d) facilitates abusing children online, or 28 (e) records in any electronic form own abuse or that of others pertaining to sexua lly explicit act with children, shall be punished on first conviction with imprisonment of either description for a term which may extend to five years and with fine which may extend to ten lakh rupees and in the event of second or subsequent conviction with imprisonment of either description for a term which may extend to seven years and also with fine which may extend to ten lakh rupees: Provided that provisions of section 67, section 67A and this section does not extend to any book, pamphlet, paper, writing, drawing, painting representation or figure in electronic form– (i) the publication of which is proved to be justified as being for the public good on the ground that such book, pamphlet, paper, writing , drawing, painting representation or figure is the interest of science, literature, art or learning or other objects of general concern; or (ii) which is kept or used for bona fide heritage or religious purposes. Explanation–For the purposes of this section , “children” means a person who has not completed the age of 18 years.",India,To be verified,,https://www.indiacode.nic.in/,2026-09-15,Candidate—verify
ITA-67C,Information Technology and Cyber Law,"Information Technology Act, 2000",21 of 2000,67C,Preservation and retention of information by intermediaries .–(1) Intermediary shall preserve and retain such information as may be specified for such duration and in such manner and format as the Central Government may prescribe.,Preservation and retention of information by intermediaries .–(1) Intermediary shall preserve and retain such information as may be specified for such duration and in such manner and format as the Central Government may prescribe. (2) any intermediary who intentionally or knowingly contravenes the provisions of sub -section ( 1) shall be 1[liable to penalty which may extend to twenty-five lakh rupees].],India,To be verified,,https://www.indiacode.nic.in/,2026-09-15,Candidate—verify
ITA-68,Information Technology and Cyber Law,"Information Technology Act, 2000",21 of 2000,68,"Power of Controller to give directions .–(1) The Controller may, by order, direct a Certifying Authority or any employee of such Authority to take such measures or cease carrying on such activities as specified in the order if those are necessary to ensure compliance with the provisions of this Act, rules or any regulations made thereunder.","Power of Controller to give directions .–(1) The Controller may, by order, direct a Certifying Authority or any employee of such Authority to take such measures or cease carrying on such activities as specified in the order if those are necessary to ensure compliance with the provisions of this Act, rules or any regulations made thereunder. 2[(2) Any person who intentionally or knowingly fails to comply with any order under sub-section (1) shall be guilty of an offence and shall be liable 1[to penalty which may extend to twenty -five lakh rupees].] 3[",India,To be verified,,https://www.indiacode.nic.in/,2026-09-15,Candidate—verify
ITA-69,Information Technology and Cyber Law,"Information Technology Act, 2000",21 of 2000,69,"Power to issue directions for interception or monitoring or decryption of any information through any computer resource .–(1) Where the Central Government or a State Government or any of its officers specially authorised by the Central Government or the State Government, as the case may be, in this behalf may, if satisfied that it is necessary or expedient so to do , in the interest of the sovereignty or integrity of India, defence of India, security of the State, friendly relations with foreign States or public order or for preventing incitement to the commission of any cognizable offence relating to above or for investigation of any offence, it may subject to the provisions of sub-section (2), for reasons to be recorded in writing, by order, direct any agency of the appropriate Government to intercept, monitor or decrypt or cause to be intercepted or monitored or decrypted any information generated, transmitted, received or stored in any computer resource.","Power to issue directions for interception or monitoring or decryption of any information through any computer resource .–(1) Where the Central Government or a State Government or any of its officers specially authorised by the Central Government or the State Government, as the case may be, in this behalf may, if satisfied that it is necessary or expedient so to do , in the interest of the sovereignty or integrity of India, defence of India, security of the State, friendly relations with foreign States or public order or for preventing incitement to the commission of any cognizable offence relating to above or for investigation of any offence, it may subject to the provisions of sub-section (2), for reasons to be recorded in writing, by order, direct any agency of the appropriate Government to intercept, monitor or decrypt or cause to be intercepted or monitored or decrypted any information generated, transmitted, received or stored in any computer resource. (2) The procedure and safeguards subject to which such interception or monitoring or decryption may be carried out, shall be such as may be prescribed. (3) The subscriber or intermediary or any person in -charge of the computer resource shall, when called upon by any agency referred to in sub-section (1), extend all facilities and technical assistance to– (a) provide access to or secure access to the computer resource generating, transmitting, receiving or storing such information; or (b) intercept, monitor, or decrypt the information, as the case may be; or (c) provide information stored in computer resource. (4) The subscriber or intermediary or any person who fails to assist the agency referred to in sub - section (3) shall be punished with imprisonment for a term which may extend to seven years and shall also be liable to fine.",India,To be verified,,https://www.indiacode.nic.in/,2026-09-15,Candidate—verify
ITA-69A,Information Technology and Cyber Law,"Information Technology Act, 2000",21 of 2000,69A,"Power to issue directions for blocking for public access of any information through any computer resource.–(1) Where the Central Government or any of its officers specially authorised by it in this behalf is satisfied that it is necessary or expedient so to do , in the interest of sovereignty and integrity of India, defence of India, security of the State, friendly relations with foreign States or public order or for preventing incitement to the commission of any cognizable offence relating to above, it may subject to the provisions of sub -section (2), for reasons to be recorded in writing, by order, direct any agency of the Government or intermediary to block for access by the public or cause to be blocked for access by the public any information generated, transmitted, received, stored or hosted in any computer resource.","Power to issue directions for blocking for public access of any information through any computer resource.–(1) Where the Central Government or any of its officers specially authorised by it in this behalf is satisfied that it is necessary or expedient so to do , in the interest of sovereignty and integrity of India, defence of India, security of the State, friendly relations with foreign States or public order or for preventing incitement to the commission of any cognizable offence relating to above, it may subject to the provisions of sub -section (2), for reasons to be recorded in writing, by order, direct any agency of the Government or intermediary to block for access by the public or cause to be blocked for access by the public any information generated, transmitted, received, stored or hosted in any computer resource. (2) The procedure and safeguards subject to which such blocking for access by the public may be carried out, shall be such as may be prescribed. (3) The intermediary who fails to comply with the direction issued under sub -section ( 1) shall be punished with an imprisonment for a term which may extend to seven years and also be liable to fine.",India,To be verified,,https://www.indiacode.nic.in/,2026-09-15,Candidate—verify
ITA-69B,Information Technology and Cyber Law,"Information Technology Act, 2000",21 of 2000,69B,"Power to authorise to monitor and collect traffic data or information through any computer resource for cyber security.–(1) The Central Government may, to enhance cyber security and for identification, analysis and prevention of intrusion or spread of computer contaminant in the country, by notification in the Official Gazette, authorise any agency of the Government to monitor and collect traffic data or information generated, transmitted, received or stored in any computer resource.","Power to authorise to monitor and collect traffic data or information through any computer resource for cyber security.–(1) The Central Government may, to enhance cyber security and for identification, analysis and prevention of intrusion or spread of computer contaminant in the country, by notification in the Official Gazette, authorise any agency of the Government to monitor and collect traffic data or information generated, transmitted, received or stored in any computer resource. (2) The intermediary or any person in-charge or the computer resource shall, when called upon by the agency which has been authorised under sub -section ( 1), provide technical assistance and extend all facilities to such agency to enable online access or to secure and provide online access to the computer resource generating, transmitting, receiving or storing such traffic data or information. (3) The procedure and safeguards for monitoring and collecting traffic data or information, shall be such as may be prescribed. (4) Any intermediary who intentionally or knowingly contravenes the provisions of sub -section (2) shall be punished with an imprisonment for a term which any extend to 1[one year or shall be liable to fine which may extend to one crore rupees, or with both]. Explanation.–For the purposes of this section,– (i) “computer contaminant” shall have the meaning assigned to it in section 43; (ii) “traffic data” means any data identifying or purporting to identify any person, computer system or computer network or location to or from which the communication is or may be transmitted and includes communications origin, destination, route, time, data, size, duration or type of underlying service and any other information.]",India,To be verified,,https://www.indiacode.nic.in/,2026-09-15,Candidate—verify
ITA-70,Information Technology and Cyber Law,"Information Technology Act, 2000",21 of 2000,70,"Protected system .–2[(1) The appropriate Government may, by notification in the Official Gazette, declare any computer resource which directly or indirectly affects the facility of Critical Information Infrastructure, to be a protected system.","Protected system .–2[(1) The appropriate Government may, by notification in the Official Gazette, declare any computer resource which directly or indirectly affects the facility of Critical Information Infrastructure, to be a protected system. Explanation.–For the purposes of this section, “Critical Information Infrastructure ” means the computer resource, the incapacitation or destruction of which, shall have debilitating impact on national security, economy, public health or safety.] (2) The appropriate Government may, by order in writing, authorise the persons who are authorised to access protected systems notified under sub-section (1). (3) Any person who secures access or attempts to secure access to a protected system in contravention of the provisions of this section shall be punished with imprisonment of either description for a term which may extend to ten years and shall also be liable to fine. 3[(4) The Central Government shall prescribe the information security practices and procedures for such protected system.] 4[",India,To be verified,,https://www.indiacode.nic.in/,2026-09-15,Candidate—verify
ITA-70A,Information Technology and Cyber Law,"Information Technology Act, 2000",21 of 2000,70A,"National nodal agency .–(1) The Central Government may, by notification published in the Official Gazette, designate any organisation of the Governmen","National nodal agency .–(1) The Central Government may, by notification published in the Official Gazette, designate any organisation of the Government as the national nodal agency in respect of Critical Information Infrastructure Protection.",India,To be verified,,https://www.indiacode.nic.in/,2026-09-15,Candidate—verify
ITA-70B,Information Technology and Cyber Law,"Information Technology Act, 2000",21 of 2000,70B,"Indian Computer Emergency Response Team to serve as national agency for incident response.–(1) The Central Government shall, by notification in the Official Gazette, appoint an agency of the Government to be called the Indian Computer Emergency Response Team.","Indian Computer Emergency Response Team to serve as national agency for incident response.–(1) The Central Government shall, by notification in the Official Gazette, appoint an agency of the Government to be called the Indian Computer Emergency Response Team. (2) The Central Government shall provide the agency referred to in sub -section (1) with a Director General and such other officers and employees as may be prescribed. (3) The salary and allowances and terms and conditions of the Director-General and other officers and employees shall be such as may be prescribed. (4) The Indian Computer Emergency Response Team shall serve as the national agency for performing the following functions in the area of cyber security,– (a) collection, analysis and dissemination of information on cyber incidents; (b) forecast and alerts of cyber security incidents; (c) emergency measures for handling cyber security incidents; (d) coordination of cyber incidents response activities; (e) issue guidelines, advisories, vulnerability notes and white papers relating to information security practices, procedures, preventation, response and reporting of cyber incidents; (f) such other functions relating to cyber security as may be prescribed. (5) The manner of performing functions and duties of the agency referred to in sub -section (1) shall be such as may be prescribed. (6) For carrying out the provisions of sub -section (4), the agency referred to in sub -section (1) may call for information and give direction to the service providers, intermediaries, data centres, body corporate and any other person. (7) Any service provider, intermediaries, data centres, body corporate or person who fails to provide the information called for or comply with the direction under sub -section (6), shall be punishable with imprisonment for a term which may extend to one year or with fine which may extend to 1[one crore] rupees or with both. (8) No court shall take cognizance of any offence under this section, except on a complaint made by an officer authorised in this behalf by the agency referred to in sub-section (1).]",India,To be verified,,https://www.indiacode.nic.in/,2026-09-15,Candidate—verify
ITA-71,Information Technology and Cyber Law,"Information Technology Act, 2000",21 of 2000,71,"Penalty for misrepresentation .–Whoever makes any misrepresentation to, or suppresses any material fact from the Controller or the Certifying Authorit","Penalty for misrepresentation .–Whoever makes any misrepresentation to, or suppresses any material fact from the Controller or the Certifying Authority for obtaining any licence or 2[electronic signature] Certificate, as the case may be, shall be punished with imprisonment for a term which may extend to two years, or with fine which may extend to one lakh rupees, or with both.",India,To be verified,,https://www.indiacode.nic.in/,2026-09-15,Candidate—verify
ITA-72,Information Technology and Cyber Law,"Information Technology Act, 2000",21 of 2000,72,"Penalty for Breach of confidentiality and privacy .–Save as otherwise provided in this Act or any other law for the time being in force, if any person who, in pursuance of any of the powers conferred under this Act, rules or regulations made thereunder, has secured access to any electronic record, book, register, correspondence, information, document or other material without the consent of the person concerned discloses such electronic record, book, register, correspondence, information, document or other material to any other person shall be 3[liable to penalty which may extend to five lakh rupees].","Penalty for Breach of confidentiality and privacy .–Save as otherwise provided in this Act or any other law for the time being in force, if any person who, in pursuance of any of the powers conferred under this Act, rules or regulations made thereunder, has secured access to any electronic record, book, register, correspondence, information, document or other material without the consent of the person concerned discloses such electronic record, book, register, correspondence, information, document or other material to any other person shall be 3[liable to penalty which may extend to five lakh rupees]. 4[",India,To be verified,,https://www.indiacode.nic.in/,2026-09-15,Candidate—verify
ITA-72A,Information Technology and Cyber Law,"Information Technology Act, 2000",21 of 2000,72A,5[Penalty] for disclosure of information in breach of lawful contract .–Save as otherwise provided in this Act or any other law for the time being in,"5[Penalty] for disclosure of information in breach of lawful contract .–Save as otherwise provided in this Act or any other law for the time being in force, any person including an intermediary who, while providing services under the terms of lawful contract, has secured access to any material",India,To be verified,,https://www.indiacode.nic.in/,2026-09-15,Candidate—verify
ITA-73,Information Technology and Cyber Law,"Information Technology Act, 2000",21 of 2000,73,"Penalty for publishing 2[electronic signature] Certificate false in certain particulars .–(1) No person shall publish a 2[electronic signature] Certificate or otherwise make it available to any other person with the knowledge that– (a) the Certifying Authority listed in the certificate has not issued it; or (b) the subscriber listed in the certificate has not accepted it; or (c) the certificate has been revoked or suspended, unless such publication is for the purpose of verifying a 2[electronic signature] created prior to such suspension or revocation.","Penalty for publishing 2[electronic signature] Certificate false in certain particulars .–(1) No person shall publish a 2[electronic signature] Certificate or otherwise make it available to any other person with the knowledge that– (a) the Certifying Authority listed in the certificate has not issued it; or (b) the subscriber listed in the certificate has not accepted it; or (c) the certificate has been revoked or suspended, unless such publication is for the purpose of verifying a 2[electronic signature] created prior to such suspension or revocation. (2) Any person who contravenes the provisions of sub -section ( 1) shall be punished with imprisonment for a term which may extend to two years, or with fine which may extend to one lakh rupees, or with both.",India,To be verified,,https://www.indiacode.nic.in/,2026-09-15,Candidate—verify
ITA-74,Information Technology and Cyber Law,"Information Technology Act, 2000",21 of 2000,74,"Publication for fraudulent purpose.–Whoever knowingly creates, publishes or otherwise makes available a 2[electronic signature] Certificate for any fr","Publication for fraudulent purpose.–Whoever knowingly creates, publishes or otherwise makes available a 2[electronic signature] Certificate for any fraudulent or unlawful purpose shall be punished with imprisonment for a term which may extend to two years, or with fine which may extend to one lakh rupees, or with both.",India,To be verified,,https://www.indiacode.nic.in/,2026-09-15,Candidate—verify
ITA-75,Information Technology and Cyber Law,"Information Technology Act, 2000",21 of 2000,75,"Act to apply for offence or contravention committed outside India .–(1) Subject to the provisions of sub -section (2), the provisions of this Act shall apply also to any offence or contravention committed outside India by any person irrespective of his nationality.","Act to apply for offence or contravention committed outside India .–(1) Subject to the provisions of sub -section (2), the provisions of this Act shall apply also to any offence or contravention committed outside India by any person irrespective of his nationality. (2) For the purposes of sub-section (1), this Act shall apply to an offence or contravention committed outside India by any person if the act or conduct constituting the offence or contravention involves a computer, computer system or computer network located in India.",India,To be verified,,https://www.indiacode.nic.in/,2026-09-15,Candidate—verify
ITA-76,Information Technology and Cyber Law,"Information Technology Act, 2000",21 of 2000,76,"Confiscation.–Any computer, computer system, floppies, compact disks, tape drives or any other accessories related thereto, in respect of which any provision of this Act, rules, orders or regulations made thereunder has been or is being contravened, shall be liable to confiscation: Provided that where it is established to the satisfaction of the court adjudicating the confiscation that the person in whose possession, power or control of any such computer, computer system, floppies, compact disks, tape drives or any other accessories relating thereto is found is not responsible for the contravention of the provisions of this Act, rules, orders or regulations made thereunder, the court may, instead of making an order for confiscation of such computer, computer system, floppies, compact disks, tape drives or any other accessories related thereto, make such other order authorised by this Act against the person contravening of the provisions of this Act, rules, orders or regulations made thereunder as it may think fit.","Confiscation.–Any computer, computer system, floppies, compact disks, tape drives or any other accessories related thereto, in respect of which any provision of this Act, rules, orders or regulations made thereunder has been or is being contravened, shall be liable to confiscation: Provided that where it is established to the satisfaction of the court adjudicating the confiscation that the person in whose possession, power or control of any such computer, computer system, floppies, compact disks, tape drives or any other accessories relating thereto is found is not responsible for the contravention of the provisions of this Act, rules, orders or regulations made thereunder, the court may, instead of making an order for confiscation of such computer, computer system, floppies, compact disks, tape drives or any other accessories related thereto, make such other order authorised by this Act against the person contravening of the provisions of this Act, rules, orders or regulations made thereunder as it may think fit. 3[",India,To be verified,,https://www.indiacode.nic.in/,2026-09-15,Candidate—verify
ITA-77,Information Technology and Cyber Law,"Information Technology Act, 2000",21 of 2000,77,"Compensation, penalties or confiscation not to interfere with other punishment .–No compensation awarded, penalty imposed or confiscation made under t","Compensation, penalties or confiscation not to interfere with other punishment .–No compensation awarded, penalty imposed or confiscation made under this Act shall prevent the award of compensation or imposition of any other penalty or punishment under any other law for the time being in force.",India,To be verified,,https://www.indiacode.nic.in/,2026-09-15,Candidate—verify
ITA-77A,Information Technology and Cyber Law,"Information Technology Act, 2000",21 of 2000,77A,"Compounding of offences .–A court of competent jurisdiction may compound offences, other than offences for which the punishment for life or imprisonme","Compounding of offences .–A court of competent jurisdiction may compound offences, other than offences for which the punishment for life or imprisonment for a term exceeding three years has been provided, under this Act: Provided that the court shall not compound such offence where the accused is, by reason of his previous conviction, liable to either enhanced punishment or to a punishment of a different kind:",India,To be verified,,https://www.indiacode.nic.in/,2026-09-15,Candidate—verify
ITA-77B,Information Technology and Cyber Law,"Information Technology Act, 2000",21 of 2000,77B,"Offences with three years imprisonment to be bailable .–Notwithstanding anything contained in the Code of Criminal Procedure, 1973 (2 of 1974), the of","Offences with three years imprisonment to be bailable .–Notwithstanding anything contained in the Code of Criminal Procedure, 1973 (2 of 1974), the offence punishable with imprisonment of three years and above shall be cognizable and the offence punishable with imprisonment of three years shall be bailable.]",India,To be verified,,https://www.indiacode.nic.in/,2026-09-15,Candidate—verify
ITA-78,Information Technology and Cyber Law,"Information Technology Act, 2000",21 of 2000,78,"Power to investigate offences .–Notwithstanding anything contained in the Code of Criminal Procedure, 1973 (2 of 1974), a police officer not below the rank of 1[Inspector] shall investigate any offence under this Act.","Power to investigate offences .–Notwithstanding anything contained in the Code of Criminal Procedure, 1973 (2 of 1974), a police officer not below the rank of 1[Inspector] shall investigate any offence under this Act. 2[CHAPTER XII INTERMEDIARIES NOT TO BE LIABLE IN CERTAIN CASES",India,To be verified,,https://www.indiacode.nic.in/,2026-09-15,Candidate—verify
ITA-79,Information Technology and Cyber Law,"Information Technology Act, 2000",21 of 2000,79,"Exemption from liability of intermediary in certain cases .–(1) Notwithstanding anything contained in any law for the time being in force but subject to the provisions of sub -sections (2) and (3), an intermediary shall not be liable for any third party information, data, or communication link made available or hosted by him.","Exemption from liability of intermediary in certain cases .–(1) Notwithstanding anything contained in any law for the time being in force but subject to the provisions of sub -sections (2) and (3), an intermediary shall not be liable for any third party information, data, or communication link made available or hosted by him. (2) The provisions of sub-section (1) shall apply if– (a) the function of the intermediary is limited to providing access to a communication system over which information made available by third parties is transmitted or temporarily stored or hosted; or (b) the intermediary does not– (i) initiate the transmission, (ii) select the receiver of the transmission, and (iii) select or modify the information contained in the transmission; (c) the intermediary observes due diligence while discharging his duties under this Act and also observes such other guidelines as the Central Government may prescribe in this behalf. (3) The provisions of sub-section (1) shall not apply if– (a) the intermediary has conspired or abetted or aided or induced, whether by threats or promise or otherwise in the commission of the unlawful act; (b) upon receiving actual knowledge, or on being notified by the appropriate Government or its agency that any information, data or communication link residing in or connected to a computer resource controlled by the intermediary is being used to commit the unlawful act, the intermediary fails to expeditiously remove or disable access to that material on that resource without vitiating the evidence in any manner. Explanation.–For the purposes of this section, the expression “third party information” means any information dealt with by an intermediary in his capacity as an intermediary. CHAPTER XIIA EXAMINER OF ELECTRONIC EVIDENCE",India,To be verified,,https://www.indiacode.nic.in/,2026-09-15,Candidate—verify
ITA-79A,Information Technology and Cyber Law,"Information Technology Act, 2000",21 of 2000,79A,"Central Government to notify Examiner of Electronic Evidence .–The Central Government may, for the purposes of providing expert opinion on electronic","Central Government to notify Examiner of Electronic Evidence .–The Central Government may, for the purposes of providing expert opinion on electronic form evidence before any court or other authority specify, by notification in the Official Gazette, any Department, body or agency of the Central Government or a State Government as an Examiner of Electronic Evidence.",India,To be verified,,https://www.indiacode.nic.in/,2026-09-15,Candidate—verify
ITA-80,Information Technology and Cyber Law,"Information Technology Act, 2000",21 of 2000,80,"Power of police officer and other officers to enter, search, etc .–(1) Notwithstanding anything contained in the Code of Criminal Procedure, 1973 (2 of 1974), any police officer, not below the rank of a 1[Inspector], or any other officer of the Central Government or a State Government authorised by the Central Government in this behalf may enter any public place and search and arrest without warrant any person found therein who is reasonably suspected of having committed or of committing or of being about to commit any offence under this Act.","Power of police officer and other officers to enter, search, etc .–(1) Notwithstanding anything contained in the Code of Criminal Procedure, 1973 (2 of 1974), any police officer, not below the rank of a 1[Inspector], or any other officer of the Central Government or a State Government authorised by the Central Government in this behalf may enter any public place and search and arrest without warrant any person found therein who is reasonably suspected of having committed or of committing or of being about to commit any offence under this Act. Explanation.–For the purposes of this sub -section, the expression “public place” includes any public conveyance, any hotel, any shop or any other place intended for use by, or accessible to the public. (2) Where any person is arrested under sub -section (1) by an officer other than a police officer, such officer shall, without unnecessary delay, take or send the person arrested before a magistrate having jurisdiction in the case or before the officer-in-charge of a police station. (3) The provisions of the Code of Criminal Procedure, 1973 (2 of 1974) shall, subject to the provisions of this section, apply, so far as may be, in relation to any entry, search or arrest, made under this section.",India,To be verified,,https://www.indiacode.nic.in/,2026-09-15,Candidate—verify
ITA-81,Information Technology and Cyber Law,"Information Technology Act, 2000",21 of 2000,81,Act to have overriding effect .–The provisions of this Act shall have effect notwithstanding anything inconsistent therewith contained in any other law for the time being in force.,"Act to have overriding effect .–The provisions of this Act shall have effect notwithstanding anything inconsistent therewith contained in any other law for the time being in force. 2[Provided that nothing contained in this Act shall restrict any person from exercising any right conferred under the Copyright Act, 1957 (14 of 1957) or the Patents Act, 1970 (39 of 1970).] 3[",India,To be verified,,https://www.indiacode.nic.in/,2026-09-15,Candidate—verify
ITA-81A,Information Technology and Cyber Law,"Information Technology Act, 2000",21 of 2000,81A,"Application of the Act to electronic cheque and truncated cheque .–(1) The provisions of this Act, for the time being in force, shall apply to, or in relation to, electronic cheques and the truncated cheques subject to such modifications and amendments as may be necessary for carrying out the purposes of the Negotiable Instruments Act, 1881 (26 of 1881) by the Central Government, in consultation with the Reserve Bank of India, by notification in the Official Gazette.","Application of the Act to electronic cheque and truncated cheque .–(1) The provisions of this Act, for the time being in force, shall apply to, or in relation to, electronic cheques and the truncated cheques subject to such modifications and amendments as may be necessary for carrying out the purposes of the Negotiable Instruments Act, 1881 (26 of 1881) by the Central Government, in consultation with the Reserve Bank of India, by notification in the Official Gazette. (2) Every notification made by the Central Government under sub-section (1) shall be laid, as soon as may be after it is made, before each House of Parliament, while it is in session, for a total period of thirty days which may be comprised in one session or in two or more successive sessions, and if, before the expiry of the session immediately following the session or the successive sessions aforesaid, both Houses agree in making any modification in the notification or both Houses agree that the notification should not be made, the notification shall thereafter have effect only in such modified form or be of no effect, as the case may be; so, however, that any such modification or annulment shall be without prejudice to the validity of anything previously done under that notification. Explanation.–For the purposes of this Act, the expressions “electronic cheque ” and “truncated cheque” shall have the same meaning as assigned to them in section 6 of the Negotiable Instruments Act, 1881 (26 of 1881).] 4[",India,To be verified,,https://www.indiacode.nic.in/,2026-09-15,Candidate—verify
ITA-82,Information Technology and Cyber Law,"Information Technology Act, 2000",21 of 2000,82,"Controller, Deputy Controller and Assistant Controller to be public servants .–The Controller, the Deputy Controller and the Assistant Controllers sha","Controller, Deputy Controller and Assistant Controller to be public servants .–The Controller, the Deputy Controller and the Assistant Controllers shall be deemed to be public servants within the meaning of section 21 of the Indian Penal Code (45 of 1860).]",India,To be verified,,https://www.indiacode.nic.in/,2026-09-15,Candidate—verify
ITA-83,Information Technology and Cyber Law,"Information Technology Act, 2000",21 of 2000,83,Power to give directions.–The Central Government may give directions to any State Government as to the carrying into execution in the State of any of,"Power to give directions.–The Central Government may give directions to any State Government as to the carrying into execution in the State of any of the provisions of this Act or of any rule, regulation or order made thereunder.",India,To be verified,,https://www.indiacode.nic.in/,2026-09-15,Candidate—verify
ITA-84,Information Technology and Cyber Law,"Information Technology Act, 2000",21 of 2000,84,"Protection of action taken in good faith.–No suit, prosecution or other legal proceeding shall lie against the Central Government, the State Governmen","Protection of action taken in good faith.–No suit, prosecution or other legal proceeding shall lie against the Central Government, the State Government, the Controller or any pers on acting on behalf of",India,To be verified,,https://www.indiacode.nic.in/,2026-09-15,Candidate—verify
ITA-84A,Information Technology and Cyber Law,"Information Technology Act, 2000",21 of 2000,84A,"Modes or methods for encryption .–The Central Government may, for secure use of the electronic medium and for promotion of e -governance and e-commerc","Modes or methods for encryption .–The Central Government may, for secure use of the electronic medium and for promotion of e -governance and e-commerce, prescribe the modes or methods for encryption.",India,To be verified,,https://www.indiacode.nic.in/,2026-09-15,Candidate—verify
ITA-84B,Information Technology and Cyber Law,"Information Technology Act, 2000",21 of 2000,84B,"Punishment for abetment of offences .–Whoever abets any offence shall, if the act abetted is committed in consequence of the abetment, and no express provision is made by this Act for the punishment of such abetment, be punished with the punishment provided for the offence under this Act.","Punishment for abetment of offences .–Whoever abets any offence shall, if the act abetted is committed in consequence of the abetment, and no express provision is made by this Act for the punishment of such abetment, be punished with the punishment provided for the offence under this Act. Explanation.–An act or offence is said to be committed in consequence of abetment, when it is committed in consequence of the instigation, or in pursuance of the conspiracy, or with the aid which constitutes the abetment.",India,To be verified,,https://www.indiacode.nic.in/,2026-09-15,Candidate—verify
ITA-84C,Information Technology and Cyber Law,"Information Technology Act, 2000",21 of 2000,84C,"Punishment for attempt to commit offences .–Whoever attempts to commit an offence punishable by this Act or causes such an offence to be committed, an","Punishment for attempt to commit offences .–Whoever attempts to commit an offence punishable by this Act or causes such an offence to be committed, and in such an attempt does any act towards the commission of the offence, shall, where no express provision is made for the punishment of such attempt, be punished with imprisonment of any description provided for the offence, for a term which may extend to one-half of the longest term of imprisonment provided for that offence, or with such fine as is provided for the offence, or with both.]",India,To be verified,,https://www.indiacode.nic.in/,2026-09-15,Candidate—verify
ITA-85,Information Technology and Cyber Law,"Information Technology Act, 2000",21 of 2000,85,"Offences by companies.–(1) Where a person committing a contravention of any of the provisions of this Act or of any rule, direction or order made thereunder is a company, every person who, at the time the contravention was committed, was in charge of, and was responsible to, the company for the conduct of business of the company as well as the company, shall be guilty of the contravention and shall be liable to be proceeded against and punished accordingly: Provided that nothing contained in this sub -section shall render any such person liable to punishment if he proves that the contravention took place without his knowledge or that he exercised all due diligence to prevent such contravention.","Offences by companies.–(1) Where a person committing a contravention of any of the provisions of this Act or of any rule, direction or order made thereunder is a company, every person who, at the time the contravention was committed, was in charge of, and was responsible to, the company for the conduct of business of the company as well as the company, shall be guilty of the contravention and shall be liable to be proceeded against and punished accordingly: Provided that nothing contained in this sub -section shall render any such person liable to punishment if he proves that the contravention took place without his knowledge or that he exercised all due diligence to prevent such contravention. (2) Notwithstanding anything contained in sub -section ( 1), where a contravention of any of the provisions of this Act or of any rule, direction or order made thereunder has been committed by a company and it is proved that the contravention has taken place with the consent or connivance of, or is attributable to any neglect on the part of, any director, manager, secretary or other officer of the company, such director, manager, secretary or other officer shall also be deemed to be guilty of the contravention and shall be liable to be proceeded against and punished accordingly. Explanation.–For the purposes of this section,– (i) “company” means any body corporate and includes a firm or other association of individuals; and (ii) “director”, in relation to a firm, means a partner in the firm.",India,To be verified,,https://www.indiacode.nic.in/,2026-09-15,Candidate—verify
ITA-86,Information Technology and Cyber Law,"Information Technology Act, 2000",21 of 2000,86,"Removal of difficulties.–(1) If any difficulty arises in giving effect to the provisions of this Act, the Central Government may, by order published in the Official Gazette, make such provisions not inconsistent with the provisions of this Act as appear to it to be necessary or expedient for removing the difficulty: Provided that no order shall be made under this section after the expiry of a period of two years from the commencement of this Act.","Removal of difficulties.–(1) If any difficulty arises in giving effect to the provisions of this Act, the Central Government may, by order published in the Official Gazette, make such provisions not inconsistent with the provisions of this Act as appear to it to be necessary or expedient for removing the difficulty: Provided that no order shall be made under this section after the expiry of a period of two years from the commencement of this Act. (2) Every order made under this section shall be laid, as soon as may be after it is made, before each House of Parliament.",India,To be verified,,https://www.indiacode.nic.in/,2026-09-15,Candidate—verify
ITA-87,Information Technology and Cyber Law,"Information Technology Act, 2000",21 of 2000,87,"Power of Central Government to make rules .–(1) The Central Government may, by notification in the Official Gazette and in the Electronic Gazette, mak","Power of Central Government to make rules .–(1) The Central Government may, by notification in the Official Gazette and in the Electronic Gazette, make rules to carry out the provisions of this Act.",India,To be verified,,https://www.indiacode.nic.in/,2026-09-15,Candidate—verify
ITA-88,Information Technology and Cyber Law,"Information Technology Act, 2000",21 of 2000,88,"Constitution of Advisory Committee .–(1) The Central Government shall, as soon as may be after the commencement of this Act, constitute a Committee called the Cyber Regulations Advisory Committee.","Constitution of Advisory Committee .–(1) The Central Government shall, as soon as may be after the commencement of this Act, constitute a Committee called the Cyber Regulations Advisory Committee. (2) The Cyber Regulations Advisory Committee shall consist of a Chairperson and such number of other official and non -official members representing the interests principally affected or having special knowledge of the subject-matter as the Central Government may deem fit. (3) The Cyber Regulations Advisory Committee shall advise– (a) the Central Government either generally as regards any rules or for any other purpose connected with this Act; (b) the Controller in framing the regulations under this Act.",India,To be verified,,https://www.indiacode.nic.in/,2026-09-15,Candidate—verify
ITA-89,Information Technology and Cyber Law,"Information Technology Act, 2000",21 of 2000,89,"Power of Controller to make regulations .–(1) The Controller may, after consultation with the Cyber Regulations Advisory Committee and with the previous approval of the Central Government, by notification in the Official Gazette, make regulations consistent with this Act and the rules made thereunder to carry out the purposes of this Act.","Power of Controller to make regulations .–(1) The Controller may, after consultation with the Cyber Regulations Advisory Committee and with the previous approval of the Central Government, by notification in the Official Gazette, make regulations consistent with this Act and the rules made thereunder to carry out the purposes of this Act. (2) In particular, and without prejudice to the generality of the foregoing power, such regulations may provide for all or any of the following matters, namely:– (a) the particulars relating to maintenance of data base containing the disclosure record of every Certifying Authority under clause 1[(n)] of section 18; (b) the conditions and restrictions subject to which the Controller may recognise any foreign Certifying Authority under sub-section (1) of section 19; (c) the terms and conditions subject to which a licence may be granted under clause ( c) of sub-section (3) of section 21; (d) other standards to be observed by a Certifying Authority under clause (d) of section 30; (e) the manner in which the Certifying Authority shall disclose the matters specified in sub-section (1) of section 34; (f) the particulars of statement which shall accompany an application under sub -section ( 3) of section 35. (g) the manner by which the subscriber shall communicate the compromise of private key to the Certifying Authority under sub-section (2) of section 42. (3) Every regulation made under this Act shall be laid, as soon as may be after it is made, before each House of Parliament, while it is in session, for a total period of thirty days which may be comprised in one session or in two or more successive sessions, and if, before the expiry of the session immediately following the session or the successive sessions aforesaid, both Houses agree in making any modification in the regulation or both Houses agree that the regulation should not be made, the regulation shall thereafter have effect only in such modified form or be of no effect, as the case may be; so, however, that any such modification or annulment shall be without prejudice to the validity of anything previously done under that regulation.",India,To be verified,,https://www.indiacode.nic.in/,2026-09-15,Candidate—verify
ITA-90,Information Technology and Cyber Law,"Information Technology Act, 2000",21 of 2000,90,"Power of State Government to make rules .–(1) The State Government may, by notification in the Official Gazette, make rules to carry out the provisions of this Act.","Power of State Government to make rules .–(1) The State Government may, by notification in the Official Gazette, make rules to carry out the provisions of this Act. (2) In particular, and without prejudice to the generality of the foregoing power, such rules may provide for all or any of the following matters, namely:– (a) the electronic form in which filing, issue, grant, receipt or payment shall be effected under sub-section (1) of section 6; (b) for matters specified in sub-section (2) of section 6; 2* * * * * (3) Every rule made by the State Government under this section shall be laid, as soon as may be after it is made, before each House of the Stale Legislature where it consists of two Houses, or where such Legislature consists of one House, before that House.",India,To be verified,,https://www.indiacode.nic.in/,2026-09-15,Candidate—verify
ITA-91,Information Technology and Cyber Law,"Information Technology Act, 2000",21 of 2000,91,"[Amendment of Act 45 of 1860.]—Omitted by the Information Technology (Amendment) Act, 2008 (10 of 2009), s.","[Amendment of Act 45 of 1860.]—Omitted by the Information Technology (Amendment) Act, 2008 (10 of 2009), s. 48 (w.e.f. 27-10-2009).",India,To be verified,,https://www.indiacode.nic.in/,2026-09-15,Candidate—verify
ITA-92,Information Technology and Cyber Law,"Information Technology Act, 2000",21 of 2000,92,[Amendment of Act 1 of 1872.]—Omitted by s.,"[Amendment of Act 1 of 1872.]—Omitted by s. 48, ibid. (w.e.f. 27-10-2009).",India,To be verified,,https://www.indiacode.nic.in/,2026-09-15,Candidate—verify
ITA-93,Information Technology and Cyber Law,"Information Technology Act, 2000",21 of 2000,93,[Amendment of Act 18 of 1891.]—Omitted by s.,"[Amendment of Act 18 of 1891.]—Omitted by s. 48, ibid. (w.e.f. 27-10-2009).",India,To be verified,,https://www.indiacode.nic.in/,2026-09-15,Candidate—verify
ITA-94,Information Technology and Cyber Law,"Information Technology Act, 2000",21 of 2000,94,[Amendment of Act 2 of 1934.]—Omitted by s.,"[Amendment of Act 2 of 1934.]—Omitted by s. 48, ibid. (w.e.f. 27-10-2009).",India,To be verified,,https://www.indiacode.nic.in/,2026-09-15,Candidate—verify
RTI-1,Right to Information,"Right to Information Act, 2005",22 of 2005,1,"Short title, extent and commencement .","Short title, extent and commencement .—(1) This Act may be called the Right to Information Act, 2005. (2) It extends to the whole of India 1***. (3) The provisions of sub -section (1) of section 4, sub -sections (1) and ( 2) of section 5, sections 12, 13, 15,16, 24, 27 and 28 shall come into force at once, and the remaining provisions of this Act shall come into force on the one hundred and twentieth day of its enactment.",India,To be verified,,https://www.indiacode.nic.in/,2026-09-15,Candidate—verify
RTI-2,Right to Information,"Right to Information Act, 2005",22 of 2005,2,Definitions.,"Definitions.—In this Act, unless the context otherwise requires,— (a) “appropriate Government ” means in relation to a public authority which is established, constituted, owned, controlled or substantially financed by funds provided directly or indirectly— (i) by the Central Government or the Union territory administration, the Central Government; (ii) by the State Government, the State Government; (b) “Central Information Commission ” means the Central Information Commission constituted under sub-section (1) of section 12; (c) “Central Public Information Officer” means the Central Public Information Officer designated under sub-section (1) and includes a Central Assistant Public Information Officer designated as such under sub-section (2) of section 5; (d) “Chief Information Commissioner ” and “Information Commissioner ” mean the Chief Information Commissioner and Information Commissioner appointed under sub -section ( 3) of section 12;",India,To be verified,,https://www.indiacode.nic.in/,2026-09-15,Candidate—verify
RTI-3,Right to Information,"Right to Information Act, 2005",22 of 2005,3,Right to information .,"Right to information .—Subject to the provisions of this Act, all citizens shall have the right to information.",India,To be verified,,https://www.indiacode.nic.in/,2026-09-15,Candidate—verify
RTI-4,Right to Information,"Right to Information Act, 2005",22 of 2005,4,Obligations of public authorities.,"Obligations of public authorities.—(1) Every public authority shall— (a) maintain all its records duly catalogued and indexed in a manner and the form which facilitates the right to information under this Act and ensure that all records that are appropriate to be computerised are, within a reasonable time and subject to availability of resources, computerised and connected through a network all over the country on different systems so that access to such records is facilitated; (b) publish within one hundred and twenty days from the enactment of this Act,— (i) the particulars of its organisation, functions and duties; (ii) the powers and duties of its officers and employees; (iii) the procedure followed in the decision making process, including channels of supervision and accountability; (iv) the norms set by it for the discharge of its functions; (v) the rules, regulations, instructions, manuals and records, held by it or under its control or used by its employees for discharging its functions; (vi) a statement of the categories of documents that are held by it or under its control; (vii) the particulars of any arrangement that exists for consultation with, or representation by, the members of the public in relation to the formulation of its policy or implementation thereof; (viii) a statement of the boards, councils, committees and other bodies consisting of two or more persons constituted as its part or for the purpose of its advice, and as to whether meetings of those boards, councils, committees and other bodies are open to the public, or the minutes of such meetings are accessible for public; (ix) a directory of its officers and employees; (x) the monthly remuneration received by each of its officers and employees, including the system of compensation as provided in its regulations; (xi) the budget allocated to each of its agency, indicating the particulars of all plans, proposed expenditures and reports on disbursements made; (xii) the manner of execution of subsidy programmes, including the amounts allocated and the details of beneficiaries of such programmes; (xiii) particulars of recipients of concessions, permits or authorisations granted by it; (xiv) details in respect of the information, available to or held by it, reduced in an electronic form; (xv) the particulars of facilities available to citizens for obtaining information, including the working hours of a library or reading room, if maintained for public use; (xvi) the names, designations and other particulars of the Public Information Officers; (xvii) such other information as may be prescribed; and thereafter update these publications every year; (c) publish all relevant facts while formulating important policies or announcing the decisions which affect public; (d) provide reasons for its administrative or quasi-judicial decisions to affected persons. (2) It shall be a constant endeavour of every public authority to take steps in accordance with the requirements of clause ( b) of sub -section (1) to provide as much information suomotu to the public at regular intervals through various means of communications, including internet, so that the public have minimum resort to the use of this Act to obtain information. (3) For the pur poses of sub -section (1), every information shall be disseminated widely and in such form and manner which is easily accessible to the public. (4) All materials shall be disseminated taking into consideration the cost effectiveness, local language and the most effective method of communication in that local area and the information should be easily accessible, to the extent possible in electronic format with the Central Public Information Officer or State Public Information Officer, as the case may be, available free or at such cost of the medium or the print cost price as may be prescribed. Explanation.—For the purposes of sub -sections (3) and (4), “disseminated” means making known or communicated the information to the public through notice boards, newspapers, public announcements, media broadcasts, the internet or any other means, including inspection of offices of any public authority.",India,To be verified,,https://www.indiacode.nic.in/,2026-09-15,Candidate—verify
RTI-5,Right to Information,"Right to Information Act, 2005",22 of 2005,5,Designation of Public Information Offic ers.,"Designation of Public Information Offic ers.—(1) Every public authority shall, within one hundred days of the enactment of this Act, designate as many officers as the Central Public Information Officers or State Public Information Officers, as the case may be, in all administrative units or offices under it as may be necessary to provide information to persons requesting for the information under this Act. (2) Without prejudice to the provisions of sub -section (1), every public authority shall designate an officer, within one hundred days of the enactment of this Act, at each sub -divisional level or other sub - district level as a Central Assistant Public Information Officer or a State Assistant Public Information Officer, as the case may be, to receive the applications for information or appeals under this Act for forwarding the same forthwith to the Central Public Information Officer or the State Public Infor mation Officer or senior officer specified under sub -section ( 1) of section 19 or the Central Information Commission or the State Information Commission, as the case may be: Provided that where an application for information or appeal is given to a Central Assistant Public Information Officer or a State Assistant Public Information Officer, as the case may be, a period of five days shall be added in computing the period for response specified under sub-section (1) of section 7. (3) Every Central Public Information Officer or State Public Information Officer, as the case may be, shall deal with requests from persons seeking information and render reasonable assistance to the persons seeking such information. (4) The Central Public Information Officer or State Public Information Officer, as the case may be, may seek the assistance of any other officer as he or she considers it necessary for the proper discharge of his or her duties. (5) Any officer, whose assistance has been sought under sub -section (4), shall render all assistance to the Central Public Information Officer or State Public Information Officer, as the case may be, seeking his or her assistance and for the purposes of any contravention of the provisions of this Act, such other officer shall be treated as a Central Public Information Officer or State Public Information Officer, as the case may be. 9",India,To be verified,,https://www.indiacode.nic.in/,2026-09-15,Candidate—verify
RTI-6,Right to Information,"Right to Information Act, 2005",22 of 2005,6,Request for obtaining information .,"Request for obtaining information .—(1) A person, who desires to obtain any information under this Act, shall make a request in writing or through electronic means in English or Hindi or in the official language of the area in which the application is being made, accompanying such fee as may be prescribed, to— (a) the Central Public Information Officer or State Public Information Officer, as the case may be, of the concerned public authority; (b) the Central Assistant Public Information Officer or State Assistant Public Information Officer, as the case may be, specifying the particulars of the information sought by him or her: Provided that where such request cannot be made in writing, the Central Public Information Officer or State Public Information Officer, as the case may be, shall render all reasonable assistance to the person making the request orally to reduce the same in writing. (2) An applicant making request for information shall not be required to give any reason for requesting the information or any other personal details except those that may be necessary for contacting him. (3) Where an application is made to a public authority requesting for an information,— (i) which is held by another public authority; or (ii) the subject matter of which is more closely connected with the functions of another public authority, the public authority, to which such application is made, shall transfer the application or such part of it as may be appropriate to that other public authority and inform the applicant immediately about such transfer: Provided that the transfer of an application pursuant to this sub -section shall be made as soon as practicable but in no case later than five days from the date of receipt of the application.",India,To be verified,,https://www.indiacode.nic.in/,2026-09-15,Candidate—verify
RTI-7,Right to Information,"Right to Information Act, 2005",22 of 2005,7,Disposal of request .,"Disposal of request .—(1) Subject to the proviso to sub -section (2) of section 5 or the proviso to sub-section (3) of section 6, the Central Public Information Officer or State Public Information Officer, as the case may be, on receipt of a request under section 6 shall, as expeditiously as possible, and in any case within thirty days of the receipt of the request, either provide the information on payment of such fee as may be prescribed or reject the request for any of the reasons specified in sections 8 and 9: Provided that where the information sought for concerns the life or liberty of a person, the same shall be provided within forty-eight hours of the receipt of the request. (2) If the Central Public Information Officer or State Public Information Officer, as the case may be, fails to give decision on the request for information within the period specified under sub -section (1), the Central Public Information Officer or State Public Information Officer, as the case may be, shall be deemed to have refused the request. (3) Where a decision is taken to provide the information on payment of any further fee representing the cost of providing the information, the Central Public Information Officer or State Public Information Officer, as the case may be, shall send an intimation to the person making the request, giving— (a) the details of further fees representing the cost of providing the information as determined by him, together with the calculations made to arrive at the amount in accordance with fee prescribed under sub -section ( 1), requesting him to deposit that fees, and the period intervening between the despatch of the said intimation and payment of fees shall be excluded for the purpose of calculating the period of thirty days referred to in that sub-section; (b) information concerning his or her right with respect to review the decision as to the amount of fees charged or the form of access provided, including the particulars of the appellate authority, time limit, process and any other forms. (4) Where access to the record or a part thereof is required to be provided under this Act and the person to whom access is to be provided is sensorily disabled, the Central Public Information Officer or State Public Information Officer, as the case may be, shall provide assistance to enable access to the information, including providing such assistance as may be appropriate for the inspection. (5) Where access to information is to be provided in the printed or in any electronic format, the applicant shall, subject to the provisions of sub-section (6), pay such fee as may be prescribed: Provided that the fee prescribed under sub -section (1) of section 6 and sub -sections (1) and ( 5) of section 7 shall be reasonable and no such fee shall be charged from the persons who are of below poverty line as may be determined by the appropriate Government. (6) Notwithstanding anything contained in sub -section ( 5), the person making request for the information shall be provided the information free of charge where a public authority fails to comply with the time limits specified in sub-section (1). (7) Before taking any decision under sub -section (1), the Central Public Information Officer or State Public Information Officer, as the case may be, shall take into consideration the representation made by a third party under section 11. (8) Where a request has been rejected under sub-section (1), the Central Public Information Officer or State Public Information Officer, as the case may be, shall communicate to the person making the request,— (i) the reasons for such rejection; (ii) the period within which an appeal against such rejection may be preferred; and (iii) the particulars of the appellate authority. (9) An information shall ordinarily be provided in the form in which it is sought unless it would disproportionately divert the resources of the public authority or would be detrimental to the safety or preservation of the record in question.",India,To be verified,,https://www.indiacode.nic.in/,2026-09-15,Candidate—verify
RTI-8,Right to Information,"Right to Information Act, 2005",22 of 2005,8,Exemption from disclosure of information.,"Exemption from disclosure of information.—(1) Notwithstanding anything contained in this Act, there shall be no obligation to give any citizen,— (a) information, disclosure of which would prejudicially affect the sovereignty and integrity of India, the security, strategic, scientific or economic interests of the State, relation with foreign State or lead to incitement of an offence; (b) information which has been expressly forbidden to be published by any court of law or tribunal or the disclosure of which may constitute contempt of court; (c) information, the disclosure of which would cause a breach of privilege of Parliament or the State Legislature; (d) information including commercial confidence, trade secrets or intellectual property, the disclosure of which would harm the competitive position of a third party, unless the competent authority is satisfied that larger public interest warrants the disclosure of such information; (e) information available to a person in his fiduciary relationship, unless the competent authority is satisfied that the larger public interest warrants the disclosure of such information; (f) information received in confidence from foreign Government; (g) information, the disclosure of which would endanger the life or physical safety of any person or identify the source of information or assistance given in confidence for law enforcement or security purposes; (h) information which would impede the process of investigation or apprehension or prosecution of offenders; (i) cabinet papers including records of deliberations of the Council of Ministers, Secretaries and other officers: Provided that the decisions of Council of Ministers, the reasons thereof, and the material on the basis of which the decisions were taken shall be made public after the decision has been taken, and the matter is complete, or over: Provided further that those matters which come under the exemptions specified in this section shall not be disclosed; 1[(j) information which relates to personal information;] (2) Notwithstanding anything in the Official Secrets Act, 1923 (19 of 1923) nor any of the exemptions permissible in accordance with sub -section ( 1), a public authority may allow access to information, if public interest in disclosure outweighs the harm to the protected interests. (3) Subject to the provisions of clauses ( a), (c) and (i) of sub-section (1), any information relating to any occurrence, event or matter which has taken place, occurred or happened twenty years before the date on which any request is made under section 6 shall be provided to any person making a request under that section: Provided that where any question arises as to the date from which the said period of twenty years has to be computed, the decision of the Central Government shall be final, subject to the usual appeals provided for in this Act.",India,To be verified,,https://www.indiacode.nic.in/,2026-09-15,Candidate—verify
RTI-9,Right to Information,"Right to Information Act, 2005",22 of 2005,9,Grounds for reject ion to access in certain cases .,"Grounds for reject ion to access in certain cases .—Without prejudice to the provisions of section 8, a Central Public Information Officer or a State Public Information Officer, as the case may be, may reject a request for information where such a request for providing access would involve an infringement of copyright subsisting in a person other than the State.",India,To be verified,,https://www.indiacode.nic.in/,2026-09-15,Candidate—verify
RTI-10,Right to Information,"Right to Information Act, 2005",22 of 2005,10,Severability.,"Severability.—(1) Where a request for access to information is rejected on the ground that it is in relation to information which is exempt from disclosure, then, notwithstanding anything contained in this Act, access may be provided to that part of the record which does not contain any information which is exempt from disclosure under this Act and which can reasonably be severed from any part th at contains exempt information. (2) Where access is granted to a part of the record under sub -section ( 1), the Central Public Information Officer or State Public Information Officer, as the case may be, shall give a not ice to the applicant, informing— (a) that only part of the record requested, after severance of the record containing information which is exempt from disclosure, is being provided; (b) the reasons for the decision, including any findings on any material question of fact, referring to the material on which those findings were based; (c) the name and designation of the person giving the decision; (d) the details of the fees calculated by him or her and the amount of fee which the applic ant is required to deposit; and (e) his or her rights with respect to review of the decision regarding non -disclosure of part of the information, the amount of fee charged or the form of access provided, including the particulars of the senior officer specified under sub-section (1) of section 19 or the Central Information Commission or the State Information Commission, as the case may be, time limit, process and any other form of access.",India,To be verified,,https://www.indiacode.nic.in/,2026-09-15,Candidate—verify
RTI-11,Right to Information,"Right to Information Act, 2005",22 of 2005,11,Third party infor mation.,"Third party infor mation.—(1) Where a Central Public Information Officer or a State Public Information Officer, as the case may be, intends to disclose any information or record, or part thereof on a request made under this Act, which relates to or has been supplied by a third party and has been treated as confidential by that third party, the Central Public Information Officer or State Public Information",India,To be verified,,https://www.indiacode.nic.in/,2026-09-15,Candidate—verify
RTI-12,Right to Information,"Right to Information Act, 2005",22 of 2005,12,Constitution of Ce ntral Information Commission .,"Constitution of Ce ntral Information Commission .—(1) The Central Government shall, by notification in the Official Gazette, constitute a body to be known as the Central Information Commission to exercise the powers conferred on, and to perform the functions assigned to, it under this Act. (2) The Central Information Commission shall consist of— (a) the Chief Information Commissioner; and (b) such number of Central Information Commissioners, not exceeding ten, as may be deemed necessary. (3) The Chief Information Commissioner and Information Commissioners shall be appointed by the President on the recommendation of a committee consisting of— (i) the Prime Minister, who shall be the Chairperson of the committee; (ii) the Leader of Opposition in the Lok Sabha; and (iii) a Union Cabinet Minister to be nominated by the Prime Minister. Explanation.—For the purposes of removal of doubts, it is hereby declared that where the Leader of Opposition in the House of the People has not been recognised as such, the Leader of the single largest group in opposition of the Government in the House of the People shall be deemed to be the Leader of Opposition. (4) The general superintendence, direction and management of the affairs of the Central Information Commission shall vest in the Chief Information Commissioner who shall be assisted by the Information Commissioners and may exercise all such powers and do all such acts and things which may be exercised or done by the Central Information Commission autonomously without being subjected to directions by any other authority under this Act. (5) The Chief Information Commissioner and Information Commissioners shall be persons of eminence in public life with wide knowledge and experience in law, science and technology, social service, management, journalism, mass media or administration and governance. (6) The Chief Information Commissioner or an Information Commissioner shall not be a Member of Parliament or Member of the Legislature of any State or Union territory, as the case may be, or hold any other office of profit or connected with any political party or carrying on any business or pursuing any profession. (7) The headquarters of the Central Information Commission shall be at Delhi and the Central Information Commission may, with the previous approval of the Central Government, establish offices at other places in India.",India,To be verified,,https://www.indiacode.nic.in/,2026-09-15,Candidate—verify
RTI-13,Right to Information,"Right to Information Act, 2005",22 of 2005,13,Term of office and conditions of service .,"Term of office and conditions of service .—(1) The Chief Information Commissioner shall hold office 1[for such term as may be prescribed by the Central Government] and shall not be eligible for reappointment: Provided that no Chief Information Commissioner shall hold office as such after he has attained the age of sixty-five years. (2) Every Information Commissioner shall hold office 1[for such term as may be prescribed by the Central Government] or till he attains the age of sixty -five years, whichever is earlier, and shall not be eligible for reappointment as such Information Commissioner: Provided that every Information Commissioner shall, on vacating his office under this sub -section be eligible for appointment as the Chief Information Commissioner in the manner specified in sub-section (3) of section 12: Provided further that where the Information Commissioner is appointed as the Chief Information Commissioner, his term of office shall not be more than five years in aggregate as the Information Commissioner and the Chief Information Commissioner. (3) The Chief Information Commissioner or an Information Commissioner shall before he enters upon his office make and subscribe before the President or some other person appointed by him in that behalf, an oath or affirmation according to the form set out for the purpose in the First Schedule. (4) The Chief Information Commissioner or an Information Commissioner may, at any time, by writing under his hand addressed to the President, resign from his office: Provided that the Chief Information Commissioner or an Information Commissioner may be removed in the manner specified under section",India,To be verified,,https://www.indiacode.nic.in/,2026-09-15,Candidate—verify
RTI-14,Right to Information,"Right to Information Act, 2005",22 of 2005,14,2[(5) The salaries and allowances payable to and other terms and conditions of service of the Chief Information Commissioner and the Information Commi,"2[(5) The salaries and allowances payable to and other terms and conditions of service of the Chief Information Commissioner and the Information Commissioners shall be such as may be prescribed by the Central Government: Provided that the salaries, allowances and other conditions of service of the Chief Information Commissioner or the Information Commissioners shall not be varied to their disadvantage after their appointment: Provided further that the Chief Information Commissioner and the Information Commissioners appointed before the commencement of the Right to Information (Amendment) Act, 2019 (24 of 2019 ) shall continue to be governed by the provisions of this Act and the rules made thereunder as if the Right to Information (Amendment) Act, 2019 (24 of 2019) had not come into force.]",India,To be verified,,https://www.indiacode.nic.in/,2026-09-15,Candidate—verify
RTI-15,Right to Information,"Right to Information Act, 2005",22 of 2005,15,Constitution o f State Information Commission .,"Constitution o f State Information Commission .—(1) Every State Government shall, by notification in the Official Gazette, constitute a body to be known as the ......... (name of the State) Information Commission to exercise the powers conferred on, and to perform the functions assigned to, it under this Act. (2) The State Information Commission shall consist of— (a) the State Chief Information Commissioner, and (b) such number of State Information Commissioners, not exceeding ten, as may be deemed necessary. (3) The State Chief Information Commissioner and the State Information Commissioners shall be appointed by the Governor on the recommendation of a committee consisting of— (i) the Chief Minister, who shall be the Chairperson of the committee; (ii) the Leader of Opposition in the Legislative Assembly; and (iii) a Cabinet Minister to be nominated by the Chief Minister. Explanation.—For the purposes of removal of doubts, it is hereby declared that where the Leader of Opposition in the Legislative Assembly has not been recognised as such, the Leader of the single largest group in opposition of the Government in the Legislative Assembly shall be deemed to be the Leader of Opposition. (4) The general superintendence, direction and management of the affairs of the State Information Commission shall vest in the State Chief Information Commissioner who shall be assisted by the State Information Commissioners and may exercise all such powers and do all such acts and things which may be exercised or done by the State Information Commission autonomously without being subjected to directions by any other authority under this Act. (5) The State Chief Information Commissioner and the State Information Commissioners shall be persons of eminence in public life with wide knowledge and experience in law, science and technology, social service, management, journalism, mass media or administration and governance. (6) The State Chief Information Commissioner or a State Information Commissioner shall not be a Member of Parliament or Member of the Legislature of any State or Union territory, as the case may be, or hold any other office of profit or connected with any political party or carrying on any business or pursuing any profession. (7) The headquarters of the State Information Commission shall be at such place in the State as the State Government may, by notification in the Official Gazette, specify and the State Information Commission may, with the previous approval of the State Government, establish offices at other places in the State.",India,To be verified,,https://www.indiacode.nic.in/,2026-09-15,Candidate—verify
RTI-16,Right to Information,"Right to Information Act, 2005",22 of 2005,16,Term of office and conditions of service.,"Term of office and conditions of service.—(1) The State Chief Information Commissioner shall hold office 1[for such term as may be prescribed by the Central Government] and shall not be eligible for reappointment: Provided that no State Chief Information Commissioner shall hold office as such after he has attained the age of sixty-five years. (2) Every State Information Commissioner shall hold office 1[for such term as may be prescribed by the Central Government] or till he attains the age of sixty-five years, whichever is earlier, and shall not be eligible for reappointment as such State Information Commissioner: Provided that every State Information Commissioner shall, on vacating his office under this sub - section, be eligible for appointment as the State Chief Information Commissioner in the manner specified in sub-section (3) of section 15: Provided further that where the State Information Commissioner is appointed as the State Chief Information Commissioner, his term of office shall not be more than five years in aggregate as the State Information Commissioner and the State Chief Information Commissioner. (3) The State Chief Information Commissioner or a State Information Commissioner, shall before he enters upon his office make and subscribe before the Governor or some other person appointed by him in that behalf, an oath or affirmation according to the form set out for the purpose in the First Schedule. (4) The State Chief Information Commissioner or a State Information Commissioner may, at any time, by writing under his hand addressed to the Governor, resign from his office: Provided that the State Chief Information Commissioner or a State Information Commissioner may be removed in the manner specified under section 17.",India,To be verified,,https://www.indiacode.nic.in/,2026-09-15,Candidate—verify
RTI-17,Right to Information,"Right to Information Act, 2005",22 of 2005,17,Removal of State Chief Information Commissioner or State Information Commissioner .,"Removal of State Chief Information Commissioner or State Information Commissioner .— (1) Subject to the provisions of sub -section ( 3), the State Chief Information Commissioner or a State Information Commissioner shall be removed from his office only by order of the Governor on the ground of proved misbehaviour or incapacity after the Supreme Court, on a reference made to it by the Governor, has on inquiry, reported that the State Chief Information Commissioner or a State Information Commissioner, as the case may be, ought on such ground be removed. (2) The Governor may suspend from office, and if deem necessary prohibit also from attending the office during inquiry, the State Chief Information Commissioner or a State Information Commissioner in respect of whom a reference has been made to the Supreme Court under sub -section ( 1) until the Governor has passed orders on receipt of the report of the Supreme Court on such reference. (3) Notwithstanding anything contained in sub -section (1), the Governor may by order remove from office the State Chief Information Commissioner or a State Information Commissioner if a State Chief Information Commissioner or a State Information Commissioner, as the case may be,— (a) is adjudged an insolvent; or (b) has been convicted of an offence which, in the opinion of the Governor, involves moral turpitude; or (c) engages during his term of office in any paid employment outside the duties of his office; or (d) is, in the opinion of the Governor, unfit to continue in office by reason of infirmity of mind or body; or (e) has acquired such financial or other interest as is likely to affect prejudicially his functions as the State Chief Information Commissioner or a State Information Commissioner. (4) If the State Chief Information Commissioner or a State Information Commissioner in any way, concerned or interested in any contract or agreement made by or on behalf of the Government of the State or participates in any way in the profit thereof or in any benefit or emoluments arising therefrom otherwise than as a member and in common with the other members of an incorporated company, he shall, for the purposes of sub-section (1), be deemed to be guilty of misbehaviour. CHAPTER V POWERS AND FUNCTIONS OF THE INFORMATION COMMISSIONS, APPEAL AND PENALTIES",India,To be verified,,https://www.indiacode.nic.in/,2026-09-15,Candidate—verify
RTI-18,Right to Information,"Right to Information Act, 2005",22 of 2005,18,Powers and functions of Info rmation Commissions.,"Powers and functions of Info rmation Commissions.—(1) Subject to the provisions of this Act, it shall be the duty of the Central Information Commission or State Information Commission, as the case may be, to receive and inquire into a complaint from any person,—",India,To be verified,,https://www.indiacode.nic.in/,2026-09-15,Candidate—verify
RTI-19,Right to Information,"Right to Information Act, 2005",22 of 2005,19,Appeal .,"Appeal .—(1) Any person who, does not receive a decision within the time specified in sub-section (1) or clause ( a) of sub -section (3) of section 7, or is aggrieved by a decision of the Central Public Information Officer or State Public Information Officer, as the case may be, may within thirty days from the expiry of such period or from the receipt of such a decision prefer an appeal to such officer who is senior in rank to the Central Public Information Officer or State Public Information Officer as the case may be, in each public authority: Provided that such officer may admit the appeal after the expiry of the period of thirty days if he or she is satisfied that the appellant was prevented by sufficient cause from filing the appeal in time. (2) Where an appeal is preferred against an order made by a Central Public Information Officer or a State Public Information Officer, as the case may be, under section 11 to disclose third party information, the appeal by the concerned third party shall be made within thirty days from the date of the order. (3) A second appeal against the decision under sub -section (1) shall lie within ninety days from the date on which the decision should have been made or was actually received, with the Central Information Commission or the State Information Commission: Provided that the Central Information Commission or the State Information Commission, as the case may be, may admit the appeal after the expiry of the period of ninety days if it is satisfied that the appellant was prevented by sufficient cause from filing the appeal in time. (4) If the decision of the Central Public Information Officer or State Public Information Officer, as the case may be, against which an appeal is preferred relates to information of a third party, the Central Information Commission or State Information Commission, as the case may be, shall give a reasonable opportunity of being heard to that third party. (5) In any appeal proceedings, the onus to prove that a denial of a request was justified shall be on the Central Public Information Officer or State Public Information Officer, as the case may be, who denied the request. (6) An appeal under sub -section (1) or sub -section (2) shall be disposed of within thirty days of the receipt of the appeal or within such extended period not exceeding a total of forty -five days from the date of filing thereof, as the case may be, for reasons to be recorded in writing. (7) The decision of the Central Information Commission or State Information Commission, as the case may be, shall be binding. (8) In its decision, the Central Information Commission or State Information Commission, as the case may be, has the power to— (a) require the public authority to take any such steps as may be necessary to secure compliance with the provisions of this Act, including— (i) by providing access to information, if so requested, in a particular form; (ii) by appointing a Central Public Information Officer or State Public Information Officer, as the case may be; (iii) by publishing certain information or categories of information; (iv) by making necessary changes to its practices in relation to the maintenance, management and destruction of records; (v) by enhancing the provision of training on the right to information for its officials; (vi) by providing it with an annual report in compliance with clause ( b) of sub-section (1) of section 4; (b) require the public authority to compensate the complainant for any loss or other detriment suffered; (c) impose any of the penalties provided under this Act; (d) reject the application. (9) The Central Information Commission or State Information Commission, as the case may be, shall give notice of its decision, including any right of appeal, to the complainant and the public authority. (10) The Central Information Commission or State Information Commission, as the case may be, shall decide the appeal in accordance with such procedure as may be prescribed.",India,To be verified,,https://www.indiacode.nic.in/,2026-09-15,Candidate—verify
RTI-20,Right to Information,"Right to Information Act, 2005",22 of 2005,20,Penalties.,"Penalties.—(1)Where the Central Information Commission or the State Information Commission, as the case may be, at the time of deciding any complaint or appeal is of the opinion that the Central Public Information Officer or the State Public Information Officer, as the case may be, has, without any reasonable cause, refused to receive an application for information or has not furnished information within the time specified under sub -section ( 1) of section 7 or malafidely denied the request for information or knowingly given incorrect, incomplete or misleading information or destroyed information which was the subject of the request or obstructed in any manner in furnishing the information, it shall impose a penalty of two hundred and fifty rupees each day till application is received or information is furnished, so however, the total amount of such penalty shall not exceed twenty-five thousand rupees: Provided that the Central Public Information Officer or the State Public Information Officer, as the case may be, shall be given a reasonable opportunity of being heard before any penalty is imposed on him: Provided further that the burden of proving that he acted reasonably and diligently shall be on the Central Public Information Officer or the State Public Information Officer, as the case may be. (2) Where the Central Information Commission or the State Information Commission, as the case may be, at the time of deciding any complaint or appeal is of the opinion that the Central Public Information Officer or the State Public Information Officer, as the case may be, has, without any reasonable cause and persistently, failed to receive an application for information or has not furnished information within the time specified under sub -section (1) of section 7 or malafidely denied the request for informa tion or knowingly given incorrect, incomplete or misleading information or destroyed information which was the subject of the request or obstructed in any manner in furnishing the information, it shall recommend for disciplinary action against the Central Public Information Officer or the State Public Information Officer, as the case may be, under the service rules applicable to him. CHAPTER VI MISCELLANEOUS",India,To be verified,,https://www.indiacode.nic.in/,2026-09-15,Candidate—verify
RTI-21,Right to Information,"Right to Information Act, 2005",22 of 2005,21,Protection of action t aken in good faith .,"Protection of action t aken in good faith .—No suit, prosecution or other legal proceeding shall lie against any person for anything which is in good faith done or intended to be done under this Act or any rule made thereunder.",India,To be verified,,https://www.indiacode.nic.in/,2026-09-15,Candidate—verify
RTI-22,Right to Information,"Right to Information Act, 2005",22 of 2005,22,Act to have overriding effect .,"Act to have overriding effect .—The provisions of this Act shall have effect notwithstanding anything inconsistent therewith contained in the Official Secrets Act, 1923 (19 of 1923), and any other law for the time being in force or in any instrument having effect by virtue of any law other than this Act.",India,To be verified,,https://www.indiacode.nic.in/,2026-09-15,Candidate—verify
RTI-23,Right to Information,"Right to Information Act, 2005",22 of 2005,23,Bar of jurisdiction of courts.,"Bar of jurisdiction of courts.—No court shall entertain any suit, application or other proceeding in respect of any order made under this Act and no such order shall be called in question otherwise than by way of an appeal under this Act.",India,To be verified,,https://www.indiacode.nic.in/,2026-09-15,Candidate—verify
RTI-24,Right to Information,"Right to Information Act, 2005",22 of 2005,24,Act not to apply to certain organisations.,"Act not to apply to certain organisations.—(1) Nothing contained in this Act shall apply to the intelligence and security organisations specified in the Second Schedule, being organisations established by the Central Government or any information furnished by such organisations to that Government: Provided that the information pertaining to the allegations of corruption and human rights violations shall not be excluded under this sub-section: Provided further that in the case of information sought for is in respect of allegations of violation of human rights, the information shall only be provided after the approval of the Central Information Commission, and notwithstanding anything contained in section 7, such information shall be provided within forty-five days from the date of the receipt of request. (2) The Central Government may, by notification in the Official Gazette, amend the Schedule by including therein any other intelligence or security organisation established by that Government or omitting therefrom any organisation already specified therein and on the publication of such notification, such organisation shall be deemed to be included in or, as the case may be, omitted from the Schedule. (3) Every notification issued under sub-section (2) shall be laid before each House of Parliament. (4) Nothing contained in this Act shall apply to such intelligence and security organisation being organisations established by the State Government, as that Government may, from time to time, by notification in the Official Gazette, specify: Provided that the information pertaining to the allegations of corruption and human rights violations shall not be excluded under this sub-section: Provided further that in the case of information sought for is in respect of allegations of violation of human rights, the information shall only be provided after the approval of the State Information Commission and, notwithstanding anything contained in section 7, such information shall be provided within forty-five days from the date of the receipt of request. (5) Every notification issued under sub-section (4) shall be laid before the State Legislature.",India,To be verified,,https://www.indiacode.nic.in/,2026-09-15,Candidate—verify
RTI-25,Right to Information,"Right to Information Act, 2005",22 of 2005,25,Monitoring and reporting .,"Monitoring and reporting .—(1) The Central Information Commission or State Information Commission, as the case may be, shall, as soon as practicable after the end of each year, prepare a report on the implementation of the provisions of this Act during that year and forward a copy thereof to the appropriate Government. (2) Each Ministry or Department shall, in relation to the public authorities within their jurisdiction, collect and provide such information to the Central Information Commission or State Information Commission, as the case may be, as is required to prepare the report under this section and comply with the requirements concerning the furnishing of that information and keeping of records for the purposes of this section. (3) Each report shall state in respect of the year to which the report relates,— (a) the number of requests made to each public authority; (b) the number of decisions where applicants were not entitled to access to the documents pursuant to the requests, the provisions of this Act under which these decisions were made and the number of times such provisions were invoked; (c) the number of appeals referred to the Central Information Commission or State Information Commission, as the case may be, for review, the nature of the appeals and the outcome of the appeals; (d) particulars of any disciplinary action taken against any officer in respect of the administration of this Act; (e) the amount of charges collected by each public authority under this Act; (f) any facts which indicate an effort by the public authorities to administer and implement the spirit and intention of this Act; (g) recommendations for reform, including recommendations in respect of the particular public authorities, for the development, improvement, modernisation, reform or amendment to this Act or other legislation or common law or any other matter relevant for operationalising the right to access information. (4) The Central Government or the State Government, as the case may be, may, as soon as practicable after the end of each year, cause a copy of the report of the Central Information Commission or the State Information Commission, as the case may be, referred to in sub -section (1) to be laid before each House of Parliament or, as the case may be, before each House of the State Legislature, where there are two Houses, and where there is one House of the State Legislature before that House. (5) If it appears to the Central Information Commission or State Information Commission, as the case may be, that the practice of a public authority in relation to the exercise of its functions under this Act does not conform with the provisions or spirit of this Act, it may give to the authority a recommendation specifying the steps which ought in its opinion to be taken for promoting such conformity.",India,To be verified,,https://www.indiacode.nic.in/,2026-09-15,Candidate—verify
RTI-26,Right to Information,"Right to Information Act, 2005",22 of 2005,26,Appropriate Government to prepare programmes.,"Appropriate Government to prepare programmes.—(1) The appropriate Government may, to the extent of availability of financial and other resources,— (a) develop and organise educational programmes to advance the understanding of the public, in particular of disadvantaged communities as to how to exercise the rights contemplated under this Act; (b) encourage public authorities to participate in the development and organisation of programmes referred to in clause (a) and to undertake such programmes themselves; (c) promote timely and effective dissemination of accurate information by public authorities about their activities; and (d) train Central Public Information Officers or State Public Information Officers, as the case may be, of public authorities and produce relevant training materials for use by the public authorities themselves. (2) The appropriate Government shall, within eighteen months from the commencement of this Act, compile in its official language a guide containing such information, in an easily comprehensible form and manner, as may reasonably be required by a person who wishes to exercise any right specified in this Act. (3) The appropriate Government shall, if necessary, update and publish the guidelines referred to in sub-section (2) at regular intervals which shall, in particular and without prejudice to the general ity of sub-section (2), include— (a) the objects of this Act; (b) the postal and street address, the phone and fax number and, if available, electronic mail address of the Central Public Information Officer or State Public Information Officer, as the case may be, of every public authority appointed under sub-section (1) of section 5; (c) the manner and the form in which request for access to an information shall be made to a Central Public Information Officer or State Public Information Officer, as the case may be; (d) the assistance available from and the duties of the Central Public Information Officer or State Public Information Officer, as the case may be, of a public authority under this Act; (e) the assistance available from the Central Information Commission or State Information Commission, as the case may be; (f) all remedies in law available regarding an act or failure to act in respect of a right or duty conferred or imposed by this Act including the manner of filing an appeal to the Commission; (g) the provisions providing for the voluntary disclosure of categories of records in accordance with section 4; (h) the notices regarding fees to be paid in relation to requests for access to an information; and (i) any additional regulations or circulars made or issued in relation to obtaining access to an information in accordance with this Act. (4) The appropriate Government must, if necessary, update and publish the guidelines at regular intervals.",India,To be verified,,https://www.indiacode.nic.in/,2026-09-15,Candidate—verify
RTI-27,Right to Information,"Right to Information Act, 2005",22 of 2005,27,Power to make r ules by appropriate Government.,"Power to make r ules by appropriate Government.—(1) The appropriate Government may, by notification in the Official Gazette, make rules to carry out the provisions of this Act. (2) In particular, and without prejudice to the generality of the foregoing power, such rules may provide for all or any of the following matters, namely:— (a) the cost of the medium or print cost price of the materials to be disseminated under sub-section (4) of section 4; (b) the fee payable under sub-section (1) of section 6; (c) the fee payable under sub-sections (1) and (5) of section 7; 1[(ca) the term of office of the Chief Information Commissioner and Information Commissioners under sub-sections (1) and (2) of section 13 and the State Chief Information Commissioner and State Information Commissioners under sub-sections (1) and (2) of section 16; (cb) the salaries, allowances and other terms and conditions of service of the Chief Information Commissioner and the Information Commissioners under sub -section (5) of section 13 and the State Chief Information Commissioner and the State Information Commissioners under sub -section (5) of section 16;]",India,To be verified,,https://www.indiacode.nic.in/,2026-09-15,Candidate—verify
RTI-28,Right to Information,"Right to Information Act, 2005",22 of 2005,28,Power to mak e rules by competent authority .,"Power to mak e rules by competent authority .—(1) The competent authority may, by notification in the Official Gazette, make rules to carry out the provisions of this Act. (2) In particular, and without prejudice to the generality of the foregoing power, such rules may provide for all or any of the following matters, namely:— (i) the cost of the medium or print cost price of the materials to be disseminated under sub-section (4) of section 4; (ii) the fee payable under sub-section (1) of section 6; (iii) the fee payable under sub-section (1) of section 7; and (iv) any other matter which is required to be, or may be, prescribed.",India,To be verified,,https://www.indiacode.nic.in/,2026-09-15,Candidate—verify
RTI-29,Right to Information,"Right to Information Act, 2005",22 of 2005,29,Laying of rules.,"Laying of rules.—(1) Every rule made by the Central Government under this Act shall be laid, as soon as may be after it is made, before each House of Parliament, while it is in session, for a total period of thirty days which may be comprised in one session or in two or more successive sessions, and if, before the expiry of the session immediately following the session or the successive sessions aforesaid, both Houses agree in making any modification in the rule or both Houses agree that the rule should not be made, the rule shall thereafter have effect only in such modified form or be of no effect, as the case may be; so, however, that any such modification or annulment shall be without prejudice to the validity of anything previously done under that rule. (2) Every rule made under this Act by a State Government shall be laid, as soon as may be after it is notified, before the State Legislature.",India,To be verified,,https://www.indiacode.nic.in/,2026-09-15,Candidate—verify
RTI-30,Right to Information,"Right to Information Act, 2005",22 of 2005,30,Power to remove difficulties .,"Power to remove difficulties .—(1) If any difficulty arises in giving effect to the provisions of this Act, the Central Government may, by order published in the Official Gazette, make such provisions not inconsistent with the provisions of this Act as appear to it to be necessary or expedient for removal of the difficulty: Provided that no such order shall be made after the expiry of a period of two years from the date of the commencement of this Act. (2) Every order made under this section shall, as soon as may be after it is made, be laid before each House of Parliament.",India,To be verified,,https://www.indiacode.nic.in/,2026-09-15,Candidate—verify
RTI-31,Right to Information,"Right to Information Act, 2005",22 of 2005,31,Repeal.,"Repeal.—The Freedom of Information Act, 2002 (5 of 2003) is hereby repealed. THE FIRST SCHEDULE [See sections 13 (3) and 16(3)] FORM OF OATH OR AFFIRMATION TO BE MADE BY THE CHIEF INFORMATION COMMISSIONER/THE INFORMATION COMMISSIONER/THE STATE CHIEF INFORMATION COMMISSIONER/THE STATE INFORMATION COMMISSIONER “I, ....................., having been appointed Chief Information Commissioner/Information Commissioner/State Chief Information Commissioner /State Information Commissioner swear in the name of God that I will bear true faith and allegiance to the solemnly affirm Constitution of India as by law established, that I will uphold the sovereignty and integrity of India, that I will duly and faithfully and to the best of my ability, knowledge and judgment perform the duties of my office without fear or favour, affection or ill-will and that I will uphold the Constitution and the laws.”. THE SECOND SCHEDULE (See section 24) INTELLIGENCE AND SECURITY ORGANISATION ESTABLISHED BY THE CENTRAL GOVERNMENT",India,To be verified,,https://www.indiacode.nic.in/,2026-09-15,Candidate—verify
MVA-1,Motor Vehicles Law,"Motor Vehicles Act, 1988",59 of 1988,1,"Short title, extent and commencement.","Short title, extent and commencement.",India,To be verified,,https://www.indiacode.nic.in/,2026-09-15,Candidate—verify
MVA-2,Motor Vehicles Law,"Motor Vehicles Act, 1988",59 of 1988,2,Definitions.,Definitions.,India,To be verified,,https://www.indiacode.nic.in/,2026-09-15,Candidate—verify
MVA-2A,Motor Vehicles Law,"Motor Vehicles Act, 1988",59 of 1988,2A,E,E-cart and e-rickshaw.,India,To be verified,,https://www.indiacode.nic.in/,2026-09-15,Candidate—verify
MVA-2B,Motor Vehicles Law,"Motor Vehicles Act, 1988",59 of 1988,2B,"Promotion of innovation. 
CHAPTER II 
LICENSING OF DRIVERS OF MOTOR VEHICLES","Promotion of innovation. 
CHAPTER II 
LICENSING OF DRIVERS OF MOTOR VEHICLES",India,To be verified,,https://www.indiacode.nic.in/,2026-09-15,Candidate—verify
MVA-3,Motor Vehicles Law,"Motor Vehicles Act, 1988",59 of 1988,3,Necessity for driving licence.,Necessity for driving licence.,India,To be verified,,https://www.indiacode.nic.in/,2026-09-15,Candidate—verify
MVA-4,Motor Vehicles Law,"Motor Vehicles Act, 1988",59 of 1988,4,Age limit in connection with driving of motor vehicles.,Age limit in connection with driving of motor vehicles.,India,To be verified,,https://www.indiacode.nic.in/,2026-09-15,Candidate—verify
MVA-5,Motor Vehicles Law,"Motor Vehicles Act, 1988",59 of 1988,5,Responsibility of owners of motor vehicles for contravention of sections 3 and 4.,Responsibility of owners of motor vehicles for contravention of sections 3 and 4.,India,To be verified,,https://www.indiacode.nic.in/,2026-09-15,Candidate—verify
MVA-6,Motor Vehicles Law,"Motor Vehicles Act, 1988",59 of 1988,6,Restrictions on the holding of driving licences.,Restrictions on the holding of driving licences.,India,To be verified,,https://www.indiacode.nic.in/,2026-09-15,Candidate—verify
MVA-7,Motor Vehicles Law,"Motor Vehicles Act, 1988",59 of 1988,7,Restrictions on the granting of learner’s licences for certain vehicles.,Restrictions on the granting of learner’s licences for certain vehicles.,India,To be verified,,https://www.indiacode.nic.in/,2026-09-15,Candidate—verify
MVA-8,Motor Vehicles Law,"Motor Vehicles Act, 1988",59 of 1988,8,Grant of learner’s licence.,Grant of learner’s licence.,India,To be verified,,https://www.indiacode.nic.in/,2026-09-15,Candidate—verify
MVA-9,Motor Vehicles Law,"Motor Vehicles Act, 1988",59 of 1988,9,Grant of driving licence.,Grant of driving licence.,India,To be verified,,https://www.indiacode.nic.in/,2026-09-15,Candidate—verify
MVA-10,Motor Vehicles Law,"Motor Vehicles Act, 1988",59 of 1988,10,Form and contents of licences to drive.,Form and contents of licences to drive.,India,To be verified,,https://www.indiacode.nic.in/,2026-09-15,Candidate—verify
MVA-11,Motor Vehicles Law,"Motor Vehicles Act, 1988",59 of 1988,11,Additions to driving licence.,Additions to driving licence.,India,To be verified,,https://www.indiacode.nic.in/,2026-09-15,Candidate—verify
MVA-12,Motor Vehicles Law,"Motor Vehicles Act, 1988",59 of 1988,12,"Licensing and regulation of schools or establishments for imparting instruction in driving of motor 
vehicles.","Licensing and regulation of schools or establishments for imparting instruction in driving of motor 
vehicles.",India,To be verified,,https://www.indiacode.nic.in/,2026-09-15,Candidate—verify
MVA-13,Motor Vehicles Law,"Motor Vehicles Act, 1988",59 of 1988,13,"Extent of effectiveness of licences, to drive motor vehicles.","Extent of effectiveness of licences, to drive motor vehicles.",India,To be verified,,https://www.indiacode.nic.in/,2026-09-15,Candidate—verify
MVA-14,Motor Vehicles Law,"Motor Vehicles Act, 1988",59 of 1988,14,Currency of licences to drive motor vehicles.,Currency of licences to drive motor vehicles.,India,To be verified,,https://www.indiacode.nic.in/,2026-09-15,Candidate—verify
MVA-15,Motor Vehicles Law,"Motor Vehicles Act, 1988",59 of 1988,15,Renewal of driving licences.,Renewal of driving licences.,India,To be verified,,https://www.indiacode.nic.in/,2026-09-15,Candidate—verify
MVA-16,Motor Vehicles Law,"Motor Vehicles Act, 1988",59 of 1988,16,Revocation of driving licence on grounds of disease or disability.,Revocation of driving licence on grounds of disease or disability.,India,To be verified,,https://www.indiacode.nic.in/,2026-09-15,Candidate—verify
MVA-17,Motor Vehicles Law,"Motor Vehicles Act, 1988",59 of 1988,17,Orders refusing or revoking driving licences and appeals therefrom.,Orders refusing or revoking driving licences and appeals therefrom.,India,To be verified,,https://www.indiacode.nic.in/,2026-09-15,Candidate—verify
MVA-18,Motor Vehicles Law,"Motor Vehicles Act, 1988",59 of 1988,18,"Driving Licences to drive motor vehicles, belonging to the Central Government.","Driving Licences to drive motor vehicles, belonging to the Central Government.",India,To be verified,,https://www.indiacode.nic.in/,2026-09-15,Candidate—verify
MVA-19,Motor Vehicles Law,"Motor Vehicles Act, 1988",59 of 1988,19,Power of licensing authority to disqualify from holding a driving licence or revoke such licence.,Power of licensing authority to disqualify from holding a driving licence or revoke such licence.,India,To be verified,,https://www.indiacode.nic.in/,2026-09-15,Candidate—verify
MVA-20,Motor Vehicles Law,"Motor Vehicles Act, 1988",59 of 1988,20,Power of Court to disqualify.,Power of Court to disqualify.,India,To be verified,,https://www.indiacode.nic.in/,2026-09-15,Candidate—verify
MVA-21,Motor Vehicles Law,"Motor Vehicles Act, 1988",59 of 1988,21,Suspension of driving licence in certain cases.,Suspension of driving licence in certain cases.,India,To be verified,,https://www.indiacode.nic.in/,2026-09-15,Candidate—verify
MVA-22,Motor Vehicles Law,"Motor Vehicles Act, 1988",59 of 1988,22,Suspension or cancellation of driving licence on conviction.,Suspension or cancellation of driving licence on conviction.,India,To be verified,,https://www.indiacode.nic.in/,2026-09-15,Candidate—verify
MVA-23,Motor Vehicles Law,"Motor Vehicles Act, 1988",59 of 1988,23,Effect of disqualification order.,Effect of disqualification order.,India,To be verified,,https://www.indiacode.nic.in/,2026-09-15,Candidate—verify
MVA-24,Motor Vehicles Law,"Motor Vehicles Act, 1988",59 of 1988,24,Endorsement.,Endorsement.,India,To be verified,,https://www.indiacode.nic.in/,2026-09-15,Candidate—verify
MVA-25,Motor Vehicles Law,"Motor Vehicles Act, 1988",59 of 1988,25,Transfer of endorsement and issue of driving licence free from endorsement.,Transfer of endorsement and issue of driving licence free from endorsement.,India,To be verified,,https://www.indiacode.nic.in/,2026-09-15,Candidate—verify
MVA-25A,Motor Vehicles Law,"Motor Vehicles Act, 1988",59 of 1988,25A,National Register of Driving Licences.,National Register of Driving Licences.,India,To be verified,,https://www.indiacode.nic.in/,2026-09-15,Candidate—verify
MVA-26,Motor Vehicles Law,"Motor Vehicles Act, 1988",59 of 1988,26,Maintenance of State Registers of Driving Licences.,Maintenance of State Registers of Driving Licences.,India,To be verified,,https://www.indiacode.nic.in/,2026-09-15,Candidate—verify
MVA-27,Motor Vehicles Law,"Motor Vehicles Act, 1988",59 of 1988,27,Power of Central Government to make rules.,Power of Central Government to make rules.,India,To be verified,,https://www.indiacode.nic.in/,2026-09-15,Candidate—verify
MVA-28,Motor Vehicles Law,"Motor Vehicles Act, 1988",59 of 1988,28,"Power of State Government to make rules. 
 
 
IndiaCode
4 
 
CHAPTER III 
LICENSING OF CONDUCTORS OF STAGE CARRIAGES 
SECTIONS","Power of State Government to make rules. 
 
 
IndiaCode
4 
 
CHAPTER III 
LICENSING OF CONDUCTORS OF STAGE CARRIAGES 
SECTIONS",India,To be verified,,https://www.indiacode.nic.in/,2026-09-15,Candidate—verify
MVA-29,Motor Vehicles Law,"Motor Vehicles Act, 1988",59 of 1988,29,Necessity for conductor’s licence.,Necessity for conductor’s licence.,India,To be verified,,https://www.indiacode.nic.in/,2026-09-15,Candidate—verify
MVA-30,Motor Vehicles Law,"Motor Vehicles Act, 1988",59 of 1988,30,Grant of conductor’s licence.,Grant of conductor’s licence.,India,To be verified,,https://www.indiacode.nic.in/,2026-09-15,Candidate—verify
MVA-31,Motor Vehicles Law,"Motor Vehicles Act, 1988",59 of 1988,31,Disqualifications for the grant of conductor’s licence.,Disqualifications for the grant of conductor’s licence.,India,To be verified,,https://www.indiacode.nic.in/,2026-09-15,Candidate—verify
MVA-32,Motor Vehicles Law,"Motor Vehicles Act, 1988",59 of 1988,32,Revocation of a conductor’s licence on grounds of disease or disability.,Revocation of a conductor’s licence on grounds of disease or disability.,India,To be verified,,https://www.indiacode.nic.in/,2026-09-15,Candidate—verify
MVA-33,Motor Vehicles Law,"Motor Vehicles Act, 1988",59 of 1988,33,"Orders refusing, etc., conductor’s licences and appeals therefrom.","Orders refusing, etc., conductor’s licences and appeals therefrom.",India,To be verified,,https://www.indiacode.nic.in/,2026-09-15,Candidate—verify
MVA-34,Motor Vehicles Law,"Motor Vehicles Act, 1988",59 of 1988,34,Power of licensing authority to disqualify.,Power of licensing authority to disqualify.,India,To be verified,,https://www.indiacode.nic.in/,2026-09-15,Candidate—verify
MVA-35,Motor Vehicles Law,"Motor Vehicles Act, 1988",59 of 1988,35,Power of Court to disqualify.,Power of Court to disqualify.,India,To be verified,,https://www.indiacode.nic.in/,2026-09-15,Candidate—verify
MVA-36,Motor Vehicles Law,"Motor Vehicles Act, 1988",59 of 1988,36,Certain provisions of Chapter II to apply to conductor’s licence.,Certain provisions of Chapter II to apply to conductor’s licence.,India,To be verified,,https://www.indiacode.nic.in/,2026-09-15,Candidate—verify
MVA-37,Motor Vehicles Law,"Motor Vehicles Act, 1988",59 of 1988,37,Savings.,Savings.,India,To be verified,,https://www.indiacode.nic.in/,2026-09-15,Candidate—verify
MVA-38,Motor Vehicles Law,"Motor Vehicles Act, 1988",59 of 1988,38,"Power of State Government to make rules. 
CHAPTER IV 
REGISTRATION OF MOTOR VEHICLES","Power of State Government to make rules. 
CHAPTER IV 
REGISTRATION OF MOTOR VEHICLES",India,To be verified,,https://www.indiacode.nic.in/,2026-09-15,Candidate—verify
MVA-39,Motor Vehicles Law,"Motor Vehicles Act, 1988",59 of 1988,39,Necessity for registration.,Necessity for registration.,India,To be verified,,https://www.indiacode.nic.in/,2026-09-15,Candidate—verify
MVA-40,Motor Vehicles Law,"Motor Vehicles Act, 1988",59 of 1988,40,"Registration, where to be made.","Registration, where to be made.",India,To be verified,,https://www.indiacode.nic.in/,2026-09-15,Candidate—verify
MVA-41,Motor Vehicles Law,"Motor Vehicles Act, 1988",59 of 1988,41,"Registration, how to be made.","Registration, how to be made.",India,To be verified,,https://www.indiacode.nic.in/,2026-09-15,Candidate—verify
MVA-42,Motor Vehicles Law,"Motor Vehicles Act, 1988",59 of 1988,42,"Special provision for registration of motor vehicles of diplomatic officers, etc.","Special provision for registration of motor vehicles of diplomatic officers, etc.",India,To be verified,,https://www.indiacode.nic.in/,2026-09-15,Candidate—verify
MVA-43,Motor Vehicles Law,"Motor Vehicles Act, 1988",59 of 1988,43,Temporary registration.,Temporary registration.,India,To be verified,,https://www.indiacode.nic.in/,2026-09-15,Candidate—verify
MVA-44,Motor Vehicles Law,"Motor Vehicles Act, 1988",59 of 1988,44,Production of vehicle at the time of registration.,Production of vehicle at the time of registration.,India,To be verified,,https://www.indiacode.nic.in/,2026-09-15,Candidate—verify
MVA-45,Motor Vehicles Law,"Motor Vehicles Act, 1988",59 of 1988,45,Refusal of registration or renewal of the certificate of registration.,Refusal of registration or renewal of the certificate of registration.,India,To be verified,,https://www.indiacode.nic.in/,2026-09-15,Candidate—verify
MVA-46,Motor Vehicles Law,"Motor Vehicles Act, 1988",59 of 1988,46,Effectiveness in India of registration.,Effectiveness in India of registration.,India,To be verified,,https://www.indiacode.nic.in/,2026-09-15,Candidate—verify
MVA-47,Motor Vehicles Law,"Motor Vehicles Act, 1988",59 of 1988,47,Assignment of new registration mark on removal to another State.,Assignment of new registration mark on removal to another State.,India,To be verified,,https://www.indiacode.nic.in/,2026-09-15,Candidate—verify
MVA-48,Motor Vehicles Law,"Motor Vehicles Act, 1988",59 of 1988,48,No objection certificate.,No objection certificate.,India,To be verified,,https://www.indiacode.nic.in/,2026-09-15,Candidate—verify
MVA-49,Motor Vehicles Law,"Motor Vehicles Act, 1988",59 of 1988,49,Change of residence or place of business.,Change of residence or place of business.,India,To be verified,,https://www.indiacode.nic.in/,2026-09-15,Candidate—verify
MVA-50,Motor Vehicles Law,"Motor Vehicles Act, 1988",59 of 1988,50,Transfer of ownership.,Transfer of ownership.,India,To be verified,,https://www.indiacode.nic.in/,2026-09-15,Candidate—verify
MVA-51,Motor Vehicles Law,"Motor Vehicles Act, 1988",59 of 1988,51,Special provisions regarding motor vehicle subject to hire,"Special provisions regarding motor vehicle subject to hire-purchase agreement, etc.",India,To be verified,,https://www.indiacode.nic.in/,2026-09-15,Candidate—verify
MVA-52,Motor Vehicles Law,"Motor Vehicles Act, 1988",59 of 1988,52,Alteration in motor vehicle.,Alteration in motor vehicle.,India,To be verified,,https://www.indiacode.nic.in/,2026-09-15,Candidate—verify
MVA-53,Motor Vehicles Law,"Motor Vehicles Act, 1988",59 of 1988,53,Suspension of registration.,Suspension of registration.,India,To be verified,,https://www.indiacode.nic.in/,2026-09-15,Candidate—verify
MVA-54,Motor Vehicles Law,"Motor Vehicles Act, 1988",59 of 1988,54,Cancellation of registration suspended under section 53.,Cancellation of registration suspended under section 53.,India,To be verified,,https://www.indiacode.nic.in/,2026-09-15,Candidate—verify
MVA-55,Motor Vehicles Law,"Motor Vehicles Act, 1988",59 of 1988,55,Cancellation of registration.,Cancellation of registration.,India,To be verified,,https://www.indiacode.nic.in/,2026-09-15,Candidate—verify
MVA-56,Motor Vehicles Law,"Motor Vehicles Act, 1988",59 of 1988,56,Certificate of fitness of transport vehicles.,Certificate of fitness of transport vehicles.,India,To be verified,,https://www.indiacode.nic.in/,2026-09-15,Candidate—verify
MVA-57,Motor Vehicles Law,"Motor Vehicles Act, 1988",59 of 1988,57,Appeals.,Appeals.,India,To be verified,,https://www.indiacode.nic.in/,2026-09-15,Candidate—verify
MVA-58,Motor Vehicles Law,"Motor Vehicles Act, 1988",59 of 1988,58,Special provisions in regard to transport vehicles.,Special provisions in regard to transport vehicles.,India,To be verified,,https://www.indiacode.nic.in/,2026-09-15,Candidate—verify
MVA-59,Motor Vehicles Law,"Motor Vehicles Act, 1988",59 of 1988,59,Power to fix the age limit of motor vehicle.,Power to fix the age limit of motor vehicle.,India,To be verified,,https://www.indiacode.nic.in/,2026-09-15,Candidate—verify
MVA-60,Motor Vehicles Law,"Motor Vehicles Act, 1988",59 of 1988,60,Registration of vehicles belonging to the Central Government.,Registration of vehicles belonging to the Central Government.,India,To be verified,,https://www.indiacode.nic.in/,2026-09-15,Candidate—verify
MVA-61,Motor Vehicles Law,"Motor Vehicles Act, 1988",59 of 1988,61,Application of Chapter to trailers.,Application of Chapter to trailers.,India,To be verified,,https://www.indiacode.nic.in/,2026-09-15,Candidate—verify
MVA-62,Motor Vehicles Law,"Motor Vehicles Act, 1988",59 of 1988,62,"Information regarding stolen and recovered motor vehicles to be furnished by the police to the 
State Transport Authority.","Information regarding stolen and recovered motor vehicles to be furnished by the police to the 
State Transport Authority.",India,To be verified,,https://www.indiacode.nic.in/,2026-09-15,Candidate—verify
MVA-62A,Motor Vehicles Law,"Motor Vehicles Act, 1988",59 of 1988,62A,Prohibition of registration and issuance of certificate of fitness to oversized vehicles.,Prohibition of registration and issuance of certificate of fitness to oversized vehicles.,India,To be verified,,https://www.indiacode.nic.in/,2026-09-15,Candidate—verify
MVA-62B,Motor Vehicles Law,"Motor Vehicles Act, 1988",59 of 1988,62B,National Register of Motor Vehicles.,National Register of Motor Vehicles.,India,To be verified,,https://www.indiacode.nic.in/,2026-09-15,Candidate—verify
MVA-63,Motor Vehicles Law,"Motor Vehicles Act, 1988",59 of 1988,63,Maintenance of State Registers of Motor Vehicles.,Maintenance of State Registers of Motor Vehicles.,India,To be verified,,https://www.indiacode.nic.in/,2026-09-15,Candidate—verify
MVA-64,Motor Vehicles Law,"Motor Vehicles Act, 1988",59 of 1988,64,Power of Central Government to make rules.,Power of Central Government to make rules.,India,To be verified,,https://www.indiacode.nic.in/,2026-09-15,Candidate—verify
MVA-65,Motor Vehicles Law,"Motor Vehicles Act, 1988",59 of 1988,65,"Power of State Government to make rules. 
  
IndiaCode
5 
 
CHAPTER V 
CONTROL OF TRANSPORT VEHICLES 
SECTIONS","Power of State Government to make rules. 
  
IndiaCode
5 
 
CHAPTER V 
CONTROL OF TRANSPORT VEHICLES 
SECTIONS",India,To be verified,,https://www.indiacode.nic.in/,2026-09-15,Candidate—verify
MVA-66,Motor Vehicles Law,"Motor Vehicles Act, 1988",59 of 1988,66,Necessity for permits.,Necessity for permits.,India,To be verified,,https://www.indiacode.nic.in/,2026-09-15,Candidate—verify
MVA-66A,Motor Vehicles Law,"Motor Vehicles Act, 1988",59 of 1988,66A,National Transportation Policy.,National Transportation Policy.,India,To be verified,,https://www.indiacode.nic.in/,2026-09-15,Candidate—verify
MVA-66B,Motor Vehicles Law,"Motor Vehicles Act, 1988",59 of 1988,66B,No bar against permit holders to apply and hold licences under schemes.,No bar against permit holders to apply and hold licences under schemes.,India,To be verified,,https://www.indiacode.nic.in/,2026-09-15,Candidate—verify
MVA-67,Motor Vehicles Law,"Motor Vehicles Act, 1988",59 of 1988,67,Power to State Government to control road transport.,Power to State Government to control road transport.,India,To be verified,,https://www.indiacode.nic.in/,2026-09-15,Candidate—verify
MVA-68,Motor Vehicles Law,"Motor Vehicles Act, 1988",59 of 1988,68,Transport Authorities.,Transport Authorities.,India,To be verified,,https://www.indiacode.nic.in/,2026-09-15,Candidate—verify
MVA-69,Motor Vehicles Law,"Motor Vehicles Act, 1988",59 of 1988,69,General provision as to applications for permits.,General provision as to applications for permits.,India,To be verified,,https://www.indiacode.nic.in/,2026-09-15,Candidate—verify
MVA-70,Motor Vehicles Law,"Motor Vehicles Act, 1988",59 of 1988,70,Application for stage carriage permit.,Application for stage carriage permit.,India,To be verified,,https://www.indiacode.nic.in/,2026-09-15,Candidate—verify
MVA-71,Motor Vehicles Law,"Motor Vehicles Act, 1988",59 of 1988,71,Procedure of Regional Transport Authority in considering application for stage carriage permit.,Procedure of Regional Transport Authority in considering application for stage carriage permit.,India,To be verified,,https://www.indiacode.nic.in/,2026-09-15,Candidate—verify
MVA-72,Motor Vehicles Law,"Motor Vehicles Act, 1988",59 of 1988,72,Grant of stage carriage permits.,Grant of stage carriage permits.,India,To be verified,,https://www.indiacode.nic.in/,2026-09-15,Candidate—verify
MVA-73,Motor Vehicles Law,"Motor Vehicles Act, 1988",59 of 1988,73,Application for contract carriage permit.,Application for contract carriage permit.,India,To be verified,,https://www.indiacode.nic.in/,2026-09-15,Candidate—verify
MVA-74,Motor Vehicles Law,"Motor Vehicles Act, 1988",59 of 1988,74,Grant of contract carriage permit.,Grant of contract carriage permit.,India,To be verified,,https://www.indiacode.nic.in/,2026-09-15,Candidate—verify
MVA-75,Motor Vehicles Law,"Motor Vehicles Act, 1988",59 of 1988,75,Scheme for renting of motor cabs and motor cycles.,Scheme for renting of motor cabs and motor cycles.,India,To be verified,,https://www.indiacode.nic.in/,2026-09-15,Candidate—verify
MVA-76,Motor Vehicles Law,"Motor Vehicles Act, 1988",59 of 1988,76,Application for private service vehicle permit.,Application for private service vehicle permit.,India,To be verified,,https://www.indiacode.nic.in/,2026-09-15,Candidate—verify
MVA-77,Motor Vehicles Law,"Motor Vehicles Act, 1988",59 of 1988,77,Application for goods carriage permit.,Application for goods carriage permit.,India,To be verified,,https://www.indiacode.nic.in/,2026-09-15,Candidate—verify
MVA-78,Motor Vehicles Law,"Motor Vehicles Act, 1988",59 of 1988,78,Consideration of application for goods carriage permit.,Consideration of application for goods carriage permit.,India,To be verified,,https://www.indiacode.nic.in/,2026-09-15,Candidate—verify
MVA-79,Motor Vehicles Law,"Motor Vehicles Act, 1988",59 of 1988,79,Grant of goods carriage permit.,Grant of goods carriage permit.,India,To be verified,,https://www.indiacode.nic.in/,2026-09-15,Candidate—verify
MVA-80,Motor Vehicles Law,"Motor Vehicles Act, 1988",59 of 1988,80,Procedure in applying for and granting permits.,Procedure in applying for and granting permits.,India,To be verified,,https://www.indiacode.nic.in/,2026-09-15,Candidate—verify
MVA-81,Motor Vehicles Law,"Motor Vehicles Act, 1988",59 of 1988,81,Duration and renewal of permits.,Duration and renewal of permits.,India,To be verified,,https://www.indiacode.nic.in/,2026-09-15,Candidate—verify
MVA-82,Motor Vehicles Law,"Motor Vehicles Act, 1988",59 of 1988,82,Transfer of permit.,Transfer of permit.,India,To be verified,,https://www.indiacode.nic.in/,2026-09-15,Candidate—verify
MVA-83,Motor Vehicles Law,"Motor Vehicles Act, 1988",59 of 1988,83,Replacement of vehicles.,Replacement of vehicles.,India,To be verified,,https://www.indiacode.nic.in/,2026-09-15,Candidate—verify
MVA-84,Motor Vehicles Law,"Motor Vehicles Act, 1988",59 of 1988,84,General conditions attaching to all permits.,General conditions attaching to all permits.,India,To be verified,,https://www.indiacode.nic.in/,2026-09-15,Candidate—verify
MVA-85,Motor Vehicles Law,"Motor Vehicles Act, 1988",59 of 1988,85,General form of permits.,General form of permits.,India,To be verified,,https://www.indiacode.nic.in/,2026-09-15,Candidate—verify
MVA-86,Motor Vehicles Law,"Motor Vehicles Act, 1988",59 of 1988,86,Cancellation and suspension of permits.,Cancellation and suspension of permits.,India,To be verified,,https://www.indiacode.nic.in/,2026-09-15,Candidate—verify
MVA-87,Motor Vehicles Law,"Motor Vehicles Act, 1988",59 of 1988,87,Temporary permits.,Temporary permits.,India,To be verified,,https://www.indiacode.nic.in/,2026-09-15,Candidate—verify
MVA-88,Motor Vehicles Law,"Motor Vehicles Act, 1988",59 of 1988,88,Validation of permits for use outside region in which granted.,Validation of permits for use outside region in which granted.,India,To be verified,,https://www.indiacode.nic.in/,2026-09-15,Candidate—verify
MVA-88A,Motor Vehicles Law,"Motor Vehicles Act, 1988",59 of 1988,88A,"Power of Central Government to make schemes for national, multimodal and inter","Power of Central Government to make schemes for national, multimodal and inter-State 
transport of passengers and goods.",India,To be verified,,https://www.indiacode.nic.in/,2026-09-15,Candidate—verify
MVA-89,Motor Vehicles Law,"Motor Vehicles Act, 1988",59 of 1988,89,Appeals.,Appeals.,India,To be verified,,https://www.indiacode.nic.in/,2026-09-15,Candidate—verify
MVA-90,Motor Vehicles Law,"Motor Vehicles Act, 1988",59 of 1988,90,Revision.,Revision.,India,To be verified,,https://www.indiacode.nic.in/,2026-09-15,Candidate—verify
MVA-91,Motor Vehicles Law,"Motor Vehicles Act, 1988",59 of 1988,91,Restriction of hours of work of drivers.,Restriction of hours of work of drivers.,India,To be verified,,https://www.indiacode.nic.in/,2026-09-15,Candidate—verify
MVA-92,Motor Vehicles Law,"Motor Vehicles Act, 1988",59 of 1988,92,Voidance of contracts restrictive of liability.,Voidance of contracts restrictive of liability.,India,To be verified,,https://www.indiacode.nic.in/,2026-09-15,Candidate—verify
MVA-93,Motor Vehicles Law,"Motor Vehicles Act, 1988",59 of 1988,93,Agent or canvasser or aggregator to obtain licence.,Agent or canvasser or aggregator to obtain licence.,India,To be verified,,https://www.indiacode.nic.in/,2026-09-15,Candidate—verify
MVA-94,Motor Vehicles Law,"Motor Vehicles Act, 1988",59 of 1988,94,Bar on jurisdiction of Civil Courts.,Bar on jurisdiction of Civil Courts.,India,To be verified,,https://www.indiacode.nic.in/,2026-09-15,Candidate—verify
MVA-95,Motor Vehicles Law,"Motor Vehicles Act, 1988",59 of 1988,95,Power of State Government to make rules as to stage carriages and contract carriages.,Power of State Government to make rules as to stage carriages and contract carriages.,India,To be verified,,https://www.indiacode.nic.in/,2026-09-15,Candidate—verify
MVA-96,Motor Vehicles Law,"Motor Vehicles Act, 1988",59 of 1988,96,"Power of State Government to make rules for the purposes of this Chapter. 
 
CHAPTER VI 
SPECIAL PROVISIONS RELATING TO STATE TRANSPORT UNDERTAKINGS","Power of State Government to make rules for the purposes of this Chapter. 
 
CHAPTER VI 
SPECIAL PROVISIONS RELATING TO STATE TRANSPORT UNDERTAKINGS",India,To be verified,,https://www.indiacode.nic.in/,2026-09-15,Candidate—verify
MVA-97,Motor Vehicles Law,"Motor Vehicles Act, 1988",59 of 1988,97,Definition.,Definition.,India,To be verified,,https://www.indiacode.nic.in/,2026-09-15,Candidate—verify
MVA-98,Motor Vehicles Law,"Motor Vehicles Act, 1988",59 of 1988,98,Chapter to override Chapter V and other laws.,Chapter to override Chapter V and other laws.,India,To be verified,,https://www.indiacode.nic.in/,2026-09-15,Candidate—verify
MVA-99,Motor Vehicles Law,"Motor Vehicles Act, 1988",59 of 1988,99,"Preparation and publication of proposal regarding road transport service of a State transport 
undertaking.","Preparation and publication of proposal regarding road transport service of a State transport 
undertaking.",India,To be verified,,https://www.indiacode.nic.in/,2026-09-15,Candidate—verify
MVA-100,Motor Vehicles Law,"Motor Vehicles Act, 1988",59 of 1988,100,Objection to the proposal.,Objection to the proposal.,India,To be verified,,https://www.indiacode.nic.in/,2026-09-15,Candidate—verify
MVA-101,Motor Vehicles Law,"Motor Vehicles Act, 1988",59 of 1988,101,"Operation of additional services by a State transport undertaking in certain circumstances.  
IndiaCode
6 
 
SECTIONS","Operation of additional services by a State transport undertaking in certain circumstances.  
IndiaCode
6 
 
SECTIONS",India,To be verified,,https://www.indiacode.nic.in/,2026-09-15,Candidate—verify
MVA-102,Motor Vehicles Law,"Motor Vehicles Act, 1988",59 of 1988,102,Cancellation or modification of scheme.,Cancellation or modification of scheme.,India,To be verified,,https://www.indiacode.nic.in/,2026-09-15,Candidate—verify
MVA-103,Motor Vehicles Law,"Motor Vehicles Act, 1988",59 of 1988,103,Issue of permits to State transport undertakings.,Issue of permits to State transport undertakings.,India,To be verified,,https://www.indiacode.nic.in/,2026-09-15,Candidate—verify
MVA-104,Motor Vehicles Law,"Motor Vehicles Act, 1988",59 of 1988,104,Restriction on grant of permits in respect of a notified area or notified route.,Restriction on grant of permits in respect of a notified area or notified route.,India,To be verified,,https://www.indiacode.nic.in/,2026-09-15,Candidate—verify
MVA-105,Motor Vehicles Law,"Motor Vehicles Act, 1988",59 of 1988,105,Principles and method of determining compensation and payment thereof.,Principles and method of determining compensation and payment thereof.,India,To be verified,,https://www.indiacode.nic.in/,2026-09-15,Candidate—verify
MVA-106,Motor Vehicles Law,"Motor Vehicles Act, 1988",59 of 1988,106,Disposal of article found in vehicles.,Disposal of article found in vehicles.,India,To be verified,,https://www.indiacode.nic.in/,2026-09-15,Candidate—verify
MVA-107,Motor Vehicles Law,"Motor Vehicles Act, 1988",59 of 1988,107,Power of State Government to make rules.,Power of State Government to make rules.,India,To be verified,,https://www.indiacode.nic.in/,2026-09-15,Candidate—verify
MVA-108,Motor Vehicles Law,"Motor Vehicles Act, 1988",59 of 1988,108,"Certain powers of State Government exercisable by the Central Government. 
 
CHAPTER VII 
CONSTRUCTION, EQUIPMENT AND MAINTENANCE OF MOTOR VEHICLES","Certain powers of State Government exercisable by the Central Government. 
 
CHAPTER VII 
CONSTRUCTION, EQUIPMENT AND MAINTENANCE OF MOTOR VEHICLES",India,To be verified,,https://www.indiacode.nic.in/,2026-09-15,Candidate—verify
MVA-109,Motor Vehicles Law,"Motor Vehicles Act, 1988",59 of 1988,109,General provision regarding construction and maintenance of vehicles.,General provision regarding construction and maintenance of vehicles.,India,To be verified,,https://www.indiacode.nic.in/,2026-09-15,Candidate—verify
MVA-110,Motor Vehicles Law,"Motor Vehicles Act, 1988",59 of 1988,110,Power of Central Government to make rules.,Power of Central Government to make rules.,India,To be verified,,https://www.indiacode.nic.in/,2026-09-15,Candidate—verify
MVA-110A,Motor Vehicles Law,"Motor Vehicles Act, 1988",59 of 1988,110A,Recall of motor vehicles.,Recall of motor vehicles.,India,To be verified,,https://www.indiacode.nic.in/,2026-09-15,Candidate—verify
MVA-110B,Motor Vehicles Law,"Motor Vehicles Act, 1988",59 of 1988,110B,Type of approval certificate and testing agencies.,Type of approval certificate and testing agencies.,India,To be verified,,https://www.indiacode.nic.in/,2026-09-15,Candidate—verify
MVA-111,Motor Vehicles Law,"Motor Vehicles Act, 1988",59 of 1988,111,"Power of State Government to make rules. 
 
CHAPTER VIII 
CONTROL OF TRAFFIC","Power of State Government to make rules. 
 
CHAPTER VIII 
CONTROL OF TRAFFIC",India,To be verified,,https://www.indiacode.nic.in/,2026-09-15,Candidate—verify
MVA-112,Motor Vehicles Law,"Motor Vehicles Act, 1988",59 of 1988,112,Limits of speed.,Limits of speed.,India,To be verified,,https://www.indiacode.nic.in/,2026-09-15,Candidate—verify
MVA-113,Motor Vehicles Law,"Motor Vehicles Act, 1988",59 of 1988,113,Limits of weight and limitations on use.,Limits of weight and limitations on use.,India,To be verified,,https://www.indiacode.nic.in/,2026-09-15,Candidate—verify
MVA-114,Motor Vehicles Law,"Motor Vehicles Act, 1988",59 of 1988,114,Power to have vehicle weighed.,Power to have vehicle weighed.,India,To be verified,,https://www.indiacode.nic.in/,2026-09-15,Candidate—verify
MVA-115,Motor Vehicles Law,"Motor Vehicles Act, 1988",59 of 1988,115,Power to restrict the use of vehicles.,Power to restrict the use of vehicles.,India,To be verified,,https://www.indiacode.nic.in/,2026-09-15,Candidate—verify
MVA-116,Motor Vehicles Law,"Motor Vehicles Act, 1988",59 of 1988,116,Power to erect traffic signs.,Power to erect traffic signs.,India,To be verified,,https://www.indiacode.nic.in/,2026-09-15,Candidate—verify
MVA-117,Motor Vehicles Law,"Motor Vehicles Act, 1988",59 of 1988,117,Parking places and halting stations.,Parking places and halting stations.,India,To be verified,,https://www.indiacode.nic.in/,2026-09-15,Candidate—verify
MVA-118,Motor Vehicles Law,"Motor Vehicles Act, 1988",59 of 1988,118,Driving regulations.,Driving regulations.,India,To be verified,,https://www.indiacode.nic.in/,2026-09-15,Candidate—verify
MVA-119,Motor Vehicles Law,"Motor Vehicles Act, 1988",59 of 1988,119,Duty to obey traffic signs.,Duty to obey traffic signs.,India,To be verified,,https://www.indiacode.nic.in/,2026-09-15,Candidate—verify
MVA-120,Motor Vehicles Law,"Motor Vehicles Act, 1988",59 of 1988,120,Vehicles with left hand control.,Vehicles with left hand control.,India,To be verified,,https://www.indiacode.nic.in/,2026-09-15,Candidate—verify
MVA-121,Motor Vehicles Law,"Motor Vehicles Act, 1988",59 of 1988,121,Signals and signalling devices.,Signals and signalling devices.,India,To be verified,,https://www.indiacode.nic.in/,2026-09-15,Candidate—verify
MVA-122,Motor Vehicles Law,"Motor Vehicles Act, 1988",59 of 1988,122,Leaving vehicle in dangerous position.,Leaving vehicle in dangerous position.,India,To be verified,,https://www.indiacode.nic.in/,2026-09-15,Candidate—verify
MVA-123,Motor Vehicles Law,"Motor Vehicles Act, 1988",59 of 1988,123,"Riding on running board, etc.","Riding on running board, etc.",India,To be verified,,https://www.indiacode.nic.in/,2026-09-15,Candidate—verify
MVA-124,Motor Vehicles Law,"Motor Vehicles Act, 1988",59 of 1988,124,Prohibition against travelling without pass or ticket.,Prohibition against travelling without pass or ticket.,India,To be verified,,https://www.indiacode.nic.in/,2026-09-15,Candidate—verify
MVA-125,Motor Vehicles Law,"Motor Vehicles Act, 1988",59 of 1988,125,Obstruction of driver.,Obstruction of driver.,India,To be verified,,https://www.indiacode.nic.in/,2026-09-15,Candidate—verify
MVA-126,Motor Vehicles Law,"Motor Vehicles Act, 1988",59 of 1988,126,Stationary vehicles.,Stationary vehicles.,India,To be verified,,https://www.indiacode.nic.in/,2026-09-15,Candidate—verify
MVA-127,Motor Vehicles Law,"Motor Vehicles Act, 1988",59 of 1988,127,Removal of motor vehicles abandoned or left unattended on a public place.,Removal of motor vehicles abandoned or left unattended on a public place.,India,To be verified,,https://www.indiacode.nic.in/,2026-09-15,Candidate—verify
MVA-128,Motor Vehicles Law,"Motor Vehicles Act, 1988",59 of 1988,128,Safety measures for drivers and pillion riders.,Safety measures for drivers and pillion riders.,India,To be verified,,https://www.indiacode.nic.in/,2026-09-15,Candidate—verify
MVA-129,Motor Vehicles Law,"Motor Vehicles Act, 1988",59 of 1988,129,Wearing of protective headgear.,Wearing of protective headgear.,India,To be verified,,https://www.indiacode.nic.in/,2026-09-15,Candidate—verify
MVA-130,Motor Vehicles Law,"Motor Vehicles Act, 1988",59 of 1988,130,Duty to produce licence and certificate of registration.,Duty to produce licence and certificate of registration.,India,To be verified,,https://www.indiacode.nic.in/,2026-09-15,Candidate—verify
MVA-131,Motor Vehicles Law,"Motor Vehicles Act, 1988",59 of 1988,131,Duty of the driver to take certain precautions at unguarded railway level crossing.,Duty of the driver to take certain precautions at unguarded railway level crossing.,India,To be verified,,https://www.indiacode.nic.in/,2026-09-15,Candidate—verify
MVA-132,Motor Vehicles Law,"Motor Vehicles Act, 1988",59 of 1988,132,Duty of driver to stop in certain cases.,Duty of driver to stop in certain cases.,India,To be verified,,https://www.indiacode.nic.in/,2026-09-15,Candidate—verify
MVA-133,Motor Vehicles Law,"Motor Vehicles Act, 1988",59 of 1988,133,Duty of owner of motor vehicle to give information.,Duty of owner of motor vehicle to give information.,India,To be verified,,https://www.indiacode.nic.in/,2026-09-15,Candidate—verify
MVA-134,Motor Vehicles Law,"Motor Vehicles Act, 1988",59 of 1988,134,Duty of driver in case of accident and injury to a person.,Duty of driver in case of accident and injury to a person.,India,To be verified,,https://www.indiacode.nic.in/,2026-09-15,Candidate—verify
MVA-134A,Motor Vehicles Law,"Motor Vehicles Act, 1988",59 of 1988,134A,Protection of Good Samaritans.,Protection of Good Samaritans.,India,To be verified,,https://www.indiacode.nic.in/,2026-09-15,Candidate—verify
MVA-135,Motor Vehicles Law,"Motor Vehicles Act, 1988",59 of 1988,135,"Schemes to be framed for the investigation of accident cases and wayside amenities, etc.","Schemes to be framed for the investigation of accident cases and wayside amenities, etc.",India,To be verified,,https://www.indiacode.nic.in/,2026-09-15,Candidate—verify
MVA-136,Motor Vehicles Law,"Motor Vehicles Act, 1988",59 of 1988,136,Inspection of vehicle involved in accident.,Inspection of vehicle involved in accident.,India,To be verified,,https://www.indiacode.nic.in/,2026-09-15,Candidate—verify
MVA-136A,Motor Vehicles Law,"Motor Vehicles Act, 1988",59 of 1988,136A,"Electronic monitoring and enforcement of road safety. 
 
IndiaCode
7 
 
SECTIONS","Electronic monitoring and enforcement of road safety. 
 
IndiaCode
7 
 
SECTIONS",India,To be verified,,https://www.indiacode.nic.in/,2026-09-15,Candidate—verify
MVA-137,Motor Vehicles Law,"Motor Vehicles Act, 1988",59 of 1988,137,Power of Central Government to make rules.,Power of Central Government to make rules.,India,To be verified,,https://www.indiacode.nic.in/,2026-09-15,Candidate—verify
MVA-138,Motor Vehicles Law,"Motor Vehicles Act, 1988",59 of 1988,138,"Power of State Government to make rules. 
 
CHAPTER IX 
MOTOR VEHICLES TEMPORARILY LEAVING OR VISITING INDIA","Power of State Government to make rules. 
 
CHAPTER IX 
MOTOR VEHICLES TEMPORARILY LEAVING OR VISITING INDIA",India,To be verified,,https://www.indiacode.nic.in/,2026-09-15,Candidate—verify
MVA-139,Motor Vehicles Law,"Motor Vehicles Act, 1988",59 of 1988,139,"Power of Central Government to make rules. 
 
CHAPTER X [LIABILITY WITHOUT FAULT IN CERTAIN CASES] [Omitted.].","Power of Central Government to make rules. 
 
CHAPTER X [LIABILITY WITHOUT FAULT IN CERTAIN CASES] [Omitted.].",India,To be verified,,https://www.indiacode.nic.in/,2026-09-15,Candidate—verify
MVA-140,Motor Vehicles Law,"Motor Vehicles Act, 1988",59 of 1988,140,[Omitted.].,[Omitted.].,India,To be verified,,https://www.indiacode.nic.in/,2026-09-15,Candidate—verify
MVA-141,Motor Vehicles Law,"Motor Vehicles Act, 1988",59 of 1988,141,[Omitted.].,[Omitted.].,India,To be verified,,https://www.indiacode.nic.in/,2026-09-15,Candidate—verify
MVA-142,Motor Vehicles Law,"Motor Vehicles Act, 1988",59 of 1988,142,[Omitted.].,[Omitted.].,India,To be verified,,https://www.indiacode.nic.in/,2026-09-15,Candidate—verify
MVA-143,Motor Vehicles Law,"Motor Vehicles Act, 1988",59 of 1988,143,[Omitted.].,[Omitted.].,India,To be verified,,https://www.indiacode.nic.in/,2026-09-15,Candidate—verify
MVA-144,Motor Vehicles Law,"Motor Vehicles Act, 1988",59 of 1988,144,"[Omitted.]. 
CHAPTER XI 
INSURANCE OF MOTOR VEHICLES AGAINST THIRD PARTY RISKS","[Omitted.]. 
CHAPTER XI 
INSURANCE OF MOTOR VEHICLES AGAINST THIRD PARTY RISKS",India,To be verified,,https://www.indiacode.nic.in/,2026-09-15,Candidate—verify
MVA-145,Motor Vehicles Law,"Motor Vehicles Act, 1988",59 of 1988,145,Definitions.,Definitions.,India,To be verified,,https://www.indiacode.nic.in/,2026-09-15,Candidate—verify
MVA-146,Motor Vehicles Law,"Motor Vehicles Act, 1988",59 of 1988,146,Necessity for insurance against third party risks.,Necessity for insurance against third party risks.,India,To be verified,,https://www.indiacode.nic.in/,2026-09-15,Candidate—verify
MVA-147,Motor Vehicles Law,"Motor Vehicles Act, 1988",59 of 1988,147,Requirements of policies and limits of liability.,Requirements of policies and limits of liability.,India,To be verified,,https://www.indiacode.nic.in/,2026-09-15,Candidate—verify
MVA-148,Motor Vehicles Law,"Motor Vehicles Act, 1988",59 of 1988,148,Validity of policies of insurance issued in reciprocating countries.,Validity of policies of insurance issued in reciprocating countries.,India,To be verified,,https://www.indiacode.nic.in/,2026-09-15,Candidate—verify
MVA-149,Motor Vehicles Law,"Motor Vehicles Act, 1988",59 of 1988,149,Settlement by insurance company and procedure therefor.,Settlement by insurance company and procedure therefor.,India,To be verified,,https://www.indiacode.nic.in/,2026-09-15,Candidate—verify
MVA-150,Motor Vehicles Law,"Motor Vehicles Act, 1988",59 of 1988,150,"Duty of insurers to satisfy judgments and awards against persons insured in respect of third party 
risks.","Duty of insurers to satisfy judgments and awards against persons insured in respect of third party 
risks.",India,To be verified,,https://www.indiacode.nic.in/,2026-09-15,Candidate—verify
MVA-151,Motor Vehicles Law,"Motor Vehicles Act, 1988",59 of 1988,151,Rights of third party against insurers on insolvency of insured.,Rights of third party against insurers on insolvency of insured.,India,To be verified,,https://www.indiacode.nic.in/,2026-09-15,Candidate—verify
MVA-152,Motor Vehicles Law,"Motor Vehicles Act, 1988",59 of 1988,152,Duty to give information as to insurance.,Duty to give information as to insurance.,India,To be verified,,https://www.indiacode.nic.in/,2026-09-15,Candidate—verify
MVA-153,Motor Vehicles Law,"Motor Vehicles Act, 1988",59 of 1988,153,Settlement between insurers and insured persons.,Settlement between insurers and insured persons.,India,To be verified,,https://www.indiacode.nic.in/,2026-09-15,Candidate—verify
MVA-154,Motor Vehicles Law,"Motor Vehicles Act, 1988",59 of 1988,154,"Saving in respect of sections 151, 152 and 153.","Saving in respect of sections 151, 152 and 153.",India,To be verified,,https://www.indiacode.nic.in/,2026-09-15,Candidate—verify
MVA-155,Motor Vehicles Law,"Motor Vehicles Act, 1988",59 of 1988,155,Effect of death on certain causes of action.,Effect of death on certain causes of action.,India,To be verified,,https://www.indiacode.nic.in/,2026-09-15,Candidate—verify
MVA-156,Motor Vehicles Law,"Motor Vehicles Act, 1988",59 of 1988,156,Effect of certificate of insurance.,Effect of certificate of insurance.,India,To be verified,,https://www.indiacode.nic.in/,2026-09-15,Candidate—verify
MVA-157,Motor Vehicles Law,"Motor Vehicles Act, 1988",59 of 1988,157,Transfer of certificate of insurance.,Transfer of certificate of insurance.,India,To be verified,,https://www.indiacode.nic.in/,2026-09-15,Candidate—verify
MVA-158,Motor Vehicles Law,"Motor Vehicles Act, 1988",59 of 1988,158,"Production of certain certificates, licence and permit in certain cases.","Production of certain certificates, licence and permit in certain cases.",India,To be verified,,https://www.indiacode.nic.in/,2026-09-15,Candidate—verify
MVA-159,Motor Vehicles Law,"Motor Vehicles Act, 1988",59 of 1988,159,Information to be given regarding accident.,Information to be given regarding accident.,India,To be verified,,https://www.indiacode.nic.in/,2026-09-15,Candidate—verify
MVA-160,Motor Vehicles Law,"Motor Vehicles Act, 1988",59 of 1988,160,Duty to furnish particulars of vehicle involved in accident.,Duty to furnish particulars of vehicle involved in accident.,India,To be verified,,https://www.indiacode.nic.in/,2026-09-15,Candidate—verify
MVA-161,Motor Vehicles Law,"Motor Vehicles Act, 1988",59 of 1988,161,Special provisions as to compensation in case of hit and run motor accident.,Special provisions as to compensation in case of hit and run motor accident.,India,To be verified,,https://www.indiacode.nic.in/,2026-09-15,Candidate—verify
MVA-162,Motor Vehicles Law,"Motor Vehicles Act, 1988",59 of 1988,162,Scheme for golden hour.,Scheme for golden hour.,India,To be verified,,https://www.indiacode.nic.in/,2026-09-15,Candidate—verify
MVA-163,Motor Vehicles Law,"Motor Vehicles Act, 1988",59 of 1988,163,Refund in certain cases of compensation paid under section 161.,Refund in certain cases of compensation paid under section 161.,India,To be verified,,https://www.indiacode.nic.in/,2026-09-15,Candidate—verify
MVA-164,Motor Vehicles Law,"Motor Vehicles Act, 1988",59 of 1988,164,"Payment of compensation in case of death or grevious hurt, etc.","Payment of compensation in case of death or grevious hurt, etc.",India,To be verified,,https://www.indiacode.nic.in/,2026-09-15,Candidate—verify
MVA-164A,Motor Vehicles Law,"Motor Vehicles Act, 1988",59 of 1988,164A,Scheme for interim relief for claimants.,Scheme for interim relief for claimants.,India,To be verified,,https://www.indiacode.nic.in/,2026-09-15,Candidate—verify
MVA-164B,Motor Vehicles Law,"Motor Vehicles Act, 1988",59 of 1988,164B,Motor Vehicle Accident Fund.,Motor Vehicle Accident Fund.,India,To be verified,,https://www.indiacode.nic.in/,2026-09-15,Candidate—verify
MVA-164C,Motor Vehicles Law,"Motor Vehicles Act, 1988",59 of 1988,164C,Power of Central Government to make rules.,Power of Central Government to make rules.,India,To be verified,,https://www.indiacode.nic.in/,2026-09-15,Candidate—verify
MVA-164D,Motor Vehicles Law,"Motor Vehicles Act, 1988",59 of 1988,164D,"Power of State Government to make rules. 
 
 
 
 
 
IndiaCode
8 
 
CHAPTER XII 
CLAIMS TRIBUNALS 
SECTIONS","Power of State Government to make rules. 
 
 
 
 
 
IndiaCode
8 
 
CHAPTER XII 
CLAIMS TRIBUNALS 
SECTIONS",India,To be verified,,https://www.indiacode.nic.in/,2026-09-15,Candidate—verify
MVA-165,Motor Vehicles Law,"Motor Vehicles Act, 1988",59 of 1988,165,Claims Tribunals.,Claims Tribunals.,India,To be verified,,https://www.indiacode.nic.in/,2026-09-15,Candidate—verify
MVA-166,Motor Vehicles Law,"Motor Vehicles Act, 1988",59 of 1988,166,Application for compensation.,Application for compensation.,India,To be verified,,https://www.indiacode.nic.in/,2026-09-15,Candidate—verify
MVA-167,Motor Vehicles Law,"Motor Vehicles Act, 1988",59 of 1988,167,Option regarding claims for compensation in certain cases.,Option regarding claims for compensation in certain cases.,India,To be verified,,https://www.indiacode.nic.in/,2026-09-15,Candidate—verify
MVA-168,Motor Vehicles Law,"Motor Vehicles Act, 1988",59 of 1988,168,Award of the Claims Tribunal.,Award of the Claims Tribunal.,India,To be verified,,https://www.indiacode.nic.in/,2026-09-15,Candidate—verify
MVA-169,Motor Vehicles Law,"Motor Vehicles Act, 1988",59 of 1988,169,Procedure and powers of Claims Tribunals.,Procedure and powers of Claims Tribunals.,India,To be verified,,https://www.indiacode.nic.in/,2026-09-15,Candidate—verify
MVA-170,Motor Vehicles Law,"Motor Vehicles Act, 1988",59 of 1988,170,Impleading insurer in certain cases.,Impleading insurer in certain cases.,India,To be verified,,https://www.indiacode.nic.in/,2026-09-15,Candidate—verify
MVA-171,Motor Vehicles Law,"Motor Vehicles Act, 1988",59 of 1988,171,Award of interest where any claim is allowed.,Award of interest where any claim is allowed.,India,To be verified,,https://www.indiacode.nic.in/,2026-09-15,Candidate—verify
MVA-172,Motor Vehicles Law,"Motor Vehicles Act, 1988",59 of 1988,172,Award of compensatory costs in certain cases.,Award of compensatory costs in certain cases.,India,To be verified,,https://www.indiacode.nic.in/,2026-09-15,Candidate—verify
MVA-173,Motor Vehicles Law,"Motor Vehicles Act, 1988",59 of 1988,173,Appeals.,Appeals.,India,To be verified,,https://www.indiacode.nic.in/,2026-09-15,Candidate—verify
MVA-174,Motor Vehicles Law,"Motor Vehicles Act, 1988",59 of 1988,174,Recovery of money from insurer as arrear of land revenue.,Recovery of money from insurer as arrear of land revenue.,India,To be verified,,https://www.indiacode.nic.in/,2026-09-15,Candidate—verify
MVA-175,Motor Vehicles Law,"Motor Vehicles Act, 1988",59 of 1988,175,Bar on jurisdiction of Civil Courts.,Bar on jurisdiction of Civil Courts.,India,To be verified,,https://www.indiacode.nic.in/,2026-09-15,Candidate—verify
MVA-176,Motor Vehicles Law,"Motor Vehicles Act, 1988",59 of 1988,176,Power of State Government to make rules.,Power of State Government to make rules.,India,To be verified,,https://www.indiacode.nic.in/,2026-09-15,Candidate—verify
MVA-177,Motor Vehicles Law,"Motor Vehicles Act, 1988",59 of 1988,177,General provision for punishment of offences.,General provision for punishment of offences.,India,To be verified,,https://www.indiacode.nic.in/,2026-09-15,Candidate—verify
MVA-177A,Motor Vehicles Law,"Motor Vehicles Act, 1988",59 of 1988,177A,"Penalty for contravention of regulations under section 118. 
 
CHAPTER XIII 
OFFENCES, PENALTIES AND PROCEDURE","Penalty for contravention of regulations under section 118. 
 
CHAPTER XIII 
OFFENCES, PENALTIES AND PROCEDURE",India,To be verified,,https://www.indiacode.nic.in/,2026-09-15,Candidate—verify
MVA-178,Motor Vehicles Law,"Motor Vehicles Act, 1988",59 of 1988,178,"Penalty for travelling without pass or ticket and for dereliction of duty on the part of conductor 
and refusal to ply contract carriage, etc.","Penalty for travelling without pass or ticket and for dereliction of duty on the part of conductor 
and refusal to ply contract carriage, etc.",India,To be verified,,https://www.indiacode.nic.in/,2026-09-15,Candidate—verify
MVA-179,Motor Vehicles Law,"Motor Vehicles Act, 1988",59 of 1988,179,"Disobedience of orders, obstruction and refusal of information.","Disobedience of orders, obstruction and refusal of information.",India,To be verified,,https://www.indiacode.nic.in/,2026-09-15,Candidate—verify
MVA-180,Motor Vehicles Law,"Motor Vehicles Act, 1988",59 of 1988,180,Allowing unauthorised persons to drive vehicles.,Allowing unauthorised persons to drive vehicles.,India,To be verified,,https://www.indiacode.nic.in/,2026-09-15,Candidate—verify
MVA-181,Motor Vehicles Law,"Motor Vehicles Act, 1988",59 of 1988,181,Driving vehicles in contravention of section 3 or section 4.,Driving vehicles in contravention of section 3 or section 4.,India,To be verified,,https://www.indiacode.nic.in/,2026-09-15,Candidate—verify
MVA-182,Motor Vehicles Law,"Motor Vehicles Act, 1988",59 of 1988,182,Offences relating to licences.,Offences relating to licences.,India,To be verified,,https://www.indiacode.nic.in/,2026-09-15,Candidate—verify
MVA-182A,Motor Vehicles Law,"Motor Vehicles Act, 1988",59 of 1988,182A,"Punishment for offences relating to construction, maintenance, sale and alteration of motor           
vehicles and components.","Punishment for offences relating to construction, maintenance, sale and alteration of motor           
vehicles and components.",India,To be verified,,https://www.indiacode.nic.in/,2026-09-15,Candidate—verify
MVA-182B,Motor Vehicles Law,"Motor Vehicles Act, 1988",59 of 1988,182B,Penalty for contravention of section 62A.,Penalty for contravention of section 62A.,India,To be verified,,https://www.indiacode.nic.in/,2026-09-15,Candidate—verify
MVA-183,Motor Vehicles Law,"Motor Vehicles Act, 1988",59 of 1988,183,"Driving at excessive speed, etc.","Driving at excessive speed, etc.",India,To be verified,,https://www.indiacode.nic.in/,2026-09-15,Candidate—verify
MVA-184,Motor Vehicles Law,"Motor Vehicles Act, 1988",59 of 1988,184,Driving dangerously.,Driving dangerously.,India,To be verified,,https://www.indiacode.nic.in/,2026-09-15,Candidate—verify
MVA-185,Motor Vehicles Law,"Motor Vehicles Act, 1988",59 of 1988,185,Driving by a drunken person or by a person under the influence of drugs.,Driving by a drunken person or by a person under the influence of drugs.,India,To be verified,,https://www.indiacode.nic.in/,2026-09-15,Candidate—verify
MVA-186,Motor Vehicles Law,"Motor Vehicles Act, 1988",59 of 1988,186,Driving when mentally or physically unfit to drive.,Driving when mentally or physically unfit to drive.,India,To be verified,,https://www.indiacode.nic.in/,2026-09-15,Candidate—verify
MVA-187,Motor Vehicles Law,"Motor Vehicles Act, 1988",59 of 1988,187,Punishment for offences relating to accident.,Punishment for offences relating to accident.,India,To be verified,,https://www.indiacode.nic.in/,2026-09-15,Candidate—verify
MVA-188,Motor Vehicles Law,"Motor Vehicles Act, 1988",59 of 1988,188,Punishment for abetment of certain offences.,Punishment for abetment of certain offences.,India,To be verified,,https://www.indiacode.nic.in/,2026-09-15,Candidate—verify
MVA-189,Motor Vehicles Law,"Motor Vehicles Act, 1988",59 of 1988,189,Racing and trials of speed.,Racing and trials of speed.,India,To be verified,,https://www.indiacode.nic.in/,2026-09-15,Candidate—verify
MVA-190,Motor Vehicles Law,"Motor Vehicles Act, 1988",59 of 1988,190,Using vehicle in unsafe condition.,Using vehicle in unsafe condition.,India,To be verified,,https://www.indiacode.nic.in/,2026-09-15,Candidate—verify
MVA-191,Motor Vehicles Law,"Motor Vehicles Act, 1988",59 of 1988,191,[Omitted].,[Omitted].,India,To be verified,,https://www.indiacode.nic.in/,2026-09-15,Candidate—verify
MVA-192,Motor Vehicles Law,"Motor Vehicles Act, 1988",59 of 1988,192,Using vehicle without registration.,Using vehicle without registration.,India,To be verified,,https://www.indiacode.nic.in/,2026-09-15,Candidate—verify
MVA-192A,Motor Vehicles Law,"Motor Vehicles Act, 1988",59 of 1988,192A,Using vehicle without permit.,Using vehicle without permit.,India,To be verified,,https://www.indiacode.nic.in/,2026-09-15,Candidate—verify
MVA-192B,Motor Vehicles Law,"Motor Vehicles Act, 1988",59 of 1988,192B,Offences relating to registration.,Offences relating to registration.,India,To be verified,,https://www.indiacode.nic.in/,2026-09-15,Candidate—verify
MVA-193,Motor Vehicles Law,"Motor Vehicles Act, 1988",59 of 1988,193,"Punishment of agents, canvassers and aggregators without proper authority.","Punishment of agents, canvassers and aggregators without proper authority.",India,To be verified,,https://www.indiacode.nic.in/,2026-09-15,Candidate—verify
MVA-194,Motor Vehicles Law,"Motor Vehicles Act, 1988",59 of 1988,194,Driving vehicle exceeding permissible weight.,Driving vehicle exceeding permissible weight.,India,To be verified,,https://www.indiacode.nic.in/,2026-09-15,Candidate—verify
MVA-194A,Motor Vehicles Law,"Motor Vehicles Act, 1988",59 of 1988,194A,Carriage of excess passengers.,Carriage of excess passengers.,India,To be verified,,https://www.indiacode.nic.in/,2026-09-15,Candidate—verify
MVA-194B,Motor Vehicles Law,"Motor Vehicles Act, 1988",59 of 1988,194B,"Use of safety belts and the seating of children. 
  
IndiaCode
9 
 
SECTIONS","Use of safety belts and the seating of children. 
  
IndiaCode
9 
 
SECTIONS",India,To be verified,,https://www.indiacode.nic.in/,2026-09-15,Candidate—verify
MVA-194C,Motor Vehicles Law,"Motor Vehicles Act, 1988",59 of 1988,194C,Penalty for violation of safety measures for motor cycle drivers and pillion riders.,Penalty for violation of safety measures for motor cycle drivers and pillion riders.,India,To be verified,,https://www.indiacode.nic.in/,2026-09-15,Candidate—verify
MVA-194D,Motor Vehicles Law,"Motor Vehicles Act, 1988",59 of 1988,194D,Penalty for not wearing protective headgear.,Penalty for not wearing protective headgear.,India,To be verified,,https://www.indiacode.nic.in/,2026-09-15,Candidate—verify
MVA-194E,Motor Vehicles Law,"Motor Vehicles Act, 1988",59 of 1988,194E,Failure to allow free passage to emergency vehicles.,Failure to allow free passage to emergency vehicles.,India,To be verified,,https://www.indiacode.nic.in/,2026-09-15,Candidate—verify
MVA-194F,Motor Vehicles Law,"Motor Vehicles Act, 1988",59 of 1988,194F,Use of horns and silence zones.,Use of horns and silence zones.,India,To be verified,,https://www.indiacode.nic.in/,2026-09-15,Candidate—verify
MVA-195,Motor Vehicles Law,"Motor Vehicles Act, 1988",59 of 1988,195,[Omitted].,[Omitted].,India,To be verified,,https://www.indiacode.nic.in/,2026-09-15,Candidate—verify
MVA-196,Motor Vehicles Law,"Motor Vehicles Act, 1988",59 of 1988,196,Driving uninsured vehicle.,Driving uninsured vehicle.,India,To be verified,,https://www.indiacode.nic.in/,2026-09-15,Candidate—verify
MVA-197,Motor Vehicles Law,"Motor Vehicles Act, 1988",59 of 1988,197,Taking vehicle without authority.,Taking vehicle without authority.,India,To be verified,,https://www.indiacode.nic.in/,2026-09-15,Candidate—verify
MVA-198,Motor Vehicles Law,"Motor Vehicles Act, 1988",59 of 1988,198,Unauthorised interference with vehicle.,Unauthorised interference with vehicle.,India,To be verified,,https://www.indiacode.nic.in/,2026-09-15,Candidate—verify
MVA-198A,Motor Vehicles Law,"Motor Vehicles Act, 1988",59 of 1988,198A,"Failure to comply with standards for road design, construction and maintenance.","Failure to comply with standards for road design, construction and maintenance.",India,To be verified,,https://www.indiacode.nic.in/,2026-09-15,Candidate—verify
MVA-199,Motor Vehicles Law,"Motor Vehicles Act, 1988",59 of 1988,199,Offences by companies.,Offences by companies.,India,To be verified,,https://www.indiacode.nic.in/,2026-09-15,Candidate—verify
MVA-199A,Motor Vehicles Law,"Motor Vehicles Act, 1988",59 of 1988,199A,Offences by juveniles.,Offences by juveniles.,India,To be verified,,https://www.indiacode.nic.in/,2026-09-15,Candidate—verify
MVA-199B,Motor Vehicles Law,"Motor Vehicles Act, 1988",59 of 1988,199B,Revision of fines and penalties.,Revision of fines and penalties.,India,To be verified,,https://www.indiacode.nic.in/,2026-09-15,Candidate—verify
MVA-200,Motor Vehicles Law,"Motor Vehicles Act, 1988",59 of 1988,200,Composition of certain offences.,Composition of certain offences.,India,To be verified,,https://www.indiacode.nic.in/,2026-09-15,Candidate—verify
MVA-201,Motor Vehicles Law,"Motor Vehicles Act, 1988",59 of 1988,201,Penalty for causing obstruction to free flow of traffic.,Penalty for causing obstruction to free flow of traffic.,India,To be verified,,https://www.indiacode.nic.in/,2026-09-15,Candidate—verify
MVA-202,Motor Vehicles Law,"Motor Vehicles Act, 1988",59 of 1988,202,Power to arrest without warrant.,Power to arrest without warrant.,India,To be verified,,https://www.indiacode.nic.in/,2026-09-15,Candidate—verify
MVA-203,Motor Vehicles Law,"Motor Vehicles Act, 1988",59 of 1988,203,Breath tests.,Breath tests.,India,To be verified,,https://www.indiacode.nic.in/,2026-09-15,Candidate—verify
MVA-204,Motor Vehicles Law,"Motor Vehicles Act, 1988",59 of 1988,204,Laboratory test.,Laboratory test.,India,To be verified,,https://www.indiacode.nic.in/,2026-09-15,Candidate—verify
MVA-205,Motor Vehicles Law,"Motor Vehicles Act, 1988",59 of 1988,205,Presumption of unfitness to drive.,Presumption of unfitness to drive.,India,To be verified,,https://www.indiacode.nic.in/,2026-09-15,Candidate—verify
MVA-206,Motor Vehicles Law,"Motor Vehicles Act, 1988",59 of 1988,206,Power of police officer to impound document.,Power of police officer to impound document.,India,To be verified,,https://www.indiacode.nic.in/,2026-09-15,Candidate—verify
MVA-207,Motor Vehicles Law,"Motor Vehicles Act, 1988",59 of 1988,207,"Power to detain vehicles used without certificate of registration permit, etc.","Power to detain vehicles used without certificate of registration permit, etc.",India,To be verified,,https://www.indiacode.nic.in/,2026-09-15,Candidate—verify
MVA-208,Motor Vehicles Law,"Motor Vehicles Act, 1988",59 of 1988,208,Summary disposal of cases.,Summary disposal of cases.,India,To be verified,,https://www.indiacode.nic.in/,2026-09-15,Candidate—verify
MVA-209,Motor Vehicles Law,"Motor Vehicles Act, 1988",59 of 1988,209,Restriction on conviction.,Restriction on conviction.,India,To be verified,,https://www.indiacode.nic.in/,2026-09-15,Candidate—verify
MVA-210,Motor Vehicles Law,"Motor Vehicles Act, 1988",59 of 1988,210,Courts to send intimation about conviction.,Courts to send intimation about conviction.,India,To be verified,,https://www.indiacode.nic.in/,2026-09-15,Candidate—verify
MVA-210A,Motor Vehicles Law,"Motor Vehicles Act, 1988",59 of 1988,210A,Power of State Government to increase fines or penalties.,Power of State Government to increase fines or penalties.,India,To be verified,,https://www.indiacode.nic.in/,2026-09-15,Candidate—verify
MVA-210B,Motor Vehicles Law,"Motor Vehicles Act, 1988",59 of 1988,210B,Penalty for offence committed by an enforcing authority.,Penalty for offence committed by an enforcing authority.,India,To be verified,,https://www.indiacode.nic.in/,2026-09-15,Candidate—verify
MVA-210C,Motor Vehicles Law,"Motor Vehicles Act, 1988",59 of 1988,210C,Power of Central Government to make rules.,Power of Central Government to make rules.,India,To be verified,,https://www.indiacode.nic.in/,2026-09-15,Candidate—verify
MVA-210D,Motor Vehicles Law,"Motor Vehicles Act, 1988",59 of 1988,210D,"Power of State Government to make rules. 
CHAPTER XIV 
MISCELLANEOUS","Power of State Government to make rules. 
CHAPTER XIV 
MISCELLANEOUS",India,To be verified,,https://www.indiacode.nic.in/,2026-09-15,Candidate—verify
MVA-211,Motor Vehicles Law,"Motor Vehicles Act, 1988",59 of 1988,211,Power to levy fee.,Power to levy fee.,India,To be verified,,https://www.indiacode.nic.in/,2026-09-15,Candidate—verify
MVA-211A,Motor Vehicles Law,"Motor Vehicles Act, 1988",59 of 1988,211A,Use of electronic forms and documents.,Use of electronic forms and documents.,India,To be verified,,https://www.indiacode.nic.in/,2026-09-15,Candidate—verify
MVA-212,Motor Vehicles Law,"Motor Vehicles Act, 1988",59 of 1988,212,"Publication, commencement and laying of rules and notifications.","Publication, commencement and laying of rules and notifications.",India,To be verified,,https://www.indiacode.nic.in/,2026-09-15,Candidate—verify
MVA-213,Motor Vehicles Law,"Motor Vehicles Act, 1988",59 of 1988,213,Appointment of motor vehicles officers.,Appointment of motor vehicles officers.,India,To be verified,,https://www.indiacode.nic.in/,2026-09-15,Candidate—verify
MVA-214,Motor Vehicles Law,"Motor Vehicles Act, 1988",59 of 1988,214,Effect of appeal and revision on orders passed by original authority.,Effect of appeal and revision on orders passed by original authority.,India,To be verified,,https://www.indiacode.nic.in/,2026-09-15,Candidate—verify
MVA-215,Motor Vehicles Law,"Motor Vehicles Act, 1988",59 of 1988,215,Road Safety Councils and Committees.,Road Safety Councils and Committees.,India,To be verified,,https://www.indiacode.nic.in/,2026-09-15,Candidate—verify
MVA-215A,Motor Vehicles Law,"Motor Vehicles Act, 1988",59 of 1988,215A,Power of Central Government and State Government to delegate.,Power of Central Government and State Government to delegate.,India,To be verified,,https://www.indiacode.nic.in/,2026-09-15,Candidate—verify
MVA-215B,Motor Vehicles Law,"Motor Vehicles Act, 1988",59 of 1988,215B,National Road Safety Board.,National Road Safety Board.,India,To be verified,,https://www.indiacode.nic.in/,2026-09-15,Candidate—verify
MVA-215C,Motor Vehicles Law,"Motor Vehicles Act, 1988",59 of 1988,215C,Power of Central Government to make rules.,Power of Central Government to make rules.,India,To be verified,,https://www.indiacode.nic.in/,2026-09-15,Candidate—verify
MVA-215D,Motor Vehicles Law,"Motor Vehicles Act, 1988",59 of 1988,215D,Power of State Government to make rules.,Power of State Government to make rules.,India,To be verified,,https://www.indiacode.nic.in/,2026-09-15,Candidate—verify
MVA-216,Motor Vehicles Law,"Motor Vehicles Act, 1988",59 of 1988,216,Power to remove difficulties.,Power to remove difficulties.,India,To be verified,,https://www.indiacode.nic.in/,2026-09-15,Candidate—verify
MVA-217,Motor Vehicles Law,"Motor Vehicles Act, 1988",59 of 1988,217,Repeal and savings.,Repeal and savings.,India,To be verified,,https://www.indiacode.nic.in/,2026-09-15,Candidate—verify
MVA-217A,Motor Vehicles Law,"Motor Vehicles Act, 1988",59 of 1988,217A,"Renewal of permits, driving licences and registration granted under the Motor Vehicles  
            Act, 1939. 
THE FIRST SCHEDULE. 
THE SECOND SCHED","Renewal of permits, driving licences and registration granted under the Motor Vehicles  
            Act, 1939. 
THE FIRST SCHEDULE. 
THE SECOND SCHEDULE. [Omitted]. 
IndiaCode
10 
 
THE MOTOR VEHICLES ACT, 1988 
ACT NO. 59 OF 1988 
[14th October, 1988.] 
An Act to consolidate and amend the law relating to motor vehicles. 
BE it enacted by Parliament in the Thirty-ninth Year of the Republic of India as follows:— 
CHAPTER I 
PRELIMINARY",India,To be verified,,https://www.indiacode.nic.in/,2026-09-15,Candidate—verify
