act_name,section_number,section_title,skip_reason,logged_at
"Code on Social Security, 2020",154,Power of appropriate Government to make rules.,Rule-making power (auto-skipped),2026-09-30T15:54:06.946336
"Code on Social Security, 2020",155,Power of Central Government to make rules.,Rule-making power (auto-skipped),2026-09-30T15:54:06.947647
"Code on Social Security, 2020",156,Power of State Government to make rules.,Rule-making power (auto-skipped),2026-09-30T15:54:06.948127
"Code on Social Security, 2020",157,Power of Corporation to make regulations.,Rule-making power (auto-skipped),2026-09-30T15:54:06.948534
"Code on Social Security, 2020",159,Rules to give effect to arrangements with other countries for the transfer of money paid as compensation.,Rule-making power (auto-skipped),2026-09-30T15:54:06.949370
"Code on Social Security, 2020",164,Repeal and savings.,Repeal / savings (auto-skipped),2026-09-30T15:54:06.949773
"Bharatiya Sakshya Adhiniyam, 2023",1,"Short title, application and commencement.",Short title / extent / commencement (auto-skipped),2026-09-30T15:54:06.950138
"Bharatiya Sakshya Adhiniyam, 2023",2,Definitions.,Definition section (auto-skipped),2026-09-30T15:54:06.950501
"Bharatiya Sakshya Adhiniyam, 2023",64,Rules as to notice to produce.,Rule-making power (auto-skipped),2026-09-30T15:54:06.951103
"Bharatiya Sakshya Adhiniyam, 2023",101,"Evidence as to meaning of illegible characters, etc .",Definition section (auto-skipped),2026-09-30T15:54:06.951478
"Bharatiya Sakshya Adhiniyam, 2023",103,Saving of provisions of Indian Succession Act relating to wills .,Repeal / savings (auto-skipped),2026-09-30T15:54:06.952158
"Bharatiya Sakshya Adhiniyam, 2023",170,Repeal and savings.,Repeal / savings (auto-skipped),2026-09-30T15:54:06.952919
"Food Safety and Standards Act, 2006",3,Definitions,Definition section (auto-skipped),2026-09-30T15:54:06.953720
"Food Safety and Standards Act, 2006",91,Power of Central Government to make rules,Rule-making power (auto-skipped),2026-09-30T15:54:06.954272
"Food Safety and Standards Act, 2006",92,Power of Food Authority to make regulations,Rule-making power (auto-skipped),2026-09-30T15:54:06.954652
"Food Safety and Standards Act, 2006",93,Laying of rules and regulations before Parliament,Rule-making power (auto-skipped),2026-09-30T15:54:06.955015
"Food Safety and Standards Act, 2006",94,Power of State Government to make rules,Rule-making power (auto-skipped),2026-09-30T15:54:06.955579
"Food Safety and Standards Act, 2006",97,Repeal and savings,Repeal / savings (auto-skipped),2026-09-30T15:54:06.955999
"Legal Metrology Act, 2009",1,"Short title, extent and commencement",Short title / extent / commencement (auto-skipped),2026-09-30T15:54:06.956428
"Legal Metrology Act, 2009",2,Definitions,Definition section (auto-skipped),2026-09-30T15:54:06.956902
"Legal Metrology Act, 2009",52,Power of the Central Government to make rules,Rule-making power (auto-skipped),2026-09-30T15:54:06.957432
"Legal Metrology Act, 2009",53,Power of State Government to make rules,Rule-making power (auto-skipped),2026-09-30T15:54:06.957824
"Legal Metrology Act, 2009",57,"Repeal of the Standards of Weights and Measures Act, 1976 and Standards of Weights and Measures (Enforcement) Act, 1985",Repeal / savings (auto-skipped),2026-09-30T15:54:06.958201
"National Food Security Act, 2013",1,"Short title, extent and commencement",Short title / extent / commencement (auto-skipped),2026-09-30T15:54:06.958642
"National Food Security Act, 2013",2,Definitions,Definition section (auto-skipped),2026-09-30T15:54:06.959108
"National Food Security Act, 2013",39,Power of Central Government to make rules,Rule-making power (auto-skipped),2026-09-30T15:54:06.959545
"National Food Security Act, 2013",40,Power of State Government to make rules,Rule-making power (auto-skipped),2026-09-30T15:54:06.960287
"National Food Security Act, 2013",45,Repeal and savings,Repeal / savings (auto-skipped),2026-09-30T15:54:06.960769
"Sale of Goods Act, 1930",1,"Short title, extent and commencement",Short title / extent / commencement (auto-skipped),2026-09-30T15:54:06.961351
"Sale of Goods Act, 1930",2,Definitions,Definition section (auto-skipped),2026-09-30T15:54:06.961774
"Sale of Goods Act, 1930",36,Rules as to delivery,Rule-making power (auto-skipped),2026-09-30T15:54:06.962232
"Sale of Goods Act, 1930",45,"""Unpaid seller"" defined",Definition section (auto-skipped),2026-09-30T15:54:06.962781
"Sale of Goods Act, 1930",65,"Repeal . Rep . by the Repealing Act , 1938 (1 of 1938), s . 2 and Sch",Repeal / savings (auto-skipped),2026-09-30T15:54:06.963709
"Sale of Goods Act, 1930",66,Savings,Repeal / savings (auto-skipped),2026-09-30T15:54:06.964203
"Indian Partnership Act, 1932",2,Definitions,Definition section (auto-skipped),2026-09-30T15:54:06.964569
"Indian Partnership Act, 1932",4,"Definition of ""partnership"", ""partner"", ""firm"" and ""firm name""",Definition section (auto-skipped),2026-09-30T15:54:06.964914
"Indian Partnership Act, 1932",68,Rules of Evidence,Rule-making power (auto-skipped),2026-09-30T15:54:06.965270
"Indian Partnership Act, 1932",74,Savings,Repeal / savings (auto-skipped),2026-09-30T15:54:06.965875
"Indian Trust Act, 1882",1,Short title,Short title / extent / commencement (auto-skipped),2026-09-30T15:54:06.966568
"Indian Trust Act, 1882",2,Repeal of enactments,Repeal / savings (auto-skipped),2026-09-30T15:54:06.967207
"Indian Trust Act, 1882",3,"Interpretation-clause—""trust""",Definition section (auto-skipped),2026-09-30T15:54:06.967844
"Indian Trust Act, 1882",21,Mortgage of land pledged to Government under Act 26 of 1871. Deposit in Government Savings Bank,Repeal / savings (auto-skipped),2026-09-30T15:54:06.968431
"Indian Trust Act, 1882",64,Saving of rights of certain transferees,Repeal / savings (auto-skipped),2026-09-30T15:54:06.969176
"Indian Trust Act, 1882",96,Saving of rights of,Repeal / savings (auto-skipped),2026-09-30T15:54:06.969766
"Powers-of Attorney Act, 1882",1,Short title,Short title / extent / commencement (auto-skipped),2026-09-30T15:54:06.970197
"Powers-of Attorney Act, 1882",1A,Definition,Definition section (auto-skipped),2026-09-30T15:54:06.970618
"Arbitration and Conciliation Act, 1996",1,"Short title, extent and commencement",Short title / extent / commencement (auto-skipped),2026-09-30T15:54:06.970966
"Arbitration and Conciliation Act, 1996",2,Definitions,Definition section (auto-skipped),2026-09-30T15:54:06.971330
"Arbitration and Conciliation Act, 1996",5,Extent of judicial intervention,Short title / extent / commencement (auto-skipped),2026-09-30T15:54:06.971664
"Arbitration and Conciliation Act, 1996",21,Commencement of arbitral proceedings,Short title / extent / commencement (auto-skipped),2026-09-30T15:54:06.971982
"Arbitration and Conciliation Act, 1996",27,Repeal and savings,Repeal / savings (auto-skipped),2026-09-30T15:54:06.972283
"Arbitration and Conciliation Act, 1996",28,Rules applicable to substance of dispute,Rule-making power (auto-skipped),2026-09-30T15:54:06.972695
"Arbitration and Conciliation Act, 1996",33,Correction and interpretation of award; additional award,Definition section (auto-skipped),2026-09-30T15:54:06.973035
"Arbitration and Conciliation Act, 1996",43A,Definitions,Definition section (auto-skipped),2026-09-30T15:54:06.973336
"Arbitration and Conciliation Act, 1996",43L,Power to make regulations by Council,Rule-making power (auto-skipped),2026-09-30T15:54:06.973741
"Arbitration and Conciliation Act, 1996",44,Definition,Definition section (auto-skipped),2026-09-30T15:54:06.974056
"Arbitration and Conciliation Act, 1996",53,Interpretation,Definition section (auto-skipped),2026-09-30T15:54:06.974599
"Arbitration and Conciliation Act, 1996",62,Commencement of conciliation proceedings,Short title / extent / commencement (auto-skipped),2026-09-30T15:54:06.975231
"Arbitration and Conciliation Act, 1996",82,Power of High Court to make rules,Rule-making power (auto-skipped),2026-09-30T15:54:06.975769
"Arbitration and Conciliation Act, 1996",84,Power to make rules,Rule-making power (auto-skipped),2026-09-30T15:54:06.976410
"Arbitration and Conciliation Act, 1996",85,Repeal and savings,Repeal / savings (auto-skipped),2026-09-30T15:54:06.977067
"Arbitration and Conciliation Act, 1996",86,Repeal and saving,Repeal / savings (auto-skipped),2026-09-30T15:54:06.977628
"Code of Civil Procedure, 1908",6G,Rules relating to written statement to apply,Rule-making power (auto-skipped),2026-09-30T15:54:06.978188
"Code of Civil Procedure, 1908",8B,"Definitions of ""Government"" and ""Government pleader""",Definition section (auto-skipped),2026-09-30T15:54:06.978773
"Code of Civil Procedure, 1908",87A,"Definitions of ""Foreign State"" and ""Rulers""",Definition section (auto-skipped),2026-09-30T15:54:06.979256
"Code of Civil Procedure, 1908",102,Rules not applicable to transferee,Rule-making power (auto-skipped),2026-09-30T15:54:06.979792
"Code of Civil Procedure, 1908",112,Savings,Repeal / savings (auto-skipped),2026-09-30T15:54:06.980241
"Code of Civil Procedure, 1908",122,Power of certain High Courts to make rules,Rule-making power (auto-skipped),2026-09-30T15:54:06.980598
"Code of Civil Procedure, 1908",125,Power of other High Courts to make rules,Rule-making power (auto-skipped),2026-09-30T15:54:06.981138
"Code of Civil Procedure, 1908",126,Rules to be subject to approval,Rule-making power (auto-skipped),2026-09-30T15:54:06.981585
"Code of Civil Procedure, 1908",129,Power of High Courts to make rules as to their original Civil procedure,Rule-making power (auto-skipped),2026-09-30T15:54:06.981937
"Code of Civil Procedure, 1908",151,Saving of inherent powers of Court,Repeal / savings (auto-skipped),2026-09-30T15:54:06.982354
"Code of Civil Procedure, 1908",157,Continuance of orders under repealed enactments,Repeal / savings (auto-skipped),2026-09-30T15:54:06.983238
"Code of Civil Procedure, 1908",158,Reference to Code of Civil Procedure and other repealed enactments,Repeal / savings (auto-skipped),2026-09-30T15:54:06.983790
"Contempt of Courts Act, 1971",1,Short title and extent,Short title / extent / commencement (auto-skipped),2026-09-30T15:54:06.984442
"Contempt of Courts Act, 1971",2,Definitions,Definition section (auto-skipped),2026-09-30T15:54:06.984960
"Contempt of Courts Act, 1971",23,Power of Supreme Court and High Courts to make rules,Rule-making power (auto-skipped),2026-09-30T15:54:06.985296
"Contempt of Courts Act, 1971",24,Repeal,Repeal / savings (auto-skipped),2026-09-30T15:54:06.985991
"Court-Fees Act, 1870",1A,"Definition of ""appropriate Government""",Definition section (auto-skipped),2026-09-30T15:54:06.986606
"Court-Fees Act, 1870",2,""" Chief Controlling Revenue-authority "" defined.  Rep. by the A. O. 1937",Definition section (auto-skipped),2026-09-30T15:54:06.987059
"Court-Fees Act, 1870",20,Rules as to cost of processes,Rule-making power (auto-skipped),2026-09-30T15:54:06.987429
"Court-Fees Act, 1870",24,"Process served under this Chapter to be held to be process within meaning of Code of Civil Procedure . Rep. by the Repealing and Amending Act , 1891 (",Definition section (auto-skipped),2026-09-30T15:54:06.987830
"Court-Fees Act, 1870",27,"Rules for supply, number, renewal and keeping accounts of stamps",Rule-making power (auto-skipped),2026-09-30T15:54:06.988186
"Court-Fees Act, 1870",36,Saving of fees to certain officers of High Courts,Repeal / savings (auto-skipped),2026-09-30T15:54:06.988532
"Criminal Procedure (Identification) Act, 2022",8,Power to make rules,Rule-making power (auto-skipped),2026-09-30T15:54:06.988854
"Criminal Procedure (Identification) Act, 2022",10,Repeal and saving,Repeal / savings (auto-skipped),2026-09-30T15:54:06.989410
"Gram Nyayalayas Act, 2008",1,"Short title, extent and commencement",Short title / extent / commencement (auto-skipped),2026-09-30T15:54:06.989956
"Gram Nyayalayas Act, 2008",2,Definitions,Definition section (auto-skipped),2026-09-30T15:54:06.990375
"Gram Nyayalayas Act, 2008",39,Power of High Court to make rules,Rule-making power (auto-skipped),2026-09-30T15:54:06.990943
"Gram Nyayalayas Act, 2008",40,Power of State Government to make rules,Rule-making power (auto-skipped),2026-09-30T15:54:06.991611
"Legal Services Authorities Act, 1987",1,"Short title, extent and commencement",Short title / extent / commencement (auto-skipped),2026-09-30T15:54:06.992088
"Legal Services Authorities Act, 1987",2,Definitions,Definition section (auto-skipped),2026-09-30T15:54:06.992474
"Legal Services Authorities Act, 1987",22A,Definitions,Definition section (auto-skipped),2026-09-30T15:54:06.992961
"Legal Services Authorities Act, 1987",27,Power of Central Government to make rules,Rule-making power (auto-skipped),2026-09-30T15:54:06.993419
"Legal Services Authorities Act, 1987",28,Power of State Government to make rules,Rule-making power (auto-skipped),2026-09-30T15:54:06.993831
"Legal Services Authorities Act, 1987",29,Power of Central Authority to make regulations,Rule-making power (auto-skipped),2026-09-30T15:54:06.994287
"Legal Services Authorities Act, 1987",29A,Power of State Authority to make regulations,Rule-making power (auto-skipped),2026-09-30T15:54:06.994844
"Legal Services Authorities Act, 1987",30,Laying of rules and regulations,Rule-making power (auto-skipped),2026-09-30T15:54:06.995198
"Mediation Act, 2023",1,"Short title, extent and commencement",Short title / extent / commencement (auto-skipped),2026-09-30T15:54:06.995532
"Mediation Act, 2023",3,Definitions,Definition section (auto-skipped),2026-09-30T15:54:06.995988
"Mediation Act, 2023",14,Commencement of mediation,Short title / extent / commencement (auto-skipped),2026-09-30T15:54:06.996290
"Mediation Act, 2023",51,Power to make rules,Rule-making power (auto-skipped),2026-09-30T15:54:06.996602
"Mediation Act, 2023",52,Power to make regulations,Rule-making power (auto-skipped),2026-09-30T15:54:06.997159
"Mediation Act, 2023",62,Saving,Repeal / savings (auto-skipped),2026-09-30T15:54:06.997699
"Narcotic Drugs and Psychotropic Substances Act, 1985",2,Definitions,Definition section (auto-skipped),2026-09-30T15:54:06.998240
"Narcotic Drugs and Psychotropic Substances Act, 1985",68B,Definitions,Definition section (auto-skipped),2026-09-30T15:54:06.998696
"Narcotic Drugs and Psychotropic Substances Act, 1985",76,Power of Central Government to make rules,Rule-making power (auto-skipped),2026-09-30T15:54:06.999238
"Narcotic Drugs and Psychotropic Substances Act, 1985",77,Rules and notifications to be laid before Parliament,Rule-making power (auto-skipped),2026-09-30T15:54:06.999675
"Narcotic Drugs and Psychotropic Substances Act, 1985",78,Power of State Government to make rules,Rule-making power (auto-skipped),2026-09-30T15:54:07.000195
"Narcotic Drugs and Psychotropic Substances Act, 1985",81,Saving of State and special laws,Repeal / savings (auto-skipped),2026-09-30T15:54:07.000674
"Narcotic Drugs and Psychotropic Substances Act, 1985",82,Repeal and savings,Repeal / savings (auto-skipped),2026-09-30T15:54:07.001169
"Notaries Act, 1952",2,Definitions,Definition section (auto-skipped),2026-09-30T15:54:07.001733
"Notaries Act, 1952",15,Power to make rules,Rule-making power (auto-skipped),2026-09-30T15:54:07.002180
"Oaths Act, 1969",1,Short title and extent,Short title / extent / commencement (auto-skipped),2026-09-30T15:54:07.002968
"Oaths Act, 1969",2,Saving of certain oaths and affirmations,Repeal / savings (auto-skipped),2026-09-30T15:54:07.003469
"Oaths Act, 1969",9,Repeal and saving,Repeal / savings (auto-skipped),2026-09-30T15:54:07.004048
"Police Act, 1861",1,"Short title given by the Indian Short Titles Act, 1897 (14 of 1897)",Short title / extent / commencement (auto-skipped),2026-09-30T15:54:07.004601
"Police Act, 1861",12,Power of Inspector-General to make rules,Rule-making power (auto-skipped),2026-09-30T15:54:07.005123
"Police Act, 1861",33,Saving of control of Magistrate of district,Repeal / savings (auto-skipped),2026-09-30T15:54:07.005712
"Prevention of Corruption Act, 1988",2,Definitions,Definition section (auto-skipped),2026-09-30T15:54:07.006340
"Prevention of Corruption Act, 1988",3,"The Bill, inter alia, envisages widening the scope of the definition of the expression ""public servant""",Definition section (auto-skipped),2026-09-30T15:54:07.006967
"Prevention of Corruption Act, 1988",29A,Power to make rules,Rule-making power (auto-skipped),2026-09-30T15:54:07.007813
"Prevention of Corruption Act, 1988",30,Repeal and saving,Repeal / savings (auto-skipped),2026-09-30T15:54:07.008583
"Prevention of Damage to Public Property Act, 1984",6,Saving,Repeal / savings (auto-skipped),2026-09-30T15:54:07.009213
"Prevention of Money-Laundering Act, 2002",2,Definitions,Definition section (auto-skipped),2026-09-30T15:54:07.009782
"Prevention of Money-Laundering Act, 2002",55,Definitions,Definition section (auto-skipped),2026-09-30T15:54:07.010519
"Prevention of Money-Laundering Act, 2002",73,Power to make rules,Rule-making power (auto-skipped),2026-09-30T15:54:07.011388
"Prevention of Money-Laundering Act, 2002",74,Rules to be laid before Parliament,Rule-making power (auto-skipped),2026-09-30T15:54:07.011890
"Prisoners Act, 1900",2,Definitions,Definition section (auto-skipped),2026-09-30T15:54:07.012567
"Prisoners Act, 1900",39,Procedure where removal is desired of person confined in Presidency-town or more than one hundred miles from place where evidence is required.  Repeale,Repeal / savings (auto-skipped),2026-09-30T15:54:07.013081
"Prisoners Act, 1900",53,"Repeals.  Repealed by the Repealing and Amending Act, 1914 (10 of 1914), s. 3 and the Second Schedule",Repeal / savings (auto-skipped),2026-09-30T15:54:07.013535
"Prisons Act, 1894",1,Short title and extent,Short title / extent / commencement (auto-skipped),2026-09-30T15:54:07.013879
"Prisons Act, 1894",2,Definitions,Definition section (auto-skipped),2026-09-30T15:54:07.014273
"Prisons Act, 1894",8,Power to make rules,Rule-making power (auto-skipped),2026-09-30T15:54:07.014799
"Prisons Act, 1894",59,Power to make rules,Rule-making power (auto-skipped),2026-09-30T15:54:07.015244
"Probation of Offenders Act, 1958",1,"Short title, extent and commencement",Short title / extent / commencement (auto-skipped),2026-09-30T15:54:07.015639
"Probation of Offenders Act, 1958",2,Definitions,Definition section (auto-skipped),2026-09-30T15:54:07.016125
"Probation of Offenders Act, 1958",17,Power to make rules,Rule-making power (auto-skipped),2026-09-30T15:54:07.016512
"Probation of Offenders Act, 1958",18,Saving of operation of certain enactments,Repeal / savings (auto-skipped),2026-09-30T15:54:07.017344
"Protection of Civil Rights Act, 1955",2,Definitions,Definition section (auto-skipped),2026-09-30T15:54:07.018625
"Protection of Civil Rights Act, 1955",16B,Power to make rules,Rule-making power (auto-skipped),2026-09-30T15:54:07.019447
"Protection of Civil Rights Act, 1955",17,Repeal,Repeal / savings (auto-skipped),2026-09-30T15:54:07.020118
"Unlawful Activities (Prevention) Act, 1967",2,Definitions,Definition section (auto-skipped),2026-09-30T15:54:07.020578
"Unlawful Activities (Prevention) Act, 1967",50,Saving,Repeal / savings (auto-skipped),2026-09-30T15:54:07.021045
"Unlawful Activities (Prevention) Act, 1967",52,Power to make rules,Rule-making power (auto-skipped),2026-09-30T15:54:07.021491
"Aadhaar (Targeted Delivery of Financial and Other Subsidies, Benefits and Services) Act, 2016",1,"Short title, extent and commencement",Short title / extent / commencement (auto-skipped),2026-09-30T15:54:07.021996
"Aadhaar (Targeted Delivery of Financial and Other Subsidies, Benefits and Services) Act, 2016",2,Definitions,Definition section (auto-skipped),2026-09-30T15:54:07.022470
"Aadhaar (Targeted Delivery of Financial and Other Subsidies, Benefits and Services) Act, 2016",53,Power of Central Government to make rules,Rule-making power (auto-skipped),2026-09-30T15:54:07.023098
"Aadhaar (Targeted Delivery of Financial and Other Subsidies, Benefits and Services) Act, 2016",54,Power of Authority to make regulations,Rule-making power (auto-skipped),2026-09-30T15:54:07.023514
"Aadhaar (Targeted Delivery of Financial and Other Subsidies, Benefits and Services) Act, 2016",55,Laying of rules and regulations before Parliament,Rule-making power (auto-skipped),2026-09-30T15:54:07.024348
"Aadhaar (Targeted Delivery of Financial and Other Subsidies, Benefits and Services) Act, 2016",59,Savings,Repeal / savings (auto-skipped),2026-09-30T15:54:07.025325
"Digital Personal Data Protection Act, 2023",1,Short title and commencement,Short title / extent / commencement (auto-skipped),2026-09-30T15:54:07.026084
"Digital Personal Data Protection Act, 2023",2,Definitions,Definition section (auto-skipped),2026-09-30T15:54:07.026589
"Digital Personal Data Protection Act, 2023",3,Application of Act,Short title / extent / commencement (auto-skipped),2026-09-30T15:54:07.027059
"Digital Personal Data Protection Act, 2023",40,Power to make rules,Rule-making power (auto-skipped),2026-09-30T15:54:07.027623
"Indian Institutes of Information Technology Act, 2014",3,Definitions,Definition section (auto-skipped),2026-09-30T15:54:07.028017
"Indian Institutes of Information Technology Act, 2014",43,Power to make rules in respect of matters in this Chapter,Rule-making power (auto-skipped),2026-09-30T15:54:07.028454
"Central Educational Institutions (Reservation in Admission) Act, 2006",1,Short title,Short title / extent / commencement (auto-skipped),2026-09-30T15:54:07.029272
"Central Educational Institutions (Reservation in Admission) Act, 2006",2,Definitions,Definition section (auto-skipped),2026-09-30T15:54:07.029937
"Public Examinations (Prevention of Unfair Means) Act, 2024",1,Short title and commencement,Short title / extent / commencement (auto-skipped),2026-09-30T15:54:07.030546
"Public Examinations (Prevention of Unfair Means) Act, 2024",2,Definitions,Definition section (auto-skipped),2026-09-30T15:54:07.031120
"Public Examinations (Prevention of Unfair Means) Act, 2024",16,Power to make rules,Rule-making power (auto-skipped),2026-09-30T15:54:07.031540
"Air (Prevention and Control of Pollution) Act, 1981",1,"Short title, extent and commencement",Short title / extent / commencement (auto-skipped),2026-09-30T15:54:07.031926
"Air (Prevention and Control of Pollution) Act, 1981",2,Definitions,Definition section (auto-skipped),2026-09-30T15:54:07.032375
"Air (Prevention and Control of Pollution) Act, 1981",53,Power of Central Government to make rules,Rule-making power (auto-skipped),2026-09-30T15:54:07.033136
"Air (Prevention and Control of Pollution) Act, 1981",54,Power of State Government to make rules,Rule-making power (auto-skipped),2026-09-30T15:54:07.033763
"Biological Diversity Act, 2002",1,"Short title, extent and commencement",Short title / extent / commencement (auto-skipped),2026-09-30T15:54:07.034360
"Biological Diversity Act, 2002",2,Definitions,Definition section (auto-skipped),2026-09-30T15:54:07.034987
"Biological Diversity Act, 2002",62,Power of Central Government to make rules,Rule-making power (auto-skipped),2026-09-30T15:54:07.035689
"Biological Diversity Act, 2002",63,Power of State Government to make rules,Rule-making power (auto-skipped),2026-09-30T15:54:07.036404
"Biological Diversity Act, 2002",64,Power to make regulations,Rule-making power (auto-skipped),2026-09-30T15:54:07.037208
"Environment (Protection) Act, 1986",2,Definitions,Definition section (auto-skipped),2026-09-30T15:54:07.037893
"Environment (Protection) Act, 1986",6,Rules to regulate environmental pollution,Rule-making power (auto-skipped),2026-09-30T15:54:07.038555
"Environment (Protection) Act, 1986",25,Power to make rules,Rule-making power (auto-skipped),2026-09-30T15:54:07.038997
"Environment (Protection) Act, 1986",26,Rules made under this Act to be laid before Parliament,Rule-making power (auto-skipped),2026-09-30T15:54:07.039468
"Indian Forest Act, 1927",1,Short title and extent,Short title / extent / commencement (auto-skipped),2026-09-30T15:54:07.040162
"Indian Forest Act, 1927",2,Interpretation clause,Definition section (auto-skipped),2026-09-30T15:54:07.040859
"Indian Forest Act, 1927",32,Power to make rules for protected forests,Rule-making power (auto-skipped),2026-09-30T15:54:07.041479
"Indian Forest Act, 1927",41,Power to make rules to regulate transit of forest produce,Rule-making power (auto-skipped),2026-09-30T15:54:07.042052
"Indian Forest Act, 1927",51,Power to make rules and prescribe penalties,Rule-making power (auto-skipped),2026-09-30T15:54:07.042755
"Indian Forest Act, 1927",61,Saving of power to release property seized,Repeal / savings (auto-skipped),2026-09-30T15:54:07.043524
"Indian Forest Act, 1927",78,Rules when to have force of law,Rule-making power (auto-skipped),2026-09-30T15:54:07.044505
"Indian Forest Act, 1927",85A,Saving for rights of Central Government,Repeal / savings (auto-skipped),2026-09-30T15:54:07.045267
"National Green Tribunal Act, 2010",1,Short title and commencement,Short title / extent / commencement (auto-skipped),2026-09-30T15:54:07.045868
"National Green Tribunal Act, 2010",2,Definitions,Definition section (auto-skipped),2026-09-30T15:54:07.046268
"National Green Tribunal Act, 2010",35,Power to make rules,Rule-making power (auto-skipped),2026-09-30T15:54:07.046626
"National Green Tribunal Act, 2010",38,Repeal and savings,Repeal / savings (auto-skipped),2026-09-30T15:54:07.047148
"Prevention of Cruelty to Animals Act, 1960",2,Definitions,Definition section (auto-skipped),2026-09-30T15:54:07.047581
"Prevention of Cruelty to Animals Act, 1960",10,Power of Board to make regulations,Rule-making power (auto-skipped),2026-09-30T15:54:07.047966
"Prevention of Cruelty to Animals Act, 1960",17,Duties of the Committee and power of the Committee to make rules relating to experiments on animals.―,Rule-making power (auto-skipped),2026-09-30T15:54:07.048447
"Prevention of Cruelty to Animals Act, 1960",21,"""Exhibit"" and ""train"" defined",Definition section (auto-skipped),2026-09-30T15:54:07.048923
"Prevention of Cruelty to Animals Act, 1960",28,Saving as respects manner of killing prescribed by religion,Repeal / savings (auto-skipped),2026-09-30T15:54:07.049310
"Prevention of Cruelty to Animals Act, 1960",38,Power to make rules,Rule-making power (auto-skipped),2026-09-30T15:54:07.049709
"Prevention of Cruelty to Animals Act, 1960",38A,Rules and regulations to be laid before Parliament,Rule-making power (auto-skipped),2026-09-30T15:54:07.050350
"Prevention of Cruelty to Animals Act, 1960",41,Repeal of Act 11 of 1890,Repeal / savings (auto-skipped),2026-09-30T15:54:07.050781
"Public Liability Insurance Act, 1991",2,Definitions,Definition section (auto-skipped),2026-09-30T15:54:07.051154
"Public Liability Insurance Act, 1991",23,Power to make rules,Rule-making power (auto-skipped),2026-09-30T15:54:07.051656
"Van (Sanrakshan Evam Samvardhan) Adhiniyam, 1980",4,Power to make rules,Rule-making power (auto-skipped),2026-09-30T15:54:07.052299
"Van (Sanrakshan Evam Samvardhan) Adhiniyam, 1980",5,Repeal and saving,Repeal / savings (auto-skipped),2026-09-30T15:54:07.052985
"Water (Prevention and Control of Pollution) Act, 1974",2,Definitions,Definition section (auto-skipped),2026-09-30T15:54:07.053553
"Water (Prevention and Control of Pollution) Act, 1974",19,Power of State Government to restrict the application of the Act to certain areas,Short title / extent / commencement (auto-skipped),2026-09-30T15:54:07.053977
"Water (Prevention and Control of Pollution) Act, 1974",63,Power of Central Government to make rules,Rule-making power (auto-skipped),2026-09-30T15:54:07.054376
"Water (Prevention and Control of Pollution) Act, 1974",64,Power of State Government to make rules,Rule-making power (auto-skipped),2026-09-30T15:54:07.054789
"Wild Life (Protection) Act, 1972",2,Definitions,Definition section (auto-skipped),2026-09-30T15:54:07.055178
"Wild Life (Protection) Act, 1972",38K,Definitions,Definition section (auto-skipped),2026-09-30T15:54:07.055521
"Wild Life (Protection) Act, 1972",49A,Definitions,Definition section (auto-skipped),2026-09-30T15:54:07.055919
"Wild Life (Protection) Act, 1972",49D,Definitions,Definition section (auto-skipped),2026-09-30T15:54:07.056251
"Wild Life (Protection) Act, 1972",58B,Definitions,Definition section (auto-skipped),2026-09-30T15:54:07.056617
"Wild Life (Protection) Act, 1972",63,Power of Central Government to make rules,Rule-making power (auto-skipped),2026-09-30T15:54:07.057009
"Wild Life (Protection) Act, 1972",64,Power of State Government to make rules,Rule-making power (auto-skipped),2026-09-30T15:54:07.057707
"Wild Life (Protection) Act, 1972",66,Repeal and savings,Repeal / savings (auto-skipped),2026-09-30T15:54:07.058181
"Anand Marriage Act, 1909",1,Short title and extent,Short title / extent / commencement (auto-skipped),2026-09-30T15:54:07.058702
"Anand Marriage Act, 1909",4,Saving of marriages solemnized according to other ceremonies,Repeal / savings (auto-skipped),2026-09-30T15:54:07.059394
"Assisted Reproductive Technology (Regulation) Act, 2021",1,"Short title, extent and commencement",Short title / extent / commencement (auto-skipped),2026-09-30T15:54:07.060102
"Assisted Reproductive Technology (Regulation) Act, 2021",42,Power to make rules,Rule-making power (auto-skipped),2026-09-30T15:54:07.060752
"Assisted Reproductive Technology (Regulation) Act, 2021",43,Power to make regulations,Rule-making power (auto-skipped),2026-09-30T15:54:07.061331
"Births, Deaths and Marriages Registration Act, 1886",36,Rules,Rule-making power (auto-skipped),2026-09-30T15:54:07.061799
"Dissolution of Muslim Marriages Act, 1939",1,Short title and extent,Short title / extent / commencement (auto-skipped),2026-09-30T15:54:07.062334
"Divorce Act, 1869",2,Extent of Act,Short title / extent / commencement (auto-skipped),2026-09-30T15:54:07.062856
"Divorce Act, 1869",3,Interpretation-clause,Definition section (auto-skipped),2026-09-30T15:54:07.063290
"Divorce Act, 1869",62,Power to make rules,Rule-making power (auto-skipped),2026-09-30T15:54:07.063756
"Foreign Marriage Act, 1969",1,Short title,Short title / extent / commencement (auto-skipped),2026-09-30T15:54:07.064233
"Foreign Marriage Act, 1969",2,Definitions,Definition section (auto-skipped),2026-09-30T15:54:07.064609
"Foreign Marriage Act, 1969",28,Power to make rules,Rule-making power (auto-skipped),2026-09-30T15:54:07.064946
"Foreign Marriage Act, 1969",30,Repeal,Repeal / savings (auto-skipped),2026-09-30T15:54:07.065280
"Guardians and Wards Act, 1890",3,Saving of jurisdiction of Courts of Wards and Chartered High Courts,Repeal / savings (auto-skipped),2026-09-30T15:54:07.065765
"Guardians and Wards Act, 1890",6,Saving of power to appoint in other cases,Repeal / savings (auto-skipped),2026-09-30T15:54:07.066230
"Guardians and Wards Act, 1890",25,Title of guardian to custody of ward,Short title / extent / commencement (auto-skipped),2026-09-30T15:54:07.066863
"Guardians and Wards Act, 1890",50,Power of High Court to make rules,Rule-making power (auto-skipped),2026-09-30T15:54:07.067290
"Hindu Minority and Guardianship Act, 1956",1,Short title and extent,Short title / extent / commencement (auto-skipped),2026-09-30T15:54:07.067642
"Hindu Minority and Guardianship Act, 1956",3,Application of Act,Short title / extent / commencement (auto-skipped),2026-09-30T15:54:07.067990
"Hindu Minority and Guardianship Act, 1956",4,Definitions,Definition section (auto-skipped),2026-09-30T15:54:07.068601
"Indian Christian Marriage Act, 1872",2,"Enactments repealed .— Rep. by the Repealing Act , 1938 (1 of 1938), s . 2 and the Schedule",Repeal / savings (auto-skipped),2026-09-30T15:54:07.069347
"Indian Christian Marriage Act, 1872",3,Interpretation clause,Definition section (auto-skipped),2026-09-30T15:54:07.070020
"Indian Christian Marriage Act, 1872",83,Power to make rules,Rule-making power (auto-skipped),2026-09-30T15:54:07.070648
"Indian Christian Marriage Act, 1872",87,Saving of Consular marriages,Repeal / savings (auto-skipped),2026-09-30T15:54:07.071226
"Indian Succession Act, 1925",1,Short title,Short title / extent / commencement (auto-skipped),2026-09-30T15:54:07.071924
"Indian Succession Act, 1925",2,Definitions,Definition section (auto-skipped),2026-09-30T15:54:07.072588
"Indian Succession Act, 1925",36,Rules of distribution,Rule-making power (auto-skipped),2026-09-30T15:54:07.073258
"Indian Succession Act, 1925",41,Rules of distribution where intestate has left no lineal descendants,Rule-making power (auto-skipped),2026-09-30T15:54:07.073916
"Indian Succession Act, 1925",86,Interpretation of words repeated in different parts of will,Definition section (auto-skipped),2026-09-30T15:54:07.074962
"Indian Succession Act, 1925",101,Rules of construction where will purports to make two bequests to same person,Rule-making power (auto-skipped),2026-09-30T15:54:07.075651
"Indian Succession Act, 1925",208,Saving of right to bring suit,Repeal / savings (auto-skipped),2026-09-30T15:54:07.076207
"Indian Succession Act, 1925",213,"Right as executor or legatee when established . Omitted by the Repealing and Amending Act , 2025 (37 of 2025), s . 3 and Sch. II ( w.e.f. 20-12",Repeal / savings (auto-skipped),2026-09-30T15:54:07.077056
"Indian Succession Act, 1925",259,Rules as to grants of effects unadministered,Rule-making power (auto-skipped),2026-09-30T15:54:07.077712
"Indian Succession Act, 1925",338,Commencement of annuity when no time fixed by will,Short title / extent / commencement (auto-skipped),2026-09-30T15:54:07.078334
"Maintenance Orders Enforcement Act, 1921",12,Rule making power,Rule-making power (auto-skipped),2026-09-30T15:54:07.078895
"Majority Act, 1875",1,Short title,Short title / extent / commencement (auto-skipped),2026-09-30T15:54:07.079492
"Majority Act, 1875",2,Saving,Repeal / savings (auto-skipped),2026-09-30T15:54:07.080052
"Muslim Women (Protection of Rights on Divorce) Act, 1986",1,Short title and extent,Short title / extent / commencement (auto-skipped),2026-09-30T15:54:07.080535
"Muslim Women (Protection of Rights on Divorce) Act, 1986",2,Definitions,Definition section (auto-skipped),2026-09-30T15:54:07.080912
"Muslim Women (Protection of Rights on Marriage) Act, 2019",1,"Short title, extent and commencement",Short title / extent / commencement (auto-skipped),2026-09-30T15:54:07.081285
"Muslim Women (Protection of Rights on Marriage) Act, 2019",2,Definitions,Definition section (auto-skipped),2026-09-30T15:54:07.081717
"Prohibition of Child Marriage Act, 2006",1,"Short title, extent and commencement",Short title / extent / commencement (auto-skipped),2026-09-30T15:54:07.082452
"Prohibition of Child Marriage Act, 2006",19,Power of State Government to make rules,Rule-making power (auto-skipped),2026-09-30T15:54:07.083089
"Prohibition of Child Marriage Act, 2006",21,Repeal and savings,Repeal / savings (auto-skipped),2026-09-30T15:54:07.083815
"Registration of Births and Deaths Act, 1969",2,Definitions and interpretation,Definition section (auto-skipped),2026-09-30T15:54:07.084471
"Registration of Births and Deaths Act, 1969",30,Power to make rules,Rule-making power (auto-skipped),2026-09-30T15:54:07.085121
"Registration of Births and Deaths Act, 1969",31,Repeal and saving,Repeal / savings (auto-skipped),2026-09-30T15:54:07.085866
"Surrogacy (Regulation) Act, 2021",1,"Short title, extent and commencement",Short title / extent / commencement (auto-skipped),2026-09-30T15:54:07.086680
"Surrogacy (Regulation) Act, 2021",2,Definitions,Definition section (auto-skipped),2026-09-30T15:54:07.087720
"Surrogacy (Regulation) Act, 2021",50,Power to make rules,Rule-making power (auto-skipped),2026-09-30T15:54:07.088606
"Surrogacy (Regulation) Act, 2021",51,Power to make regulations,Rule-making power (auto-skipped),2026-09-30T15:54:07.089034
"Surrogacy (Regulation) Act, 2021",52,Rules and regulations to be laid before Parliament,Rule-making power (auto-skipped),2026-09-30T15:54:07.089512
"Citizenship Act, 1955",1,Short title,Short title / extent / commencement (auto-skipped),2026-09-30T15:54:07.090049
"Citizenship Act, 1955",2,Interpretation,Definition section (auto-skipped),2026-09-30T15:54:07.090666
"Citizenship Act, 1955",18,Power to make rules,Rule-making power (auto-skipped),2026-09-30T15:54:07.091485
"Citizenship Act, 1955",19,"Repeals.   Rep. by the Repealing and Amending Act, 1960 ( 58 of 1960 ), s. 2 and the First Schedule",Repeal / savings (auto-skipped),2026-09-30T15:54:07.092066
"Passports Act, 1967",1,Short title and extent,Short title / extent / commencement (auto-skipped),2026-09-30T15:54:07.092858
"Passports Act, 1967",2,Definitions,Definition section (auto-skipped),2026-09-30T15:54:07.093853
"Passports Act, 1967",24,Power to make rules,Rule-making power (auto-skipped),2026-09-30T15:54:07.094606
"Passports Act, 1967",25,Change of short title of Act 34 of 1920,Short title / extent / commencement (auto-skipped),2026-09-30T15:54:07.095318
"Passports Act, 1967",27,Repeal and saving,Repeal / savings (auto-skipped),2026-09-30T15:54:07.095987
"Cigarettes and Other Tobacco Products (Prohibition of Advertisement and Regulation of Trade and Commerce, Production, Supply and Distribution) Act, 2003",1,"Short title, extent and commencement",Short title / extent / commencement (auto-skipped),2026-09-30T15:54:07.096442
"Cigarettes and Other Tobacco Products (Prohibition of Advertisement and Regulation of Trade and Commerce, Production, Supply and Distribution) Act, 2003",3,Definitions,Definition section (auto-skipped),2026-09-30T15:54:07.097303
"Cigarettes and Other Tobacco Products (Prohibition of Advertisement and Regulation of Trade and Commerce, Production, Supply and Distribution) Act, 2003",31,Power of Central Government to make rules,Rule-making power (auto-skipped),2026-09-30T15:54:07.097873
"Cigarettes and Other Tobacco Products (Prohibition of Advertisement and Regulation of Trade and Commerce, Production, Supply and Distribution) Act, 2003",33,Repeal and savings,Repeal / savings (auto-skipped),2026-09-30T15:54:07.098272
"Drugs and Cosmetics Act, 1940",1,"Short title, extent and commencement",Short title / extent / commencement (auto-skipped),2026-09-30T15:54:07.098810
"Drugs and Cosmetics Act, 1940",3,Definitions,Definition section (auto-skipped),2026-09-30T15:54:07.099303
"Drugs and Cosmetics Act, 1940",12,Power of Central Government to make rules,Rule-making power (auto-skipped),2026-09-30T15:54:07.100087
"Drugs and Cosmetics Act, 1940",33,Power of Central Government to make rules,Rule-making power (auto-skipped),2026-09-30T15:54:07.100573
"Drugs and Cosmetics Act, 1940",33N,Power of Central Government to make rules,Rule-making power (auto-skipped),2026-09-30T15:54:07.100976
"Drugs and Cosmetics Act, 1940",38,Rules to be laid before Parliament,Rule-making power (auto-skipped),2026-09-30T15:54:07.101430
"Epidemic Diseases Act, 1897",1,Short title and extent,Short title / extent / commencement (auto-skipped),2026-09-30T15:54:07.103315
"Epidemic Diseases Act, 1897",1A,Definitions,Definition section (auto-skipped),2026-09-30T15:54:07.104066
"Mental Healthcare Act, 2017",1,"Short title, extent and commencement",Short title / extent / commencement (auto-skipped),2026-09-30T15:54:07.104658
"Mental Healthcare Act, 2017",2,Definitions,Definition section (auto-skipped),2026-09-30T15:54:07.105291
"Mental Healthcare Act, 2017",121,Power of Central Government and State Governments to make rules,Rule-making power (auto-skipped),2026-09-30T15:54:07.105823
"Mental Healthcare Act, 2017",122,Power of Central Authority to make regulations,Rule-making power (auto-skipped),2026-09-30T15:54:07.106228
"Mental Healthcare Act, 2017",123,Power of State Authority to make regulations,Rule-making power (auto-skipped),2026-09-30T15:54:07.106962
"Mental Healthcare Act, 2017",124,Laying of rules and regulations,Rule-making power (auto-skipped),2026-09-30T15:54:07.107618
"Mental Healthcare Act, 2017",126,Repeal and saving,Repeal / savings (auto-skipped),2026-09-30T15:54:07.108065
"Transplantation of Human Organs and Tissues Act, 1994",2,Definitions,Definition section (auto-skipped),2026-09-30T15:54:07.108436
"Transplantation of Human Organs and Tissues Act, 1994",8,Savings,Repeal / savings (auto-skipped),2026-09-30T15:54:07.108912
"Transplantation of Human Organs and Tissues Act, 1994",24,Power to make rules,Rule-making power (auto-skipped),2026-09-30T15:54:07.109314
"Transplantation of Human Organs and Tissues Act, 1994",25,Repeal and savings,Repeal / savings (auto-skipped),2026-09-30T15:54:07.109944
"Real Estate (Regulation and Development) Act, 2016",1,"Short title, extent and commencement",Short title / extent / commencement (auto-skipped),2026-09-30T15:54:07.110452
"Real Estate (Regulation and Development) Act, 2016",2,Definitions,Definition section (auto-skipped),2026-09-30T15:54:07.111219
"Real Estate (Regulation and Development) Act, 2016",84,Power of appropriate Government to make rules,Rule-making power (auto-skipped),2026-09-30T15:54:07.111825
"Real Estate (Regulation and Development) Act, 2016",85,Power to make regulations,Rule-making power (auto-skipped),2026-09-30T15:54:07.112447
"Real Estate (Regulation and Development) Act, 2016",92,Repeal,Repeal / savings (auto-skipped),2026-09-30T15:54:07.112952
"Apprentices Act, 1961",1,"Short title, extent, commencement and application",Short title / extent / commencement (auto-skipped),2026-09-30T15:54:07.113701
"Apprentices Act, 1961",2,Definitions,Definition section (auto-skipped),2026-09-30T15:54:07.114180
"Apprentices Act, 1961",37,Power to make rules,Rule-making power (auto-skipped),2026-09-30T15:54:07.114725
"Apprentices Act, 1961",38,"Repeal.  Rep. by the Repealing and Amending Act, 1964(52 of 1964), s. 2 and the First Schedule ( w.e.f. 29-12-1964)",Repeal / savings (auto-skipped),2026-09-30T15:54:07.115090
"Bonded Labour System (Abolition) Act, 1976",1,"Short title, extent and commencement",Short title / extent / commencement (auto-skipped),2026-09-30T15:54:07.115433
"Bonded Labour System (Abolition) Act, 1976",2,Definitions,Definition section (auto-skipped),2026-09-30T15:54:07.115777
"Bonded Labour System (Abolition) Act, 1976",26,Power to make rules,Rule-making power (auto-skipped),2026-09-30T15:54:07.116283
"Bonded Labour System (Abolition) Act, 1976",27,Repeal and saving,Repeal / savings (auto-skipped),2026-09-30T15:54:07.116702
"Employees Provident Funds and Miscellaneous Provisions Act, 1952",2,Definitions,Definition section (auto-skipped),2026-09-30T15:54:07.117086
"Employees Provident Funds and Miscellaneous Provisions Act, 1952",21,Power to make rules,Rule-making power (auto-skipped),2026-09-30T15:54:07.117468
"Employment of Manual Scavengers and Construction of Dry Latrines (Prohibition) Act, 1993",1,"Short title, application and commencement",Short title / extent / commencement (auto-skipped),2026-09-30T15:54:07.117866
"Employment of Manual Scavengers and Construction of Dry Latrines (Prohibition) Act, 1993",2,Definitions,Definition section (auto-skipped),2026-09-30T15:54:07.118377
"Employment of Manual Scavengers and Construction of Dry Latrines (Prohibition) Act, 1993",22,Power of Central Government to make rules,Rule-making power (auto-skipped),2026-09-30T15:54:07.118868
"Employment of Manual Scavengers and Construction of Dry Latrines (Prohibition) Act, 1993",23,Power of State Government to make rules,Rule-making power (auto-skipped),2026-09-30T15:54:07.119443
"Industrial Employmnet (Standing Orders) Act, 1946",1,"Short title, extent and application",Short title / extent / commencement (auto-skipped),2026-09-30T15:54:07.120348
"Industrial Employmnet (Standing Orders) Act, 1946",2,Interpretation,Definition section (auto-skipped),2026-09-30T15:54:07.121180
"Industrial Employmnet (Standing Orders) Act, 1946",13A,"Interpretation, etc., of standing orders",Definition section (auto-skipped),2026-09-30T15:54:07.121820
"Industrial Relations Code, 2020",2,Definitions,Definition section (auto-skipped),2026-09-30T15:54:07.122318
"Industrial Relations Code, 2020",37,"Interpretation, etc., of standing orders",Definition section (auto-skipped),2026-09-30T15:54:07.122774
"Industrial Relations Code, 2020",52,Adjustment of services of presiding officers under repealed Act,Repeal / savings (auto-skipped),2026-09-30T15:54:07.123298
"Industrial Relations Code, 2020",55,"Form of award, its communication and commencement",Short title / extent / commencement (auto-skipped),2026-09-30T15:54:07.123740
"Industrial Relations Code, 2020",60,Commencement and conclusion of proceedings,Short title / extent / commencement (auto-skipped),2026-09-30T15:54:07.124329
"Industrial Relations Code, 2020",66,Definition of continuous service,Definition section (auto-skipped),2026-09-30T15:54:07.124803
"Industrial Relations Code, 2020",95,Removal of doubts in interpretation of award or settlement,Definition section (auto-skipped),2026-09-30T15:54:07.125471
"Industrial Relations Code, 2020",99,Power of appropriate Government to make rules,Rule-making power (auto-skipped),2026-09-30T15:54:07.125949
"Industrial Relations Code, 2020",104,Repeal and savings,Repeal / savings (auto-skipped),2026-09-30T15:54:07.126437
"Mahatma Gandhi National Rural Employment Guarantee Act, 2005",2,Definitions,Definition section (auto-skipped),2026-09-30T15:54:07.127227
"Mahatma Gandhi National Rural Employment Guarantee Act, 2005",31,Power of Central Government to make rules,Rule-making power (auto-skipped),2026-09-30T15:54:07.127923
"Mahatma Gandhi National Rural Employment Guarantee Act, 2005",32,Power of State Government to make rules,Rule-making power (auto-skipped),2026-09-30T15:54:07.128652
"Occupational Safety, Health and Working Conditions Code, 2020",91,Power to make rules to exempt,Rule-making power (auto-skipped),2026-09-30T15:54:07.129115
"Occupational Safety, Health and Working Conditions Code, 2020",133,Power of appropriate Government to make rules,Rule-making power (auto-skipped),2026-09-30T15:54:07.129549
"Occupational Safety, Health and Working Conditions Code, 2020",134,Power of Central Government to make rules,Rule-making power (auto-skipped),2026-09-30T15:54:07.130209
"Occupational Safety, Health and Working Conditions Code, 2020",135,Power of State Government to make rules,Rule-making power (auto-skipped),2026-09-30T15:54:07.130843
"Occupational Safety, Health and Working Conditions Code, 2020",136,Power of Central Government to make regulations in relation to mines and dock work,Rule-making power (auto-skipped),2026-09-30T15:54:07.131447
"Occupational Safety, Health and Working Conditions Code, 2020",139,Bye-laws,Rule-making power (auto-skipped),2026-09-30T15:54:07.132070
"Occupational Safety, Health and Working Conditions Code, 2020",141,"Laying of regulations, rules, bye-laws, etc., before Parliament",Rule-making power (auto-skipped),2026-09-30T15:54:07.132726
"Occupational Safety, Health and Working Conditions Code, 2020",143,Repeal and Savings,Repeal / savings (auto-skipped),2026-09-30T15:54:07.133353
"Prohibition of Employment as Manual Scavengers and their Rehabilitation Act, 2013",36,Power of appropriate Government to make rules,Rule-making power (auto-skipped),2026-09-30T15:54:07.134057
"Street Vendors (Protection of Livelihood and Regulation of Street Vending) Act, 2014",1,"Short title, extent, commencement and provisions",Short title / extent / commencement (auto-skipped),2026-09-30T15:54:07.134643
"Street Vendors (Protection of Livelihood and Regulation of Street Vending) Act, 2014",2,Definitions,Definition section (auto-skipped),2026-09-30T15:54:07.135366
"Street Vendors (Protection of Livelihood and Regulation of Street Vending) Act, 2014",36,Power to make rules,Rule-making power (auto-skipped),2026-09-30T15:54:07.135802
"Street Vendors (Protection of Livelihood and Regulation of Street Vending) Act, 2014",37,Power to make bye-laws,Rule-making power (auto-skipped),2026-09-30T15:54:07.136163
"Trade Unions Act, 1926",1,"Short title, extent and commencement",Short title / extent / commencement (auto-skipped),2026-09-30T15:54:07.136591
"Trade Unions Act, 1926",2,Definitions,Definition section (auto-skipped),2026-09-30T15:54:07.137101
"Trade Unions Act, 1926",29,Power to make regulations,Rule-making power (auto-skipped),2026-09-30T15:54:07.137592
"Bankers Books Evidence Act, 1891",2,Definitions,Definition section (auto-skipped),2026-09-30T15:54:07.138275
"Banking Regulation Act, 1949",1,"Short title, extent and commencement",Short title / extent / commencement (auto-skipped),2026-09-30T15:54:07.138876
"Banking Regulation Act, 1949",5,Interpretation,Definition section (auto-skipped),2026-09-30T15:54:07.139463
"Banking Regulation Act, 1949",45M,Special provisions for banking companies working under schemes of arrangement at the commencement of the Amendment Act,Short title / extent / commencement (auto-skipped),2026-09-30T15:54:07.140086
"Banking Regulation Act, 1949",45U,Power of High Court to make rules,Rule-making power (auto-skipped),2026-09-30T15:54:07.140850
"Banking Regulation Act, 1949",45Y,Power of Central Government to make rules for the preservation of records,Rule-making power (auto-skipped),2026-09-30T15:54:07.141468
"Banking Regulation Act, 1949",52,Power of Central Government to make rules,Rule-making power (auto-skipped),2026-09-30T15:54:07.141976
"Banning of Unregulated Deposit Schemes Act, 2019",1,"Short title, extent and commencement",Short title / extent / commencement (auto-skipped),2026-09-30T15:54:07.142390
"Banning of Unregulated Deposit Schemes Act, 2019",2,Definitions,Definition section (auto-skipped),2026-09-30T15:54:07.142787
"Banning of Unregulated Deposit Schemes Act, 2019",37,Power of Central Government to make rules,Rule-making power (auto-skipped),2026-09-30T15:54:07.143214
"Banning of Unregulated Deposit Schemes Act, 2019",38,"Power of State Government, etc., to make rules",Rule-making power (auto-skipped),2026-09-30T15:54:07.143569
"Banning of Unregulated Deposit Schemes Act, 2019",44,Repeal and saving,Repeal / savings (auto-skipped),2026-09-30T15:54:07.143956
"Chit Funds Act, 1982",1,"Short title, extent and commencement",Short title / extent / commencement (auto-skipped),2026-09-30T15:54:07.144303
"Chit Funds Act, 1982",2,Definitions,Definition section (auto-skipped),2026-09-30T15:54:07.144938
"Chit Funds Act, 1982",8,"Minimum capital requirements for the commencement, etc., of a chit, and creation of a",Short title / extent / commencement (auto-skipped),2026-09-30T15:54:07.145485
"Chit Funds Act, 1982",9,Commencement of chit,Short title / extent / commencement (auto-skipped),2026-09-30T15:54:07.146097
"Chit Funds Act, 1982",51,Commencement and effect of winding up order,Short title / extent / commencement (auto-skipped),2026-09-30T15:54:07.147076
"Chit Funds Act, 1982",89,Power to make rules,Rule-making power (auto-skipped),2026-09-30T15:54:07.147889
"Chit Funds Act, 1982",90,Repeal and saving,Repeal / savings (auto-skipped),2026-09-30T15:54:07.148582
"Credit Information Companies (Regulation) Act, 2005",36,Power to make rules,Rule-making power (auto-skipped),2026-09-30T15:54:07.149229
"Credit Information Companies (Regulation) Act, 2005",37,Power of Reserve Bank to make regulations,Rule-making power (auto-skipped),2026-09-30T15:54:07.150027
"Insolvency and Bankruptcy Code, 2016",3,Definitions,Definition section (auto-skipped),2026-09-30T15:54:07.150585
"Insolvency and Bankruptcy Code, 2016",79,Definitions,Definition section (auto-skipped),2026-09-30T15:54:07.150992
"Insolvency and Bankruptcy Code, 2016",205,Insolvency professional agencies to make bye-laws,Rule-making power (auto-skipped),2026-09-30T15:54:07.151340
"Insolvency and Bankruptcy Code, 2016",239,Power to make rules,Rule-making power (auto-skipped),2026-09-30T15:54:07.151668
"Insolvency and Bankruptcy Code, 2016",240,Power to make regulations,Rule-making power (auto-skipped),2026-09-30T15:54:07.151999
"Insolvency and Bankruptcy Code, 2016",241,Rules and regulations to be laid before Parliament,Rule-making power (auto-skipped),2026-09-30T15:54:07.152302
"Insolvency and Bankruptcy Code, 2016",243,Repeal of certain enactments and savings,Repeal / savings (auto-skipped),2026-09-30T15:54:07.152636
"Interest Act, 1978",2,Definitions,Definition section (auto-skipped),2026-09-30T15:54:07.153047
"Payment and Settlement Systems Act, 2007",1,"Short title, extent and commencement",Short title / extent / commencement (auto-skipped),2026-09-30T15:54:07.153654
"Payment and Settlement Systems Act, 2007",2,Definitions,Definition section (auto-skipped),2026-09-30T15:54:07.154158
"Payment and Settlement Systems Act, 2007",38,Power of Reserve Bank to make regulations,Rule-making power (auto-skipped),2026-09-30T15:54:07.154556
"Prize Chits and Money Circulation Schemes (Banning) Act, 1978",1,Short title and extent,Short title / extent / commencement (auto-skipped),2026-09-30T15:54:07.154872
"Prize Chits and Money Circulation Schemes (Banning) Act, 1978",2,Definitions,Definition section (auto-skipped),2026-09-30T15:54:07.155228
"Prize Chits and Money Circulation Schemes (Banning) Act, 1978",13,Power to make rules,Rule-making power (auto-skipped),2026-09-30T15:54:07.155562
"Prize Chits and Money Circulation Schemes (Banning) Act, 1978",14,Repeals and saving,Repeal / savings (auto-skipped),2026-09-30T15:54:07.155881
"Provincial Insolvency Act, 1920",1,Short title and extent,Short title / extent / commencement (auto-skipped),2026-09-30T15:54:07.156177
"Provincial Insolvency Act, 1920",2,Definitions,Definition section (auto-skipped),2026-09-30T15:54:07.156521
"Provincial Insolvency Act, 1920",4,"In the application of the Act to the Punjab, a new clause (aa) has been ins",Short title / extent / commencement (auto-skipped),2026-09-30T15:54:07.157063
"Provincial Insolvency Act, 1920",79,Power to make rules,Rule-making power (auto-skipped),2026-09-30T15:54:07.157655
"Provincial Insolvency Act, 1920",82,Savings,Repeal / savings (auto-skipped),2026-09-30T15:54:07.158124
"Provincial Insolvency Act, 1920",83,"Repeals.  Omitted by the Repealing Act 12 of 1927, s. 2 and the Schedule",Repeal / savings (auto-skipped),2026-09-30T15:54:07.158502
"Recovery Of Debts And Bankruptcy Act, 1993",1,"Short title, extent, commencement and application",Short title / extent / commencement (auto-skipped),2026-09-30T15:54:07.159093
"Recovery Of Debts And Bankruptcy Act, 1993",2,Definitions,Definition section (auto-skipped),2026-09-30T15:54:07.159787
"Recovery Of Debts And Bankruptcy Act, 1993",36,Power to make rules,Rule-making power (auto-skipped),2026-09-30T15:54:07.160401
"Recovery Of Debts And Bankruptcy Act, 1993",37,Repeal and saving,Repeal / savings (auto-skipped),2026-09-30T15:54:07.160745
"Securitisation and Reconstruction of Financial Assets and Enforcement of Security Interest Act, 2002",1,"Short title, extent and commencement",Short title / extent / commencement (auto-skipped),2026-09-30T15:54:07.161043
"Securitisation and Reconstruction of Financial Assets and Enforcement of Security Interest Act, 2002",2,Definitions,Definition section (auto-skipped),2026-09-30T15:54:07.161343
"Securitisation and Reconstruction of Financial Assets and Enforcement of Security Interest Act, 2002",38,Power of Central Government to make rules,Rule-making power (auto-skipped),2026-09-30T15:54:07.161710
"Securitisation and Reconstruction of Financial Assets and Enforcement of Security Interest Act, 2002",42,Repeal and saving,Repeal / savings (auto-skipped),2026-09-30T15:54:07.162045
"Usurious Loans Act, 1918",1,Short title and extent,Short title / extent / commencement (auto-skipped),2026-09-30T15:54:07.162470
"Usurious Loans Act, 1918",2,Definitions,Definition section (auto-skipped),2026-09-30T15:54:07.162890
"Indian Easements Act, 1882",1,Short title,Short title / extent / commencement (auto-skipped),2026-09-30T15:54:07.163395
"Indian Easements Act, 1882",4,"""Easement"" defined",Definition section (auto-skipped),2026-09-30T15:54:07.163855
"Indian Easements Act, 1882",20,Rules controlled by contract or title,Rule-making power (auto-skipped),2026-09-30T15:54:07.164420
"Indian Easements Act, 1882",28,Extent of easements,Short title / extent / commencement (auto-skipped),2026-09-30T15:54:07.164889
"Indian Easements Act, 1882",52,"""License"" defined",Definition section (auto-skipped),2026-09-30T15:54:07.165660
"Public Premises (Eviction of Unauthorised Occupants) Act, 1971",2,Definitions,Definition section (auto-skipped),2026-09-30T15:54:07.166449
"Public Premises (Eviction of Unauthorised Occupants) Act, 1971",18,Power to make rules,Rule-making power (auto-skipped),2026-09-30T15:54:07.167018
"Public Premises (Eviction of Unauthorised Occupants) Act, 1971",19,Repeal,Repeal / savings (auto-skipped),2026-09-30T15:54:07.167383
"Registration Act, 1908",9,"Military cantonments may be declared sub-districts or districts ( Repealed ). Rep . by the Repealing and Amending Act , 1927 (10 of 1927), s. 3",Repeal / savings (auto-skipped),2026-09-30T15:54:07.167716
"Registration Act, 1908",46,Saving of certain enactments and powers of Courts,Repeal / savings (auto-skipped),2026-09-30T15:54:07.168092
"Registration Act, 1908",93,"Repeal s Rep. by the Repealing Act , 1938 (1 of 1938), s . 2 and Schedule",Repeal / savings (auto-skipped),2026-09-30T15:54:07.168398
"Right to Fair Compensation and Transparency in Land Acquisition, Rehabilitation and Resettlement Act, 2013",3,Definition,Definition section (auto-skipped),2026-09-30T15:54:07.168722
"Right to Fair Compensation and Transparency in Land Acquisition, Rehabilitation and Resettlement Act, 2013",109,Power of appropriate Government to make rules,Rule-making power (auto-skipped),2026-09-30T15:54:07.169086
"Right to Fair Compensation and Transparency in Land Acquisition, Rehabilitation and Resettlement Act, 2013",110,Rules made by Central Government to be laid before Parliament,Rule-making power (auto-skipped),2026-09-30T15:54:07.169385
"Right to Fair Compensation and Transparency in Land Acquisition, Rehabilitation and Resettlement Act, 2013",111,Rules made by State Government to be laid before State Legislature,Rule-making power (auto-skipped),2026-09-30T15:54:07.169682
"Right to Fair Compensation and Transparency in Land Acquisition, Rehabilitation and Resettlement Act, 2013",114,Repeal and saving,Repeal / savings (auto-skipped),2026-09-30T15:54:07.170003
"Scheduled Tribes and Other Traditional Forest Dwellers (Recognition of Forest Rights) Act, 2006",1,"Short title, extent and commencement",Short title / extent / commencement (auto-skipped),2026-09-30T15:54:07.170309
"Scheduled Tribes and Other Traditional Forest Dwellers (Recognition of Forest Rights) Act, 2006",14,Power to make rules,Rule-making power (auto-skipped),2026-09-30T15:54:07.170657
"Commission of Sati (Prevention ) Act, 1987",21,Power to make rules,Rule-making power (auto-skipped),2026-09-30T15:54:07.170964
"Commission of Sati (Prevention ) Act, 1987",22,Repeal of existing laws,Repeal / savings (auto-skipped),2026-09-30T15:54:07.171331
"Commissions for Protection of Child Rights Act, 2005",1,"Short title, extent and commencement",Short title / extent / commencement (auto-skipped),2026-09-30T15:54:07.171660
"Commissions for Protection of Child Rights Act, 2005",35,Power to Central Government to make rules,Rule-making power (auto-skipped),2026-09-30T15:54:07.171961
"Commissions for Protection of Child Rights Act, 2005",36,Power of State Government to make rules,Rule-making power (auto-skipped),2026-09-30T15:54:07.172313
"Human Immunodeficiency Virus and Acquired Immune Deficiency Syndrome (Prevention and Control) Act, 2017",1,"Short title, extent and commencement",Short title / extent / commencement (auto-skipped),2026-09-30T15:54:07.172697
"Human Immunodeficiency Virus and Acquired Immune Deficiency Syndrome (Prevention and Control) Act, 2017",2,Definitions,Definition section (auto-skipped),2026-09-30T15:54:07.173035
"Human Immunodeficiency Virus and Acquired Immune Deficiency Syndrome (Prevention and Control) Act, 2017",47,Power of Central Government to make rules,Rule-making power (auto-skipped),2026-09-30T15:54:07.173336
"Human Immunodeficiency Virus and Acquired Immune Deficiency Syndrome (Prevention and Control) Act, 2017",49,Power of State Government to make rules and laying thereof,Rule-making power (auto-skipped),2026-09-30T15:54:07.173702
"Immoral Traffic (Prevention) Act, 1956",1,"Short title, extent and commencement",Short title / extent / commencement (auto-skipped),2026-09-30T15:54:07.174179
"Immoral Traffic (Prevention) Act, 1956",2,Definitions,Definition section (auto-skipped),2026-09-30T15:54:07.174946
"Immoral Traffic (Prevention) Act, 1956",23,Power to make rules,Rule-making power (auto-skipped),2026-09-30T15:54:07.175697
"Immoral Traffic (Prevention) Act, 1956",25,Repeal and savings,Repeal / savings (auto-skipped),2026-09-30T15:54:07.176230
"Indecent Representation of Women (Prohibition) Act, 1986",1,"Short title, extent and commencement",Short title / extent / commencement (auto-skipped),2026-09-30T15:54:07.176643
"Indecent Representation of Women (Prohibition) Act, 1986",2,Definitions,Definition section (auto-skipped),2026-09-30T15:54:07.177155
"Indecent Representation of Women (Prohibition) Act, 1986",10,Power to make rules,Rule-making power (auto-skipped),2026-09-30T15:54:07.177665
"Juvenile Justice (Care and Protection of Children) Act, 2015",2,Definitions,Definition section (auto-skipped),2026-09-30T15:54:07.178235
"Juvenile Justice (Care and Protection of Children) Act, 2015",110,Power to make rules,Rule-making power (auto-skipped),2026-09-30T15:54:07.178608
"Juvenile Justice (Care and Protection of Children) Act, 2015",111,Repeal and savings,Repeal / savings (auto-skipped),2026-09-30T15:54:07.179018
"National Commission for Women Act, 1990",1,"Short title, extent and commencement",Short title / extent / commencement (auto-skipped),2026-09-30T15:54:07.179345
"National Commission for Women Act, 1990",17,Power to make rules,Rule-making power (auto-skipped),2026-09-30T15:54:07.179673
"Orphanages and other Charitable Homes (Supervision and Control) Act, 1960",1,"Short title, extent and commencement",Short title / extent / commencement (auto-skipped),2026-09-30T15:54:07.180020
"Orphanages and other Charitable Homes (Supervision and Control) Act, 1960",2,Definitions,Definition section (auto-skipped),2026-09-30T15:54:07.180428
"Orphanages and other Charitable Homes (Supervision and Control) Act, 1960",29,Power of State Government to make rules,Rule-making power (auto-skipped),2026-09-30T15:54:07.180753
"Orphanages and other Charitable Homes (Supervision and Control) Act, 1960",30,Power of the Board to make regulations,Rule-making power (auto-skipped),2026-09-30T15:54:07.181066
"Orphanages and other Charitable Homes (Supervision and Control) Act, 1960",31,Repeals and savings,Repeal / savings (auto-skipped),2026-09-30T15:54:07.181373
"Right of Children to Free and Compulsory Education Act, 2009",1,"1 Short title, extent, application and commencement",Short title / extent / commencement (auto-skipped),2026-09-30T15:54:07.181685
"Right of Children to Free and Compulsory Education Act, 2009",2,Definitions,Definition section (auto-skipped),2026-09-30T15:54:07.182004
"Right of Children to Free and Compulsory Education Act, 2009",12,Extent of school's responsibility for free and compulsory education,Short title / extent / commencement (auto-skipped),2026-09-30T15:54:07.182323
"Right of Children to Free and Compulsory Education Act, 2009",38,Power of appropriate Government to make rules,Rule-making power (auto-skipped),2026-09-30T15:54:07.182787
"Rights of Persons with Disabilities Act, 2016",1,Short title and commencement,Short title / extent / commencement (auto-skipped),2026-09-30T15:54:07.183086
"Rights of Persons with Disabilities Act, 2016",100,Power of Central Government to make rules,Rule-making power (auto-skipped),2026-09-30T15:54:07.183387
"Rights of Persons with Disabilities Act, 2016",101,Power of State Government to make rules,Rule-making power (auto-skipped),2026-09-30T15:54:07.183811
"Rights of Persons with Disabilities Act, 2016",102,Repeal and savings,Repeal / savings (auto-skipped),2026-09-30T15:54:07.184149
"Transgender Persons (Protection of Rights) Act, 2019",2,Definitions,Definition section (auto-skipped),2026-09-30T15:54:07.184547
"Transgender Persons (Protection of Rights) Act, 2019",22,Power of appropriate Government to make rules,Rule-making power (auto-skipped),2026-09-30T15:54:07.184932
"Women’s and Children’s Institutions (Licensing) Act, 1956",1,"Short title, extent and commencement",Short title / extent / commencement (auto-skipped),2026-09-30T15:54:07.185288
"Women’s and Children’s Institutions (Licensing) Act, 1956",2,Definitions,Definition section (auto-skipped),2026-09-30T15:54:07.185591
"Women’s and Children’s Institutions (Licensing) Act, 1956",11,Power to make rules,Rule-making power (auto-skipped),2026-09-30T15:54:07.185908
"Women’s and Children’s Institutions (Licensing) Act, 1956",12,Repeal and savings,Repeal / savings (auto-skipped),2026-09-30T15:54:07.186201
"Karnataka Civil Courts Act, 1964",1,Short title and commencement,Short title / extent / commencement (auto-skipped),2026-09-30T15:54:07.186576
"Karnataka Civil Courts Act, 1964",27,Power of High Court to make rules,Rule-making power (auto-skipped),2026-09-30T15:54:07.186870
"Karnataka Civil Courts Act, 1964",29,Repeal and savings,Repeal / savings (auto-skipped),2026-09-30T15:54:07.187158
"Karnataka Control of Organized Crimes Acts, 2000",1,"Short title, extent and commencement",Short title / extent / commencement (auto-skipped),2026-09-30T15:54:07.187518
"Karnataka Control of Organized Crimes Acts, 2000",2,Definitions,Definition section (auto-skipped),2026-09-30T15:54:07.187826
"Karnataka Control of Organized Crimes Acts, 2000",29,Power of High Court to make rules,Rule-making power (auto-skipped),2026-09-30T15:54:07.188128
"Karnataka Court-fee and Suits Valuation Act, 1958",1,"Short title, extent and commencement",Short title / extent / commencement (auto-skipped),2026-09-30T15:54:07.188462
"Karnataka Court-fee and Suits Valuation Act, 1958",2,Application of Act,Short title / extent / commencement (auto-skipped),2026-09-30T15:54:07.188889
"Karnataka Court-fee and Suits Valuation Act, 1958",3,Definitions,Definition section (auto-skipped),2026-09-30T15:54:07.189814
"Karnataka Court-fee and Suits Valuation Act, 1958",77,Power of High Court to make rules,Rule-making power (auto-skipped),2026-09-30T15:54:07.191362
"Karnataka Court-fee and Suits Valuation Act, 1958",78,Power of State Government to make rules,Rule-making power (auto-skipped),2026-09-30T15:54:07.191930
"Karnataka Court-fee and Suits Valuation Act, 1958",79,Repeal and savings,Repeal / savings (auto-skipped),2026-09-30T15:54:07.192531
"Karnataka Police Act, 1963",1,Short title and commencement,Short title / extent / commencement (auto-skipped),2026-09-30T15:54:07.193056
"Karnataka Police Act, 1963",33,Power to make rules prohibiting disposal of the dead except at places set apart,Rule-making power (auto-skipped),2026-09-30T15:54:07.193565
"Karnataka Police Act, 1963",144,Definitions,Definition section (auto-skipped),2026-09-30T15:54:07.194075
"Karnataka Police Act, 1963",163,Power of Government to make rules,Rule-making power (auto-skipped),2026-09-30T15:54:07.194595
"Karnataka Police Act, 1963",165,Rules and order not invalidated by defect in form or irregularity in procedure,Rule-making power (auto-skipped),2026-09-30T15:54:07.195198
"Karnataka Police Act, 1963",175,Saving in respect of rescission of certain provisions,Repeal / savings (auto-skipped),2026-09-30T15:54:07.195661
"Karnataka Police Act, 1963",176,Saving of games of skill,Repeal / savings (auto-skipped),2026-09-30T15:54:07.196381
"Karnataka Police Act, 1963",178,Repeal and saving,Repeal / savings (auto-skipped),2026-09-30T15:54:07.196830
"Karnataka Small Cause Courts Act, 1964",1,Short title and commencement,Short title / extent / commencement (auto-skipped),2026-09-30T15:54:07.197197
"Karnataka Small Cause Courts Act, 1964",2,Definitions,Definition section (auto-skipped),2026-09-30T15:54:07.197617
"Karnataka Small Cause Courts Act, 1964",24,Saving of power to appoint Judge of Court of Small Causes to other office,Repeal / savings (auto-skipped),2026-09-30T15:54:07.198034
"Karnataka Small Cause Courts Act, 1964",25,Application of Act to Courts invested with jurisdiction of Court of Small causes,Short title / extent / commencement (auto-skipped),2026-09-30T15:54:07.198519
"Karnataka Small Cause Courts Act, 1964",26,Application of Act and Code to Courts so invested as to two Courts,Short title / extent / commencement (auto-skipped),2026-09-30T15:54:07.198989
"Karnataka Small Cause Courts Act, 1964",29,Repeal and savings,Repeal / savings (auto-skipped),2026-09-30T15:54:07.199378
"Karnataka Education Act, 1983",1,"Short title, extent, application and commencement",Short title / extent / commencement (auto-skipped),2026-09-30T15:54:07.199821
"Karnataka Education Act, 1983",2,Definitions,Definition section (auto-skipped),2026-09-30T15:54:07.200187
"Karnataka Education Act, 1983",21,Definitions,Definition section (auto-skipped),2026-09-30T15:54:07.200657
"Karnataka Education Act, 1983",59,Definitions,Definition section (auto-skipped),2026-09-30T15:54:07.201008
"Karnataka Education Act, 1983",66,Definitions,Definition section (auto-skipped),2026-09-30T15:54:07.201410
"Karnataka Education Act, 1983",141,Application of the Act to certain institutions,Short title / extent / commencement (auto-skipped),2026-09-30T15:54:07.201928
"Karnataka Education Act, 1983",145,Power to make rules,Rule-making power (auto-skipped),2026-09-30T15:54:07.202423
"Karnataka Education Act, 1983",146,Repeal and Savings,Repeal / savings (auto-skipped),2026-09-30T15:54:07.203170
"Karnataka Educational Institutions (Prohibition of Capitation Fee) Act, 1984",2,Definitions,Definition section (auto-skipped),2026-09-30T15:54:07.203622
"Karnataka Educational Institutions (Prohibition of Capitation Fee) Act, 1984",10,Application of the Act to minority institutions,Short title / extent / commencement (auto-skipped),2026-09-30T15:54:07.204136
"Karnataka Educational Institutions (Prohibition of Capitation Fee) Act, 1984",14,Power to make rules,Rule-making power (auto-skipped),2026-09-30T15:54:07.204528
"Karnataka Preservation of Trees Act, 1976",1,Short title and commencement,Short title / extent / commencement (auto-skipped),2026-09-30T15:54:07.205047
"Karnataka Preservation of Trees Act, 1976",23,Rules,Rule-making power (auto-skipped),2026-09-30T15:54:07.205500
"Karnataka Preservation of Trees Act, 1976",29,Repeal of Karnataka Ordinance No. 14 of 1976,Repeal / savings (auto-skipped),2026-09-30T15:54:07.205979
"Karnataka Marriages (Registration and Miscellaneous Provisions) Act, 1976",1,"Short title, extent and commencement",Short title / extent / commencement (auto-skipped),2026-09-30T15:54:07.206464
"Karnataka Marriages (Registration and Miscellaneous Provisions) Act, 1976",2,Definitions,Definition section (auto-skipped),2026-09-30T15:54:07.206943
"Karnataka Marriages (Registration and Miscellaneous Provisions) Act, 1976",30,Power to make rules,Rule-making power (auto-skipped),2026-09-30T15:54:07.207304
"Karnataka Marriages (Registration and Miscellaneous Provisions) Act, 1976",36,Repeal and savings,Repeal / savings (auto-skipped),2026-09-30T15:54:07.207644
"Karnataka Private Medical Establishments Act, 2007",1,Short title and commencement,Short title / extent / commencement (auto-skipped),2026-09-30T15:54:07.208214
"Karnataka Private Medical Establishments Act, 2007",2,Definitions,Definition section (auto-skipped),2026-09-30T15:54:07.209057
"Karnataka Private Medical Establishments Act, 2007",26,Power to make rules,Rule-making power (auto-skipped),2026-09-30T15:54:07.209544
"Karnataka Private Medical Establishments Act, 2007",27,Rules and orders to be placed before the State legislature,Rule-making power (auto-skipped),2026-09-30T15:54:07.209905
"Karnataka Private Medical Establishments Act, 2007",28,Repeal and Savings,Repeal / savings (auto-skipped),2026-09-30T15:54:07.210578
"Karnataka Daily Wage Employees Welfare Act, 2012",1,Short title and commencement,Short title / extent / commencement (auto-skipped),2026-09-30T15:54:07.211095
"Karnataka Daily Wage Employees Welfare Act, 2012",2,Definitions,Definition section (auto-skipped),2026-09-30T15:54:07.211841
"Karnataka Payment of Subsistence Allowance Act, 1988",1,Short title and commencement,Short title / extent / commencement (auto-skipped),2026-09-30T15:54:07.212340
"Karnataka Payment of Subsistence Allowance Act, 1988",2,Definitions,Definition section (auto-skipped),2026-09-30T15:54:07.212843
"Karnataka Payment of Subsistence Allowance Act, 1988",5,Savings of certain rights and privileges,Repeal / savings (auto-skipped),2026-09-30T15:54:07.213308
"Karnataka Payment of Subsistence Allowance Act, 1988",12,Power to make rules,Rule-making power (auto-skipped),2026-09-30T15:54:07.213669
"Karnataka Shops and Commercial Establishments Act, 1961",19,Power to make rules,Rule-making power (auto-skipped),2026-09-30T15:54:07.214040
"Karnataka Shops and Commercial Establishments Act, 1961",35,Saving of certain rights and privileges,Repeal / savings (auto-skipped),2026-09-30T15:54:07.214434
"Karnataka Shops and Commercial Establishments Act, 1961",40,Power to make rules,Rule-making power (auto-skipped),2026-09-30T15:54:07.215025
"Karnataka Shops and Commercial Establishments Act, 1961",42,Repeal and savings,Repeal / savings (auto-skipped),2026-09-30T15:54:07.215608
"Karnataka Shops and Commercial Establishments Act, 1961",43,Repeal of Central Act XVIII of 1942,Repeal / savings (auto-skipped),2026-09-30T15:54:07.216092
"Karnataka Debt Relief Act, 1976",3,Definitions,Definition section (auto-skipped),2026-09-30T15:54:07.216611
"Karnataka Debt Relief Act, 1976",9,Power to make rules,Rule-making power (auto-skipped),2026-09-30T15:54:07.216985
"Karnataka Debt Relief Act, 1976",10,"Repeal of Karnataka Ordinance Nos. 15 of 1975 , 19 of 1975 and 21 of 1975",Repeal / savings (auto-skipped),2026-09-30T15:54:07.217447
"Karnataka Debt Relief Act, 1980",1,Short title and commencement,Short title / extent / commencement (auto-skipped),2026-09-30T15:54:07.218006
"Karnataka Debt Relief Act, 1980",2,Definitions,Definition section (auto-skipped),2026-09-30T15:54:07.218449
"Karnataka Debt Relief Act, 1980",15,Savings,Repeal / savings (auto-skipped),2026-09-30T15:54:07.219090
"Karnataka Debt Relief Act, 1980",16,Power to make rules,Rule-making power (auto-skipped),2026-09-30T15:54:07.219467
"Karnataka Debt Relief Act, 1980",17,Repeal of Karnataka Ordinance No.19 of 1979,Repeal / savings (auto-skipped),2026-09-30T15:54:07.219786
"Karnataka Debt Relief Act, 2018",1,Short title and commencement,Short title / extent / commencement (auto-skipped),2026-09-30T15:54:07.220102
"Karnataka Debt Relief Act, 2018",2,Definitions,Definition section (auto-skipped),2026-09-30T15:54:07.220419
"Karnataka Debt Relief Act, 2018",16,Savings,Repeal / savings (auto-skipped),2026-09-30T15:54:07.220758
"Karnataka Debt Relief Act, 2018",18,Power to make rules,Rule-making power (auto-skipped),2026-09-30T15:54:07.221368
"Karnataka Micro Loan and Small Loan (Prevention of Coercive Actions) Act, 2025",1,"Short title, commencement and application",Short title / extent / commencement (auto-skipped),2026-09-30T15:54:07.221788
"Karnataka Micro Loan and Small Loan (Prevention of Coercive Actions) Act, 2025",2,Definitions,Definition section (auto-skipped),2026-09-30T15:54:07.222151
"Karnataka Micro Loan and Small Loan (Prevention of Coercive Actions) Act, 2025",18,Power to make rules,Rule-making power (auto-skipped),2026-09-30T15:54:07.222468
"Karnataka Micro Loan and Small Loan (Prevention of Coercive Actions) Act, 2025",19,Repeal and savings,Repeal / savings (auto-skipped),2026-09-30T15:54:07.222968
"Karnataka Money-lenders Act, 1961",1,Short title and commencement,Short title / extent / commencement (auto-skipped),2026-09-30T15:54:07.223309
"Karnataka Money-lenders Act, 1961",2,Amendment of section 10,Definition section (auto-skipped),2026-09-30T15:54:07.223616
"Karnataka Money-lenders Act, 1961",31,Application of Act as respects assignees,Short title / extent / commencement (auto-skipped),2026-09-30T15:54:07.223921
"Karnataka Money-lenders Act, 1961",43,Saving of laws relating to agriculturists' indebtedness,Repeal / savings (auto-skipped),2026-09-30T15:54:07.224574
"Karnataka Money-lenders Act, 1961",44,Rules,Rule-making power (auto-skipped),2026-09-30T15:54:07.225141
"Karnataka Money-lenders Act, 1961",45,Repeal and savings,Repeal / savings (auto-skipped),2026-09-30T15:54:07.225511
"Karnataka Pawnbrokers Act, 1961",1,"Short title, extent and commencement",Short title / extent / commencement (auto-skipped),2026-09-30T15:54:07.225818
"Karnataka Pawnbrokers Act, 1961",2,Definitions,Definition section (auto-skipped),2026-09-30T15:54:07.226189
"Karnataka Pawnbrokers Act, 1961",22,Power to make rules,Rule-making power (auto-skipped),2026-09-30T15:54:07.226512
"Karnataka Pawnbrokers Act, 1961",23,Savings,Repeal / savings (auto-skipped),2026-09-30T15:54:07.226832
"Karnataka Pawnbrokers Act, 1961",24,Repeal,Repeal / savings (auto-skipped),2026-09-30T15:54:07.227199
"Karnataka Prohibition of Charging Exorbitant Interest Act, 2004",1,"Short title, and commencement",Short title / extent / commencement (auto-skipped),2026-09-30T15:54:07.227524
"Karnataka Prohibition of Charging Exorbitant Interest Act, 2004",2,Definitions,Definition section (auto-skipped),2026-09-30T15:54:07.227824
"Karnataka Prohibition of Charging Exorbitant Interest Act, 2004",14,Repeal and Savings,Repeal / savings (auto-skipped),2026-09-30T15:54:07.228190
"Karnataka Motor Vehicles Taxation Act, 1957",2,Definitions,Definition section (auto-skipped),2026-09-30T15:54:07.228528
"Karnataka Motor Vehicles Taxation Act, 1957",5,Savings,Repeal / savings (auto-skipped),2026-09-30T15:54:07.228860
"Karnataka Motor Vehicles Taxation Act, 1957",22,Power to make rules,Rule-making power (auto-skipped),2026-09-30T15:54:07.229210
"Karnataka Motor Vehicles Taxation Act, 1957",23,Repeal and saving,Repeal / savings (auto-skipped),2026-09-30T15:54:07.229562
"Karnataka Traffic Control Act, 1960",2,Definitions,Definition section (auto-skipped),2026-09-30T15:54:07.229878
"Karnataka Traffic Control Act, 1960",14,Power to make rules for control of traffic,Rule-making power (auto-skipped),2026-09-30T15:54:07.230201
"Karnataka Traffic Control Act, 1960",16,"Power to make rules for construction, equipment and maintenance of vehicles",Rule-making power (auto-skipped),2026-09-30T15:54:07.230547
"Karnataka Traffic Control Act, 1960",17,Power to make rules for control of public vehicles,Rule-making power (auto-skipped),2026-09-30T15:54:07.230936
"Karnataka Traffic Control Act, 1960",22,Rules to be laid before State Legislature,Rule-making power (auto-skipped),2026-09-30T15:54:07.231256
"Karnataka Traffic Control Act, 1960",23,Existing bye-laws to continue,Rule-making power (auto-skipped),2026-09-30T15:54:07.231631
"Karnataka Traffic Control Act, 1960",24,Repeal and savings,Repeal / savings (auto-skipped),2026-09-30T15:54:07.231973
"Karnataka Acquisition of Lands for Grant of House Sites Act, 1972",1,Short title and commencement,Short title / extent / commencement (auto-skipped),2026-09-30T15:54:07.232297
"Karnataka Acquisition of Lands for Grant of House Sites Act, 1972",2,Definitions,Definition section (auto-skipped),2026-09-30T15:54:07.232628
"Karnataka Acquisition of Lands for Grant of House Sites Act, 1972",7,Rules,Rule-making power (auto-skipped),2026-09-30T15:54:07.233049
"Karnataka Apartment Ownership Act, 1972",1,"Short title, extent and commencement",Short title / extent / commencement (auto-skipped),2026-09-30T15:54:07.233614
"Karnataka Apartment Ownership Act, 1972",2,Application of the Act,Short title / extent / commencement (auto-skipped),2026-09-30T15:54:07.234034
"Karnataka Apartment Ownership Act, 1972",3,Definitions,Definition section (auto-skipped),2026-09-30T15:54:07.234363
"Karnataka Apartment Ownership Act, 1972",7,"Compliance with covenants, bye-laws and administrative provisions",Rule-making power (auto-skipped),2026-09-30T15:54:07.234781
"Karnataka Apartment Ownership Act, 1972",16,Bye-laws and their contents,Rule-making power (auto-skipped),2026-09-30T15:54:07.235304
"Karnataka Apartment Ownership Act, 1972",25,Power to make rules,Rule-making power (auto-skipped),2026-09-30T15:54:07.235661
"Karnataka Land (Restriction on Transfer) Act, 1991",2,Definitions,Definition section (auto-skipped),2026-09-30T15:54:07.236054
"Karnataka Land (Restriction on Transfer) Act, 1991",11,Power to make rules,Rule-making power (auto-skipped),2026-09-30T15:54:07.236406
"Karnataka Land Grabbing Prohibition Act, 2011",1,"Short title, application and commencement",Short title / extent / commencement (auto-skipped),2026-09-30T15:54:07.236768
"Karnataka Land Grabbing Prohibition Act, 2011",2,Definitions,Definition section (auto-skipped),2026-09-30T15:54:07.237164
"Karnataka Land Grabbing Prohibition Act, 2011",18,Power to make rules,Rule-making power (auto-skipped),2026-09-30T15:54:07.237515
"Karnataka Land Grabbing Prohibition Act, 2011",19,Power to make regulations,Rule-making power (auto-skipped),2026-09-30T15:54:07.237889
"Karnataka Land Reforms Act, 1961",94,Bye-laws of the Farm,Rule-making power (auto-skipped),2026-09-30T15:54:07.238216
"Karnataka Land Reforms Act, 1961",95,Amendment of the bye-laws by the Registrar,Rule-making power (auto-skipped),2026-09-30T15:54:07.238545
"Karnataka Land Reforms Act, 1961",114,Commencement of proceedings,Short title / extent / commencement (auto-skipped),2026-09-30T15:54:07.239063
"Karnataka Land Reforms Act, 1961",126,Application of Act to inams,Short title / extent / commencement (auto-skipped),2026-09-30T15:54:07.239585
"Karnataka Land Reforms Act, 1961",137,Rules,Rule-making power (auto-skipped),2026-09-30T15:54:07.240050
"Karnataka Land Reforms Act, 1961",140,Rules and notification to be laid before the State Legislature,Rule-making power (auto-skipped),2026-09-30T15:54:07.240355
"Karnataka Land Reforms Act, 1961",142,Repeal and savings,Repeal / savings (auto-skipped),2026-09-30T15:54:07.240727
"Karnataka Public Premises (Eviction of Unauthorised Occupants) Act, 1974",1,Short title and commencement,Short title / extent / commencement (auto-skipped),2026-09-30T15:54:07.241062
"Karnataka Public Premises (Eviction of Unauthorised Occupants) Act, 1974",18,Power to make rules,Rule-making power (auto-skipped),2026-09-30T15:54:07.241567
"Karnataka Public Premises (Eviction of Unauthorised Occupants) Act, 1974",19,Repeal and savings,Repeal / savings (auto-skipped),2026-09-30T15:54:07.242006
"Karnataka Slum Areas Development Act, 1973",1,Short title and commencement,Short title / extent / commencement (auto-skipped),2026-09-30T15:54:07.242368
"Karnataka Slum Areas Development Act, 1973",2,Definitions,Definition section (auto-skipped),2026-09-30T15:54:07.242738
"Karnataka Slum Areas Development Act, 1973",16,Rules to provide for transfer to previous occupants,Rule-making power (auto-skipped),2026-09-30T15:54:07.243274
"Karnataka Slum Areas Development Act, 1973",43,Power of Board to make regulations,Rule-making power (auto-skipped),2026-09-30T15:54:07.243648
"Karnataka Slum Areas Development Act, 1973",71,Power to make rules,Rule-making power (auto-skipped),2026-09-30T15:54:07.244073
"Karnataka Slum Areas Development Act, 1973",72,Application of the Act to certain pending cases of acquisition,Short title / extent / commencement (auto-skipped),2026-09-30T15:54:07.244514
"Karnataka Stamp Act, 1957",2,Definitions,Definition section (auto-skipped),2026-09-30T15:54:07.244903
"Karnataka Stamp Act, 1957",3,Repeal and savings,Repeal / savings (auto-skipped),2026-09-30T15:54:07.245346
"Karnataka Stamp Act, 1957",69,Saving as to Court Fees,Repeal / savings (auto-skipped),2026-09-30T15:54:07.245848
"Karnataka Stamp Act, 1957",71,Repeal and savings,Repeal / savings (auto-skipped),2026-09-30T15:54:07.246435
"Karnataka Town and Country Planning Act, 1961",1,"Short title, extent and commencement",Short title / extent / commencement (auto-skipped),2026-09-30T15:54:07.247035
"Karnataka Town and Country Planning Act, 1961",36,"Power of the State Government to suspend rule, bye-law, etc",Rule-making power (auto-skipped),2026-09-30T15:54:07.247538
"Karnataka Town and Country Planning Act, 1961",74,Rules,Rule-making power (auto-skipped),2026-09-30T15:54:07.247936
"Karnataka Town and Country Planning Act, 1961",75,Bye-laws,Rule-making power (auto-skipped),2026-09-30T15:54:07.248338
"Karnataka Town and Country Planning Act, 1961",83,Repeal and savings,Repeal / savings (auto-skipped),2026-09-30T15:54:07.248673
"Karnataka Sakaala Services Act, 2011",1,Short title and commencement,Short title / extent / commencement (auto-skipped),2026-09-30T15:54:07.248968
"Karnataka Sakaala Services Act, 2011",19,Power to make rules,Rule-making power (auto-skipped),2026-09-30T15:54:07.249337
"Karnataka Devadasis (Prohibition of Dedication) Act, 1982",1,Short title and extent,Short title / extent / commencement (auto-skipped),2026-09-30T15:54:07.250491
"Karnataka Devadasis (Prohibition of Dedication) Act, 1982",2,Definitions,Definition section (auto-skipped),2026-09-30T15:54:07.251120
"Karnataka Devadasis (Prohibition of Dedication) Act, 1982",7,Power to make rules,Rule-making power (auto-skipped),2026-09-30T15:54:07.251801
"Karnataka Devadasis (Prohibition of Dedication) Act, 1982",8,Repeal,Repeal / savings (auto-skipped),2026-09-30T15:54:07.252485
"Karnataka Prohibition of Beggary Act, 1975",2,Definitions,Definition section (auto-skipped),2026-09-30T15:54:07.253009
"Karnataka Prohibition of Beggary Act, 1975",40,Rules,Rule-making power (auto-skipped),2026-09-30T15:54:07.253417
"Karnataka Prohibition of Beggary Act, 1975",41,Repeal,Repeal / savings (auto-skipped),2026-09-30T15:54:07.253927
"Karnataka State Commission for Women Act, 1995",1,Short title and commencement,Short title / extent / commencement (auto-skipped),2026-09-30T15:54:07.254331
"Karnataka State Commission for Women Act, 1995",2,Definitions,Definition section (auto-skipped),2026-09-30T15:54:07.254704
"Karnataka State Commission for Women Act, 1995",19,Power to make rules,Rule-making power (auto-skipped),2026-09-30T15:54:07.255071
"Code on Social Security, 2020",27,"Holding of property, etc. .","Section deals with corporate property management and investments, not a matter citizens would directly query.",2026-09-30T15:54:10.151430
"Code on Social Security, 2020",48,Constitution of Employees’ Insurance Court.,"The section deals with administrative setup of a specialized court, not a common citizen issue.",2026-09-30T15:54:47.449873
"Code on Social Security, 2020",91,Appointment of competent authority.,"Section deals with government appointment procedures, not a citizen-facing issue",2026-09-30T15:55:37.184053
"Code on Social Security, 2020",116,Audit.,"Section deals with audit procedures of organisations, not a citizen's personal issue",2026-09-30T15:55:48.604490
"Code on Social Security, 2020",117,Budget estimates.,"The section deals with internal budgeting procedures of social security organisations, not a matter citizens would directly query.",2026-09-30T15:55:52.484111
"Code on Social Security, 2020",150,Power to frame schemes.,"Section deals with government authority to create schemes, not a citizen's actionable situation.",2026-09-30T15:56:04.991252
"Code on Social Security, 2020",163,Power to remove difficulties.,"Section deals with government’s power to issue orders to fix implementation issues, not a matter citizens would query directly.",2026-09-30T15:56:06.180931
"Code on Social Security, 2020",162,Delegation of powers.,"Section deals with internal delegation of governmental powers, not a direct citizen issue",2026-09-30T15:56:06.216961
"Code on Social Security, 2020",152,Power to amend Schedule.,"Section deals only with government amendment powers, not a citizen issue",2026-09-30T15:56:07.012614
"Code on Social Security, 2020",153,Transitional provisions.,"Section deals only with organisational transitions, not a citizen's practical issue",2026-09-30T15:56:09.027067
"Bharatiya Sakshya Adhiniyam, 2023",123,"Estoppel of acceptor of bill of exchange, bailee or licensee .","Section deals with technical commercial transactions and estoppel, not typical citizen queries",2026-09-30T15:57:25.977198
"Food Safety and Standards Act, 2006",1,Section 1,"Section 1 contains only definitions and short title, not a citizen-facing provision.",2026-09-30T15:57:59.492827
"Food Safety and Standards Act, 2006",10,Functions of the Chief Executive Officer,"Section describes internal administrative duties of the CEO, not a situation a citizen would ask about.",2026-09-30T15:58:01.512945
"Food Safety and Standards Act, 2006",12,Functions of Central Advisory Committee,"Section deals with internal advisory committee functions, not a citizen-facing issue",2026-09-30T15:58:02.656394
"Food Safety and Standards Act, 2006",9,Officers and other employees of Food Authority,"Section deals only with internal appointments and service conditions of Food Authority officials, not a citizen-facing issue.",2026-09-30T15:58:02.711519
"Food Safety and Standards Act, 2006",15,Procedure for Scientific Committee and Scientific Panel,"Section deals with internal committee appointments, not a citizen issue",2026-09-30T15:58:03.455372
"Food Safety and Standards Act, 2006",84,Annual report of Food Authority,"The section deals with internal reporting by the Food Authority, not a matter citizens would query.",2026-09-30T15:58:34.381172
"Food Safety and Standards Act, 2006",100,"Amendments to the Infant Milk Substitutes, Feeding Bottles and Infant Foods (Regulation of Production, Supply and Distribution) Act, 1992",The section only updates legal references and does not create actionable rights or duties for citizens.,2026-09-30T15:58:43.533179
"Food Safety and Standards Act, 2006",101,Power to remove difficulties,"Section deals with government’s power to issue orders, not a citizen-facing issue.",2026-09-30T15:58:44.873815
"Legal Metrology Act, 2009",5,Base unit of weights and measures,"Section only defines technical measurement units, not a practical issue for ordinary citizens.",2026-09-30T15:58:47.746732
"Legal Metrology Act, 2009",13,"Appointment of Director, legal metrology officers and other employees","Section deals only with government appointments, not a citizen's practical problem",2026-09-30T15:58:47.873155
"National Food Security Act, 2013",35,Power to delegate by Central Government and State Government,"The section deals with internal delegation of governmental powers, not a citizen-facing issue.",2026-09-30T15:59:32.675225
"National Food Security Act, 2013",42,Power to remove difficulties,"Section deals with government’s power to amend implementation, not a citizen-facing issue",2026-09-30T15:59:33.544532
"Indian Partnership Act, 1932",1,Statement under Section 58 Hundred Rupees 2,"The section lists procedural fees and forms, not a citizen-facing issue.",2026-09-30T16:00:07.951023
"Indian Partnership Act, 1932",56,Power to exempt from application of this Chapter,"Section deals with government exemption, not a common citizen issue",2026-09-30T16:00:48.738527
"Arbitration and Conciliation Act, 1996",43M,Chief Executive Officer,"Section deals only with internal administration of the Council, not a citizen-facing issue.",2026-09-30T16:02:02.792562
"Arbitration and Conciliation Act, 1996",43B,Establishment and incorporation of Arbitration Council of India,"Section deals only with creation of a government body, not a practical issue for ordinary citizens.",2026-09-30T16:02:02.972434
"Arbitration and Conciliation Act, 1996",83,Removal of difficulties,"Section deals with government fixing technical issues in the law, not a typical citizen query",2026-09-30T16:02:28.985294
"Code of Civil Procedure, 1908",17,"Appeals to Federal Court . Rep. by the Federal Act, 1941 (21 of 1941), s . 2","Section deals with procedural rules for appeals to higher courts, not a common citizen issue",2026-09-30T16:02:34.207374
"Code of Civil Procedure, 1908",87B,Applications of sections 85 and 86 to Rulers of former Indian States,"Section deals with procedural rules for former princely rulers, not a typical citizen issue",2026-09-30T16:03:05.375240
"Code of Civil Procedure, 1908",123,Constitution of Rules Committees in certain States,"Section deals with internal court administration, not a citizen's practical issue.",2026-09-30T16:03:16.449908
"Code of Civil Procedure, 1908",116,Part to apply only to certain High Courts,"Section deals with procedural applicability to certain High Courts, not a citizen's practical issue",2026-09-30T16:03:19.058178
"Court-Fees Act, 1870",5,"The Chota Nagpur Tenures Act, 1869",The section text is incoherent and does not provide a clear citizen-facing legal provision.,2026-09-30T16:03:40.255594
"Court-Fees Act, 1870",6,Bail,Section text is unclear and does not provide a clear citizen-facing legal provision.,2026-09-30T16:03:40.634348
"Court-Fees Act, 1870",17,Multifarious suits,Section deals with technical probate valuation procedures not typical citizen queries,2026-09-30T16:03:45.402240
"Court-Fees Act, 1870",23,Number of peons in Revenue Courts,"Section deals with internal staffing of revenue courts, not a citizen-facing issue.",2026-09-30T16:03:58.534977
"Criminal Procedure (Identification) Act, 2022",1,"4th August, 2022, vide notification No","Section deals with technical procedures for taking measurements/biological samples, not a common citizen query.",2026-09-30T16:04:01.442353
"Criminal Procedure (Identification) Act, 2022",2,New ''measurement'' techniques being used in advanced countries are giving credible and reliable results and are recognised world over,"Section describes technical provisions about measurement techniques, not a citizen-facing issue.",2026-09-30T16:04:02.475167
"Criminal Procedure (Identification) Act, 2022",9,Power to remove difficulties,"Section deals with government administrative powers, not a citizen's everyday issue",2026-09-30T16:04:06.080182
"Criminal Procedure (Identification) Act, 2022",7,The Bill seeks to achieve the above objectives,"Section contains only a statement of objectives, not a substantive provision citizens would query.",2026-09-30T16:04:08.442507
"Gram Nyayalayas Act, 2008",17,Duties of ministerial officers,"The section deals with internal administrative duties of government officers, not a matter citizens would query.",2026-09-30T16:04:11.614514
"Gram Nyayalayas Act, 2008",38,Power to remove difficulties,"The provision deals with government’s power to amend rules for implementation, not a situation an ordinary citizen would query.",2026-09-30T16:04:19.067732
"Legal Services Authorities Act, 1987",5,Central Authority to work in coordination with other agencies,"The section deals with how a government body coordinates with other agencies, not a direct citizen issue.",2026-09-30T16:04:23.384684
"Legal Services Authorities Act, 1987",14,Grants by the Central Government,"Section deals with government funding mechanisms, not a direct citizen issue",2026-09-30T16:04:30.084564
"Mediation Act, 2023",36,Appointment of experts and constitution of Committees,"Section deals with internal appointment of experts by the council, not a citizen-facing issue.",2026-09-30T16:04:51.401490
"Mediation Act, 2023",45,Mediation Fund,"Section describes fund administration, not a direct citizen issue",2026-09-30T16:04:58.391044
"Mediation Act, 2023",47,Power of Central Government to issue directions,The provision deals with internal government‑council relations and does not address a situation an ordinary citizen would encounter.,2026-09-30T16:04:59.411843
"Mediation Act, 2023",58,Amendment of Act 9 of 1872,The section merely amends another law and does not address a direct citizen issue.,2026-09-30T16:05:01.262672
"Mediation Act, 2023",53,Laying,"Section deals with parliamentary procedure for laying notifications, not a citizen-facing issue.",2026-09-30T16:05:01.293630
"Mediation Act, 2023",60,Amendment of 39 of 1987,"Section deals with amendment of a law, not a direct citizen issue",2026-09-30T16:05:01.298781
"Mediation Act, 2023",59,Amendment of Act 5 of 1908,The section merely amends another law and does not address a direct citizen issue.,2026-09-30T16:05:01.821363
"Mediation Act, 2023",65,Amendment of 35 of 2019,"The section deals with amendment procedure, not a direct citizen issue.",2026-09-30T16:05:02.996409
"Mediation Act, 2023",64,Amendment of 4 of 2016,"The section deals only with amendment of another law, not a citizen-facing issue.",2026-09-30T16:05:03.201521
"Narcotic Drugs and Psychotropic Substances Act, 1985",4,"Central Government to take measures for preventing and combating abuse of and illicit traffic in narcotic drugs, etc","Section deals with government actions, not a citizen's personal legal issue",2026-09-30T16:05:03.220002
"Narcotic Drugs and Psychotropic Substances Act, 1985",1,Section 1,Section 1 only lists substances and does not address any citizen-facing issue.,2026-09-30T16:05:03.278615
"Narcotic Drugs and Psychotropic Substances Act, 1985",6,The Narcotic Drugs and Psychotropie Substances Consultative Committee,"Section deals with formation of an advisory committee, not a matter citizens would directly seek help on.",2026-09-30T16:05:03.508269
"Narcotic Drugs and Psychotropic Substances Act, 1985",5,Officers of Central Government,"Section deals only with appointment of government officers, not a citizen-facing issue.",2026-09-30T16:05:03.621778
"Narcotic Drugs and Psychotropic Substances Act, 1985",7,Officers of State Government,"Section deals with government officer appointments, not a citizen-facing issue",2026-09-30T16:05:03.629627
"Narcotic Drugs and Psychotropic Substances Act, 1985",36,Constitution of Special Court,"Section deals with appointment of judges and court formation, not a typical citizen query",2026-09-30T16:05:22.504127
"Narcotic Drugs and Psychotropic Substances Act, 1985",36D,Transitional provisions,"Section deals only with court procedural transitions, not a common citizen issue",2026-09-30T16:05:31.221052
"Narcotic Drugs and Psychotropic Substances Act, 1985",74,Transitional provisions,"Section deals only with government officers' appointments, not a citizen issue",2026-09-30T16:06:06.110227
"Narcotic Drugs and Psychotropic Substances Act, 1985",83,Power to remove difficulties,"Section deals with government administrative powers, not a citizen's practical issue",2026-09-30T16:06:09.137670
"Notaries Act, 1952",1,"The Act has been extended to Goa, Daman and Diu by Reg","Section only lists territorial extensions, not relevant for citizen queries",2026-09-30T16:06:09.205640
"Notaries Act, 1952",3,"14th February, 1956","Section deals with administrative notifications and registration details, not a citizen-facing issue.",2026-09-30T16:06:09.411872
"Narcotic Drugs and Psychotropic Substances Act, 1985",75,Power to delegate,"Section deals with internal delegation of governmental powers, not a citizen issue",2026-09-30T16:06:09.651725
"Oaths Act, 1969",3,On the basis of the aforesaid recommendations it is also proposed to amend S,"Section deals with procedural changes for officials administering oaths, not a typical citizen issue.",2026-09-30T16:06:12.483251
"Police Act, 1861",5,Powers of Inspector General Exercise of power,"The section describes the powers of the Inspector General of Police, which is a technical provision not likely to generate everyday citizen queries.",2026-09-30T16:06:13.821904
"Police Act, 1861",4,"See now sections 421 to 424 of the Code of Criminal Procedure, 1973 (Act 2 of 1974)",Section only references other statutes and contains no standalone provision for citizens to query.,2026-09-30T16:06:14.096752
"Oaths Act, 1969",4,"The Bill is intended to give effect to the aforesaid recommendations of the Law Commission""","Section contains only a statement of purpose, not a citizen‑facing rule.",2026-09-30T16:06:14.337050
"Police Act, 1861",7,"For clause (e), applicable to certain areas in the U",Section appears technical and references another act without clear citizen-facing issue,2026-09-30T16:06:14.424104
"Police Act, 1861",45,State Government may prescribe form of returns,"Section deals with internal police procedures, not a citizen issue",2026-09-30T16:06:36.296334
"Police Act, 1861",46,Scope of Act,"Section deals with administrative extension of the law to regions, not a direct citizen issue.",2026-09-30T16:06:37.343743
"Prevention of Corruption Act, 1988",1,Section 1,"Section deals with procedural details about special judges and trial timelines, not a citizen-facing issue.",2026-09-30T16:06:41.531739
"Prevention of Corruption Act, 1988",17B,Establishment of Anti-Corruption Bureau for the Union territory of Jammu and Kashmir,"Section deals only with creation of a government bureau, not a matter citizens would search for.",2026-09-30T16:06:51.574897
"Prevention of Corruption Act, 1988",29,Amendment of the Ordinance 38 of 1944,"Section deals only with technical amendment of an old ordinance, not a citizen-facing issue.",2026-09-30T16:06:59.325018
"Prevention of Damage to Public Property Act, 1984",1,"The Prevention of Damage to Public Property Ordinance, 1984 (Ord",The section merely repeals the ordinance and contains no substantive provision for citizens to query.,2026-09-30T16:07:01.749914
"Prevention of Money-Laundering Act, 2002",7,Staff of Adjudicating Authorities,"Section deals only with internal staffing of authorities, not relevant to citizen queries",2026-09-30T16:07:04.547208
"Prevention of Money-Laundering Act, 2002",12A,Access to information,"Section deals with director's power to request information from entities, not a direct citizen query",2026-09-30T16:07:09.061866
"Prevention of Money-Laundering Act, 2002",36,Distribution of business amongst Benches,"Section deals only with internal allocation of cases within a tribunal, not a citizen-facing issue.",2026-09-30T16:07:18.380155
"Prevention of Money-Laundering Act, 2002",48,Authorities under Act,Section only lists officials; not relevant to citizen queries.,2026-09-30T16:07:22.890987
"Prevention of Money-Laundering Act, 2002",47,Appeal and revision,"Section deals with procedural powers of High Court for appeals, not a common citizen issue",2026-09-30T16:07:26.362173
"Prevention of Money-Laundering Act, 2002",49,Appointment and powers of authorities and other officers,"The section deals only with appointment and powers of officials, not a situation a citizen would query.",2026-09-30T16:07:26.366933
"Prevention of Money-Laundering Act, 2002",71,Act to have overriding effect,"Section deals only with legal hierarchy, not a practical citizen issue",2026-09-30T16:07:38.134824
"Prevention of Money-Laundering Act, 2002",72A,Inter-ministerial Co-ordination Committee,"Section deals with government internal committee formation, not a citizen-facing issue.",2026-09-30T16:07:39.844041
"Prisoners Act, 1900",1,The Act has been amended in its application to,"Section only lists amendments and extensions, not a citizen-facing issue",2026-09-30T16:07:43.675264
"Prisoners Act, 1900",6,Power for State Governments to appoint Superintendents of Presidency prisons,"Section deals with government appointment of prison officials, not a citizen's practical legal issue.",2026-09-30T16:07:46.276266
"Prevention of Money-Laundering Act, 2002",75,Power to remove difficulties,"Section deals with government’s power to amend rules, not a citizen issue",2026-09-30T16:07:46.591457
"Prisoners Act, 1900",3,"This reference should be constrained as applying to the Provincial Insolvency Act, 1920 (5 of 1920), see s",The section is a technical cross‑reference and does not address a citizen's everyday problem.,2026-09-30T16:07:46.924427
"Prisoners Act, 1900",15,Power for officers in charge of prisons to give effect to sentences of certain Courts,"Section deals with administrative prison procedures, not typical citizen queries",2026-09-30T16:07:55.491617
"Prisoners Act, 1900",18,Execution in the States of certain capital sentences not ordinarily executable there,"The provision deals with execution of death sentences in special territories, which is not a typical concern for ordinary citizens.",2026-09-30T16:08:01.418782
"Prisons Act, 1894",13,Duties of Medical Officer,"The section describes duties of a prison medical officer, which is not a situation an ordinary citizen would query.",2026-09-30T16:08:05.738704
"Prisons Act, 1894",53,Whipping,"Section deals with prison corporal punishment, not a typical citizen query",2026-09-30T16:08:23.916472
"Protection of Civil Rights Act, 1955",1,Section 1,"Section deals with technical extension of old statutes, not a practical issue for a citizen",2026-09-30T16:08:31.077035
"Protection of Civil Rights Act, 1955",8,Section 8,The section only lists other Acts and contains no substantive provision for citizens to query.,2026-09-30T16:08:32.406981
"Protection of Civil Rights Act, 1955",9,Section 9,The section merely references another act and does not provide substantive rights that a citizen would query about.,2026-09-30T16:08:33.124962
"Protection of Civil Rights Act, 1955",5,"The Central Provinces and Berar Temple Entry Authorisation Act, 1947 (Central Provinces and Berar Act XLI of 1947)","The section deals with a specific historical authorization for temple entry, not a general citizen issue.",2026-09-30T16:08:44.767304
"Protection of Civil Rights Act, 1955",18,The Travancore,"The section refers to a historical act about removal of social disabilities, not a practical provision citizens would query about.",2026-09-30T16:08:45.583100
"Protection of Civil Rights Act, 1955",6,"The East Punjab (Removal of Religious and Social Disabilities) Act, 1948 (East Punjab Act XVI of 1948)","Section deals with historical removal of religious and social disabilities, not a practical everyday issue for citizens.",2026-09-30T16:08:48.690277
"Protection of Civil Rights Act, 1955",16,Act to override other laws,"The section is a technical provision about legislative hierarchy, not relevant to ordinary citizen queries.",2026-09-30T16:08:48.716744
"Unlawful Activities (Prevention) Act, 1967",1,"The Schedule renumbered as the First Schedule thereof by Act 3 of 2013, s",Section only lists designated groups; not a citizen-facing provision.,2026-09-30T16:08:51.749616
"Unlawful Activities (Prevention) Act, 1967",24,Reference to proceeds of terrorism to include any property intended to be used for terrorism,The section defines legal terminology and does not address a practical citizen issue.,2026-09-30T16:08:59.853513
"Unlawful Activities (Prevention) Act, 1967",47,Bar of jurisdiction,"Section deals with procedural jurisdiction limits, not a typical citizen issue",2026-09-30T16:09:31.358146
"Unlawful Activities (Prevention) Act, 1967",53,Orders and rules to be laid before both Houses of Parliament,"The provision deals with parliamentary procedure, not a citizen's practical issue.",2026-09-30T16:09:37.484405
"Unlawful Activities (Prevention) Act, 1967",48,"Effect of Act and rules, etc., inconsistent with other enactments","Section deals with legal hierarchy and consistency, not a typical citizen issue",2026-09-30T16:09:41.132882
"Aadhaar (Targeted Delivery of Financial and Other Subsidies, Benefits and Services) Act, 2016",19,Meetings of Authority,"Section deals with internal procedural rules of the Authority, not a typical citizen issue",2026-09-30T16:09:49.313588
"Aadhaar (Targeted Delivery of Financial and Other Subsidies, Benefits and Services) Act, 2016",17,Functions of Chairperson,"The section describes internal duties of the Authority's chairperson, not a citizen-facing issue.",2026-09-30T16:09:49.447543
"Aadhaar (Targeted Delivery of Financial and Other Subsidies, Benefits and Services) Act, 2016",27,"Returns and annual report, etc","Section deals with internal reporting by the Authority, not a citizen-facing issue.",2026-09-30T16:09:50.708902
"Aadhaar (Targeted Delivery of Financial and Other Subsidies, Benefits and Services) Act, 2016",25,Fund,"Section deals only with internal fund management of the authority, not a citizen-facing issue.",2026-09-30T16:09:51.208725
"Aadhaar (Targeted Delivery of Financial and Other Subsidies, Benefits and Services) Act, 2016",22,"Transfer of assets, liabilities of Authority","Section deals only with internal transfer of assets and liabilities between government bodies, not a matter citizens would query.",2026-09-30T16:09:51.218161
"Aadhaar (Targeted Delivery of Financial and Other Subsidies, Benefits and Services) Act, 2016",58,Power to remove difficulties,"Section deals with government’s power to issue orders, not a citizen-facing issue.",2026-09-30T16:10:04.852444
"Digital Personal Data Protection Act, 2023",24,Officers and employees of Board,"The provision deals with internal appointments of the Board, not a matter citizens would query.",2026-09-30T16:10:26.482786
"Indian Institutes of Information Technology Act, 2014",4,The Bill seeks to achieve the above objectives,Section contains only a statement of purpose and no actionable provision for citizens.,2026-09-30T16:10:39.090255
"Indian Institutes of Information Technology Act, 2014",20,Building and Works Committee,"The provision only lists internal committee members of an institute, not a matter a citizen would query.",2026-09-30T16:10:50.613631
"Indian Institutes of Information Technology Act, 2014",42,Functions and duties of Council,"Section deals with internal council functions, not a citizen issue",2026-09-30T16:11:03.707694
"Public Examinations (Prevention of Unfair Means) Act, 2024",5,The Bill seeks to achieve the above objectives,Section contains no actionable provision for citizens,2026-09-30T16:11:13.666352
"Public Examinations (Prevention of Unfair Means) Act, 2024",4,The Bill shall serve as a model draft for States to adopt at their discretion,"The provision is about a model draft for states, not a matter citizens would directly seek guidance on.",2026-09-30T16:11:15.638714
"Public Examinations (Prevention of Unfair Means) Act, 2024",18,Power to remove difficulties,"Section deals with government’s power to amend implementation rules, not a citizen-facing issue.",2026-09-30T16:11:19.122365
"Public Examinations (Prevention of Unfair Means) Act, 2024",19,Amendment of Ordinance 38 of 1944,Section merely amends an old ordinance and does not address a citizen's practical problem.,2026-09-30T16:11:21.957007
"Air (Prevention and Control of Pollution) Act, 1981",48,"Special provision in the case of supersession of the Central Board or the State Boards constituted under the Water (Prevention and Control of Pollution) Act, 1","Section deals with governmental board supersession, not a citizen's everyday issue",2026-09-30T16:11:41.451669
"Air (Prevention and Control of Pollution) Act, 1981",45,Reports and returns,"Section deals with internal reporting duties of boards, not a citizen-facing issue.",2026-09-30T16:11:41.577457
"Biological Diversity Act, 2002",10,Chairperson to be Chief Executive of National Biodiversity Authority,"Section deals with internal appointment of authority, not a citizen-facing issue",2026-09-30T16:11:44.707864
"Biological Diversity Act, 2002",10A,Member Secretary,"The provision describes an administrative position and duties, not a matter citizens would seek guidance on.",2026-09-30T16:11:47.290217
"Biological Diversity Act, 2002",17,Expenses of National Biodiversity Authority to be defrayed out of the Consolidated Fund of India,"The section deals only with government funding details, not a citizen-facing issue.",2026-09-30T16:11:48.919726
"Biological Diversity Act, 2002",16,Delegation of powers,"Section deals with internal delegation of authority, not a citizen-facing issue",2026-09-30T16:11:48.923596
"Biological Diversity Act, 2002",28,Annual report of National Biodiversity Authority,"Section concerns internal reporting by an authority, not a citizen issue",2026-09-30T16:11:50.455133
"Biological Diversity Act, 2002",30,Annual report to be laid before parliament,"Section deals only with governmental reporting, not a citizen's practical issue",2026-09-30T16:11:50.960865
"Biological Diversity Act, 2002",34,Audit of accounts of State Biodiversity Board,"Section deals with internal audit procedures of a board, not a matter citizens would query.",2026-09-30T16:11:51.351099
"Biological Diversity Act, 2002",29,"Budget, accounts and audit","Section deals with internal budgeting and audit of a government authority, not a matter citizens would query.",2026-09-30T16:11:52.116535
"Biological Diversity Act, 2002",33,Annual report of State Biodiversity Board,"The provision deals only with internal reporting by a state board, not a citizen-facing issue.",2026-09-30T16:11:53.397807
"Environment (Protection) Act, 1986",1,"19th November, 1986, vide notification No","Section contains only a notification date, no substantive provision for citizens to query.",2026-09-30T16:12:16.057030
"National Green Tribunal Act, 2010",3,Establishment of Tribunal,"Section deals only with creation of the tribunal, not a citizen-facing issue",2026-09-30T16:13:08.938561
"National Green Tribunal Act, 2010",8,Resignation,"Section deals with resignation of tribunal members, not a situation an ordinary citizen would inquire about.",2026-09-30T16:13:11.042291
"National Green Tribunal Act, 2010",37,Power to remove difficulties,"Section deals with government’s power to amend implementation rules, not a citizen-facing issue.",2026-09-30T16:13:32.930445
"Prevention of Cruelty to Animals Act, 1960",9,Functions of the Board,"Section describes advisory functions of a board, not a direct citizen issue",2026-09-30T16:13:39.615275
"Prevention of Cruelty to Animals Act, 1960",5A,Reconstitution of the Board,"Section deals with internal board appointments, not a citizen-facing issue",2026-09-30T16:13:40.952413
"Prevention of Cruelty to Animals Act, 1960",15A,Sub-committees,"Section deals with internal committee procedures, not a citizen-facing issue.",2026-09-30T16:13:45.152557
"Prevention of Cruelty to Animals Act, 1960",5,Constitution of the Board,"Section details composition of a government board, not a citizen-facing issue.",2026-09-30T16:13:46.175018
"Prevention of Cruelty to Animals Act, 1960",16,Staff of the Committee,"Section deals with internal staffing of a committee, not a matter citizens would query.",2026-09-30T16:13:46.249130
"Prevention of Cruelty to Animals Act, 1960",37,Delegation of powers,"Section deals with administrative delegation, not a citizen's practical issue",2026-09-30T16:13:59.135534
"Public Liability Insurance Act, 1991",3,The Bill seeks to achieve the above objectives,Section is non‑substantive and does not provide actionable rights or duties for citizens.,2026-09-30T16:14:01.940965
"Public Liability Insurance Act, 1991",19,Power to delegate,"Section deals with government delegation of powers, not a citizen-facing issue.",2026-09-30T16:14:06.951566
"Water (Prevention and Control of Pollution) Act, 1974",3,Certain words omitted by s,"Section deals with inter‑governmental agreements and joint board formation, not a citizen‑facing issue.",2026-09-30T16:14:12.096886
"Water (Prevention and Control of Pollution) Act, 1974",11A,Delegation of powers to Chairman,"Section deals with internal delegation of powers within a board, not a matter citizens would search for.",2026-09-30T16:14:17.091328
"Water (Prevention and Control of Pollution) Act, 1974",34,Contributions by Central Government,"Section deals with government funding, not a citizen's everyday problem",2026-09-30T16:14:26.930311
"Wild Life (Protection) Act, 1972",4,The following abbreviations are used for plant taxa below the level of species,"Section deals only with technical abbreviations for plant classification, not a citizen issue.",2026-09-30T16:14:43.236351
"Wild Life (Protection) Act, 1972",1,Section 1,The section text is nonsensical and does not provide a usable legal provision for citizens.,2026-09-30T16:14:44.741467
"Wild Life (Protection) Act, 1972",3,Other references to taxa higher than species are for the purposes of information or classification only,"Section deals only with technical classification references, not a citizen-facing issue.",2026-09-30T16:14:45.063963
"Wild Life (Protection) Act, 1972",5B,Standing Committee of the National Board,"Section deals with internal committee formation of a board, not a citizen issue",2026-09-30T16:14:45.068587
"Wild Life (Protection) Act, 1972",6A,Standing Committee of Board,"The section deals with internal board procedures, not a citizen-facing issue.",2026-09-30T16:14:46.632486
"Wild Life (Protection) Act, 1972",16,Declaration of closed time,"Section lists species and closed times, not a practical citizen issue",2026-09-30T16:14:47.200124
"Wild Life (Protection) Act, 1972",34,Registration of certain persons in possession of arms,"The section text is unrelated and unclear, making it impossible to generate relevant citizen questions.",2026-09-30T16:17:49.477707
"Wild Life (Protection) Act, 1972",38A,Constitution of Central Zoo Authority,"Section deals only with creation of a government body, not a citizen's personal legal issue.",2026-09-30T16:17:50.952025
"Wild Life (Protection) Act, 1972",38D,Procedure to be regulated by the Authority,"The section deals only with internal procedural rules of the Authority, not a matter a citizen would inquire about.",2026-09-30T16:17:51.779316
"Wild Life (Protection) Act, 1972",38B,"Term of office and conditions of service of Chairperson and members, etc","The provision deals with terms and removal of officials, not a situation an ordinary citizen would query.",2026-09-30T16:17:52.200767
"Wild Life (Protection) Act, 1972",38E,Grants and loans to Authority and Constitution of Fund,"Section deals with government funding mechanisms for a specific authority, not a typical citizen issue",2026-09-30T16:17:54.185102
"Wild Life (Protection) Act, 1972",38G,Annual report and audit report to be laid before Parliament,"Section deals with government reporting to Parliament, not a citizen-facing issue.",2026-09-30T16:17:54.957979
"Wild Life (Protection) Act, 1972",38P,Procedure to be regulated by Tiger Conservation Authority,"Section deals only with internal procedural matters of the Tiger Conservation Authority, not relevant to ordinary citizens",2026-09-30T16:17:56.557667
"Wild Life (Protection) Act, 1972",38R,Accounts and audit of Tiger Conservation Authority,"Section deals only with internal government accounting and audit, not a citizen's practical issue.",2026-09-30T16:17:57.635304
"Wild Life (Protection) Act, 1972",38T,Annual report and audit report to be laid before Parliament,"Section deals with governmental reporting to Parliament, not a citizen's practical issue.",2026-09-30T16:17:58.155520
"Wild Life (Protection) Act, 1972",38S,Annual report of Tiger Conservation Authority,"Section deals with internal reporting by authority, not a citizen issue",2026-09-30T16:17:58.691374
"Wild Life (Protection) Act, 1972",198,Dark,"Section lists bird species, not a citizen-facing issue",2026-09-30T16:18:55.854557
"Wild Life (Protection) Act, 1972",292,Lesser Punch 293,The provided section text is nonsensical and does not contain a usable legal provision for citizens.,2026-09-30T16:18:56.068073
"Wild Life (Protection) Act, 1972",134,Small Minivet Pericrocotus cinnamomeus MUNIAS 135,"Section lists protected bird species, not a citizen-facing legal issue",2026-09-30T16:18:57.474898
"Assisted Reproductive Technology (Regulation) Act, 2021",2,Section 2,"Section describes background and lack of regulation, not a citizen-facing provision.",2026-09-30T16:19:01.711976
"Wild Life (Protection) Act, 1972",186,Wood Snipe SCIMITAR BABBLERS AND ALLIES Tringa nebularia Calidris tenuirostris Calidris pygmaea Gallinago nemoricola 187,"Section lists protected species, not a citizen-facing legal issue",2026-09-30T16:19:07.020308
"Assisted Reproductive Technology (Regulation) Act, 2021",7,The Bill seeks to achieve the above objectives,The section contains no substantive legal provision for citizens to query.,2026-09-30T16:19:10.797234
"Assisted Reproductive Technology (Regulation) Act, 2021",10,Composition of National Registry,"The section details internal staffing composition, which ordinary citizens would not query.",2026-09-30T16:19:10.919211
"Births, Deaths and Marriages Registration Act, 1886",3,"The section has been declared by the Government of Madras to apply to all Registrars appointed by that Government under section 12, see Mad","Section deals with administrative appointment details, not a citizen-facing issue",2026-09-30T16:19:17.284503
"Births, Deaths and Marriages Registration Act, 1886",4,"The 1st October, 1888, see Gazette of India, 1888, Part I, p",The section contains only a historical gazette reference and no actionable provision for citizens.,2026-09-30T16:19:17.313992
"Assisted Reproductive Technology (Regulation) Act, 2021",46,Power to remove difficulties,"Section deals with government’s power to amend rules, not a direct citizen issue",2026-09-30T16:19:17.544743
"Births, Deaths and Marriages Registration Act, 1886",1,"For rules made under section 26 conjointly with sections 28 and 36, see Gazette of India, 1888, Part","Section deals only with procedural rules, not a citizen-facing issue.",2026-09-30T16:19:17.561433
"Births, Deaths and Marriages Registration Act, 1886",6,"For rules made under section 26 conjointly with sections 28 and 36, see Gazette of India, 1888, Part","Section deals with procedural rules and corrections, not a citizen-facing issue",2026-09-30T16:19:17.592915
"Births, Deaths and Marriages Registration Act, 1886",2,"See now the Parsi Marriage and Divorce Act, 1936 (3 of 1936)",Section refers to another act and contains no substantive provision for citizens to query.,2026-09-30T16:19:17.771988
"Assisted Reproductive Technology (Regulation) Act, 2021",44,"Laying of rules, regulations and notifications","Section deals with parliamentary procedure for rules, not a citizen-facing issue.",2026-09-30T16:19:21.417906
"Births, Deaths and Marriages Registration Act, 1886",10,Superintendence of Registrars by Registrar General,"The provision deals with internal administrative supervision of officials, not a citizen-facing issue.",2026-09-30T16:19:30.476917
"Births, Deaths and Marriages Registration Act, 1886",32,Permission to persons having custody of certain records to send them within one year to Registrar General,"The section deals with historical administrative procedures for sending records to the Registrar General, not a common citizen issue.",2026-09-30T16:19:31.265477
"Divorce Act, 1869",1,That the said A,Section text is nonsensical and does not provide a clear legal provision relevant to citizens.,2026-09-30T16:19:33.312386
"Births, Deaths and Marriages Registration Act, 1886",24,Duty of Registrars as to sending certified copies of entries in register books to Registrar General,"Section deals with internal duties of registrars, not a citizen-facing issue.",2026-09-30T16:19:34.235510
"Births, Deaths and Marriages Registration Act, 1886",35A,Constitution of additional Commissions for purposes of this Chapter,"The section deals with government appointment of commissions, not a common citizen issue.",2026-09-30T16:19:34.254962
"Divorce Act, 1869",4,Section 4,"Section deals with procedural statements in a divorce petition, not a common citizen query",2026-09-30T16:19:35.971462
"Divorce Act, 1869",5,That no collusion or connivance exists between your petitioner and the said A,"The section deals with procedural verification of collusion in a divorce case, which is too technical for ordinary citizen queries.",2026-09-30T16:19:38.338049
"Divorce Act, 1869",31,Wife's legal position during continuance of order,The section is technical and does not address a common citizen issue.,2026-09-30T16:19:46.216765
"Divorce Act, 1869",56,Appeal to the Supreme Court,"Section deals with procedural appeals to Supreme Court, not a typical citizen issue",2026-09-30T16:20:10.037791
"Guardians and Wards Act, 1890",1,See now s,The section is procedural and does not address a citizen's practical issue.,2026-09-30T16:20:29.442816
"Guardians and Wards Act, 1890",53,"Amendment of Chapter XXXI of the Code of Civil Procedure . Rep. by the Code of Civil Procedure, 1908 (5 of 1908), s. 156 and the Fifth Schedule",Section 53 is repealed and contains no actionable provision for citizens.,2026-09-30T16:21:02.158811
"Hindu Minority and Guardianship Act, 1956",2,Act to be supplemental to Act 8 of 1890,"Section is purely procedural, stating the act supplements another law, no direct citizen issue.",2026-09-30T16:21:02.217570
"Indian Christian Marriage Act, 1872",81,Certificates of certain marriages to be sent to Central Government,"The section deals only with internal government procedure of forwarding marriage certificates to the central authority, not a matter citizens would query.",2026-09-30T16:21:50.465107
"Indian Christian Marriage Act, 1872",85,Power to declare who shall be District Judge,"Section deals with administrative appointment, not a citizen's practical issue",2026-09-30T16:21:56.073273
"Indian Succession Act, 1925",236A,Laying of rules before State Legislature,"Section deals only with procedural rule laying by government, not a citizen-facing issue.",2026-09-30T16:24:17.970357
"Indian Succession Act, 1925",265,Power to appoint delegate of District Judge to deal with non-contentious cases,"Section is omitted in Karnataka, so no applicable citizen queries",2026-09-30T16:24:40.684144
"Maintenance Orders Enforcement Act, 1921",4,"For such rules, see Gazette of India, 1923, Pt",The section only refers to procedural rules in a Gazette and contains no substantive content for citizens.,2026-09-30T16:25:45.360332
"Maintenance Orders Enforcement Act, 1921",1,This Act has been extended and brought into force in Dadra and Nagar Haveli (w,Section only extends the Act to territories; not a citizen-facing provision.,2026-09-30T16:25:45.857731
"Prohibition of Child Marriage Act, 2006",3,Section 3,"Section deals with legislative amendment process, not a citizen's actionable issue.",2026-09-30T16:26:11.802615
"Prohibition of Child Marriage Act, 2006",20,Amendment of Act No. 25 of 1955,"Section deals with amendment wording and penalties, not a direct citizen issue",2026-09-30T16:26:18.534378
"Registration of Births and Deaths Act, 1969",4,Chief Registrar,"Section deals with appointment and duties of officials, not a citizen-facing issue.",2026-09-30T16:26:20.738475
"Registration of Births and Deaths Act, 1969",27,Delegation of powers,"Section deals with internal government delegation of authority, not a citizen-facing issue.",2026-09-30T16:26:25.208150
"Surrogacy (Regulation) Act, 2021",5,The Bill seeks to achieve the above objectives,The section contains no substantive legal provision for citizens to query.,2026-09-30T16:26:27.127444
"Registration of Births and Deaths Act, 1969",32,Power to remove difficulty,"Section deals with government powers, not a citizen's everyday issue",2026-09-30T16:26:27.539341
"Registration of Births and Deaths Act, 1969",29,Act not to be in derogation of Act 6 of 1886,"Section merely states non-derogation, not a practical citizen issue",2026-09-30T16:26:27.575142
"Surrogacy (Regulation) Act, 2021",23,Authentication of orders and other instruments of Board,"The section deals only with internal procedural formalities of the board, not a citizen-facing issue.",2026-09-30T16:26:32.020091
"Surrogacy (Regulation) Act, 2021",22,Temporary association of persons with Board for particular purposes,"Section deals with internal board procedures and expert association, not a matter citizens would seek guidance on.",2026-09-30T16:26:32.658144
"Surrogacy (Regulation) Act, 2021",54,Power to remove difficulties,"Section deals with government’s power to issue orders, not a citizen-facing issue",2026-09-30T16:26:49.157035
"Passports Act, 1967",23,Act to be in addition to certain enactments,"Section merely states that the passport law adds to other laws, not a practical issue for citizens.",2026-09-30T16:27:17.722931
"Drugs and Cosmetics Act, 1940",2,Application of other laws not barred,"Section deals with how the Act interacts with other laws, not a practical issue for citizens.",2026-09-30T16:27:26.868750
"Drugs and Cosmetics Act, 1940",5,The Drugs Technical Advisory Board,"Section deals with formation of an advisory board, not a matter ordinary citizens would query.",2026-09-30T16:27:26.895739
"Drugs and Cosmetics Act, 1940",7,The Drugs Consultative Committee,"The section deals with formation of a government advisory committee, not a matter a typical citizen would query.",2026-09-30T16:27:33.884474
"Drugs and Cosmetics Act, 1940",83,Therayar Thaila Varkam 84,Section appears to be a list of references and does not address a specific citizen-facing issue.,2026-09-30T16:31:08.314863
"Drugs and Cosmetics Act, 1940",36AE,Appeal and revision,"Section deals with procedural powers of High Court for appeals, not a common citizen issue",2026-09-30T16:31:11.897315
"Mental Healthcare Act, 2017",41,Functions of chief executive officer of Central Authority,"Section deals with internal administrative duties of a government official, not a citizen's practical issue",2026-09-30T16:31:29.378509
"Mental Healthcare Act, 2017",53,Functions of chief executive officer of State Authority,"Section deals only with internal functions of the authority, not a citizen issue",2026-09-30T16:31:31.983686
"Mental Healthcare Act, 2017",57,Grants by Central Government to Central Authority,"Section deals only with government funding mechanisms, not a citizen-facing issue.",2026-09-30T16:31:34.391310
"Mental Healthcare Act, 2017",60,Annual report of Central Authority,"Section deals only with internal reporting by a government authority, not a citizen issue.",2026-09-30T16:31:35.961672
"Mental Healthcare Act, 2017",63,Accounts and audit of State Authority,"Section deals with internal accounting and audit procedures of a government authority, not a typical citizen issue.",2026-09-30T16:31:36.316953
"Mental Healthcare Act, 2017",64,Annual report of State Authority,"The provision deals with administrative reporting by the State Authority, not a matter citizens would query.",2026-09-30T16:31:36.395398
"Mental Healthcare Act, 2017",79,Meetings,"The section deals with internal procedural rules for board meetings, not a citizen-facing issue.",2026-09-30T16:31:44.745513
"Mental Healthcare Act, 2017",110,Power to call for information,"Section deals with government authority requesting information, not a citizen-facing issue",2026-09-30T16:31:53.066793
"Mental Healthcare Act, 2017",125,Power to remove difficulties,"Section deals with governmental power to fix implementation issues, not a citizen-facing issue.",2026-09-30T16:32:05.747355
"Real Estate (Regulation and Development) Act, 2016",45,Composition of Appellate Tribunal,"Section describes tribunal composition, not a citizen-facing issue",2026-09-30T16:32:43.853638
"Real Estate (Regulation and Development) Act, 2016",54,Administrative powers of Chairperson of Appellate Tribunal,"The section deals with internal administrative powers of a tribunal chairperson, not a citizen-facing issue.",2026-09-30T16:32:49.077816
"Real Estate (Regulation and Development) Act, 2016",51,Officers and other employees of Appellate Tribunal,"The section deals only with internal appointment and service conditions of tribunal staff, not a citizen-facing issue.",2026-09-30T16:32:50.769829
"Real Estate (Regulation and Development) Act, 2016",74,Grants and loans by State Government,"Section deals with government funding to authority, not a citizen-facing issue",2026-09-30T16:32:54.646936
"Real Estate (Regulation and Development) Act, 2016",91,Power to remove difficulties,"Section deals only with government’s power to amend implementation, not a citizen-facing issue",2026-09-30T16:33:00.354607
"Real Estate (Regulation and Development) Act, 2016",86,Laying of rules,"Section deals with parliamentary procedure for laying rules, not a typical citizen issue",2026-09-30T16:33:01.375253
"Real Estate (Regulation and Development) Act, 2016",81,Delegation,"Section deals with internal delegation of powers within the authority, not a citizen-facing issue.",2026-09-30T16:33:01.432320
"Apprentices Act, 1961",27,Deputy and Assistant Apprenticeship Advisers,"Section deals with internal appointments of officials, not a citizen-facing issue.",2026-09-30T16:33:09.896418
"Apprentices Act, 1961",35,Construction of references,"Section deals only with definitional references, not a practical citizen issue",2026-09-30T16:33:15.890016
"Employees Provident Funds and Miscellaneous Provisions Act, 1952",1,Section 1,"Section 1 contains definitions and procedural details, not a citizen-facing issue.",2026-09-30T16:33:25.549635
"Employees Provident Funds and Miscellaneous Provisions Act, 1952",5AA,Executive Committee,"Section deals with internal government committee formation, not a citizen-facing issue",2026-09-30T16:33:29.011846
"Employees Provident Funds and Miscellaneous Provisions Act, 1952",7H,Staff of Tribunal,"Section deals with internal tribunal staffing, not a citizen-facing issue.",2026-09-30T16:33:41.195680
"Employees Provident Funds and Miscellaneous Provisions Act, 1952",20,Power of Central Government to give directions,"The section deals with internal government directions to a board, not a citizen-facing issue.",2026-09-30T16:33:55.227756
"Employees Provident Funds and Miscellaneous Provisions Act, 1952",19,Delegation of powers,"Section deals with administrative delegation of authority, not a citizen-facing issue.",2026-09-30T16:33:55.232546
"Industrial Relations Code, 2020",3,"Accordingly, the Industrial Relations Code, 2019 was introduced in Lok Sabha on the th November, 2019, which was referred to the Department","Section describes legislative history, not a citizen-facing issue",2026-09-30T16:34:12.838732
"Industrial Relations Code, 2020",101,Power to amend Schedules,"The provision deals with governmental amendment procedures, not a situation an ordinary citizen would query.",2026-09-30T16:35:02.469198
"Industrial Relations Code, 2020",102,Amendment of Act 7 of 2017,Section merely updates references and does not create rights or duties for citizens.,2026-09-30T16:35:02.487173
"Mahatma Gandhi National Rural Employment Guarantee Act, 2005",11,Functions and duties of Central Council,"Citizens would not directly query about the duties of a central council, which is an administrative function.",2026-09-30T16:35:05.431378
"Industrial Relations Code, 2020",103,Power to remove difficulties,"The provision deals with government’s power to amend rules for implementation, not a direct citizen issue.",2026-09-30T16:35:06.110123
"Mahatma Gandhi National Rural Employment Guarantee Act, 2005",33,Laying of rules and Schemes,"The section deals with parliamentary procedure for rules, not a citizen's everyday problem.",2026-09-30T16:35:15.774528
"Occupational Safety, Health and Working Conditions Code, 2020",3,Section 3,"Section contains only introductory information, no citizen-facing provisions.",2026-09-30T16:35:21.099116
"Occupational Safety, Health and Working Conditions Code, 2020",4,The notes on clause explain in detail the various provisions contained in the Code,"Section contains only explanatory notes and lists, not a citizen‑facing provision.",2026-09-30T16:35:21.655005
"Occupational Safety, Health and Working Conditions Code, 2020",5,The Code seeks to achieve the aforesaid objectives,Section only states the code's objectives and does not address a specific citizen issue.,2026-09-30T16:35:21.855712
"Occupational Safety, Health and Working Conditions Code, 2020",2,Section 2,Section merely states the purpose of the code and does not address a specific citizen issue.,2026-09-30T16:35:33.009190
"Occupational Safety, Health and Working Conditions Code, 2020",71,Exemption to certain persons,"Section deals with technical exemptions for mine workers, not a typical citizen issue",2026-09-30T16:36:03.231021
"Trade Unions Act, 1926",30,Publication of regulations,"The section deals with procedural publication of union regulations, not a common citizen issue.",2026-09-30T16:37:23.003004
"Bankers Books Evidence Act, 1891",1,The Act has been extended in its application to the whole of the Union territory of Lakshadweep (with effect from 1,The section merely extends the geographical scope of the law and does not address a practical issue a citizen would ask about.,2026-09-30T16:37:23.310841
"Banking Regulation Act, 1949",2,"Explanation omitted by Act 58 of 1968, s","Section is a historical explanation, not applicable to citizen queries",2026-09-30T16:37:24.024676
"Banking Regulation Act, 1949",9,"Stationery, printing and advertisement, etc………","Section deals with bank's internal expenses, not a citizen's issue",2026-09-30T16:37:30.901983
"Banking Regulation Act, 1949",8,Section 8,"Section deals with parliamentary procedure on rule changes, not a citizen-facing issue",2026-09-30T16:37:31.941860
"Banking Regulation Act, 1949",6,Forms of business in which banking companies may engage,"Section describes permissible banking activities, not a citizen-facing issue",2026-09-30T16:37:33.621953
"Banking Regulation Act, 1949",10D,"Provisions of sections 10A and 10B to override all other laws, contracts, etc","Section deals with corporate director appointments, not a typical citizen issue",2026-09-30T16:37:35.147691
"Banking Regulation Act, 1949",12,"Regulation of paid-up capital, subscribed capital and authorised capital and voting rights of shareholders","Section deals with technical capital requirements for banks, not typical citizen queries",2026-09-30T16:37:35.601245
"Banking Regulation Act, 1949",4,Section 4,"Section deals with technical compensation rules for banks, not a typical citizen issue",2026-09-30T16:37:35.652032
"Banking Regulation Act, 1949",3,Cls,Section deals with technical liquidation procedures not relevant to ordinary citizens,2026-09-30T16:37:35.904944
"Banking Regulation Act, 1949",31,Submission of returns,"Section deals with banks' filing of financial returns, not a matter citizens would query",2026-09-30T16:37:52.495012
"Banking Regulation Act, 1949",36AC,Part IIA to override other laws,"Section deals with internal bank governance superseding other laws, not a typical citizen issue",2026-09-30T16:37:55.610144
"Banking Regulation Act, 1949",45A,Part IIIA to override other laws,"Section deals with legal hierarchy and overrides, not a practical issue for ordinary citizens.",2026-09-30T16:38:03.667911
"Banking Regulation Act, 1949",55,Amendment of Act 2 of 1934,"The section deals only with legislative amendment details, not a citizen-facing issue.",2026-09-30T16:38:23.624232
"Banking Regulation Act, 1949",55A,Power to remove difficulties,"Section deals with government administrative powers, not a citizen's practical issue",2026-09-30T16:38:23.629433
"Banning of Unregulated Deposit Schemes Act, 2019",42,Amendment to certain enactments,"Section deals with amendment of other laws, not a direct citizen issue",2026-09-30T16:38:52.274947
"Banning of Unregulated Deposit Schemes Act, 2019",43,Power to remove difficulties,"The provision deals only with government’s power to amend implementation details, not a citizen-facing issue.",2026-09-30T16:38:52.823128
"Chit Funds Act, 1982",73,Advisory role of Reserve Bank,"The section deals with the Reserve Bank giving advice to state governments, not a matter citizens would directly seek.",2026-09-30T16:39:13.060487
"Credit Information Companies (Regulation) Act, 2005",1,Section 1,"Section deals with definitions and procedural amendments, not a citizen-facing issue",2026-09-30T16:39:19.499154
"Credit Information Companies (Regulation) Act, 2005",5,Grant of certificate of registration,"Section deals with regulatory registration of credit information companies, not a common public concern",2026-09-30T16:39:22.952341
"Credit Information Companies (Regulation) Act, 2005",8,Requirement as to minimum capital,"Section deals with capital requirements for companies, not a citizen issue",2026-09-30T16:39:26.506844
"Credit Information Companies (Regulation) Act, 2005",34,Amendment of certain enactments,"Section deals with technical amendment of other statutes, not a citizen-facing issue.",2026-09-30T16:39:29.633294
"Credit Information Companies (Regulation) Act, 2005",35,Removal of difficulties,"The provision deals with government’s power to issue orders for implementation issues, not a matter citizens would directly query.",2026-09-30T16:39:29.752313
"Insolvency and Bankruptcy Code, 2016",2,Section 2,"Section deals with administrative setup of tribunals, not a direct citizen issue",2026-09-30T16:39:29.893313
"Insolvency and Bankruptcy Code, 2016",1,Section 1,Section only defines technical term 'associate' not a common citizen query,2026-09-30T16:39:29.967002
"Insolvency and Bankruptcy Code, 2016",6,Section 6,"Section deals with procedural rule-making for tribunals, not a direct citizen issue.",2026-09-30T16:39:33.566477
"Insolvency and Bankruptcy Code, 2016",54P,"Application of provisions of Chapters II, III, VI and VII to this Chapter","The section deals with technical cross-referencing of insolvency provisions, not a typical citizen issue.",2026-09-30T16:40:19.167024
"Insolvency and Bankruptcy Code, 2016",195,Power to designate financial sector regulator,"Section deals with governmental administrative designation, not a common citizen issue",2026-09-30T16:41:27.027925
"Insolvency and Bankruptcy Code, 2016",228,Budget,"The provision is about internal budget preparation by a board, not a matter ordinary citizens would query.",2026-09-30T16:41:38.090615
"Insolvency and Bankruptcy Code, 2016",221,Grants by Central Government,"Section deals with government grants to a board, not a citizen-facing issue.",2026-09-30T16:41:38.729241
"Insolvency and Bankruptcy Code, 2016",222,Board's Fund,"The section deals with internal funding of a regulatory board, not a citizen-facing issue.",2026-09-30T16:41:38.841000
"Insolvency and Bankruptcy Code, 2016",225,Power of Central Government to issue directions,"The provision deals with internal policy directions to a regulatory board, not a situation an ordinary citizen would encounter.",2026-09-30T16:41:41.261166
"Insolvency and Bankruptcy Code, 2016",237,Appeal and revision,"The provision deals with procedural powers of High Courts, not a situation an ordinary citizen would search for.",2026-09-30T16:41:42.058547
"Insolvency and Bankruptcy Code, 2016",230,Delegation,"Section deals with internal delegation of powers within the Board, not a matter citizens would query",2026-09-30T16:41:43.412148
"Insolvency and Bankruptcy Code, 2016",234,Agreements with foreign countries,"Section deals with government agreements for cross-border enforcement, not a situation an ordinary citizen would encounter",2026-09-30T16:41:43.686811
"Insolvency and Bankruptcy Code, 2016",242,Power to remove difficulties,"The provision deals with government’s power to amend rules, not a situation an ordinary citizen would encounter.",2026-09-30T16:41:43.845507
"Insolvency and Bankruptcy Code, 2016",245,Amendments of Act 9 of 1932,"Section deals only with technical amendment of another law, not a direct citizen issue",2026-09-30T16:41:43.956024
"Insolvency and Bankruptcy Code, 2016",246,Amendments of Act 1 of 1944,"Section deals with amendment of another law, not a citizen-facing issue",2026-09-30T16:41:44.385564
"Insolvency and Bankruptcy Code, 2016",247,Amendments of Act 43 of 1961,"Section deals only with technical amendment of another law, not a citizen-facing issue.",2026-09-30T16:41:44.434852
"Insolvency and Bankruptcy Code, 2016",249,Amendments of Act 51 of 1993,"Section deals only with technical amendment of another law, not a citizen-facing issue.",2026-09-30T16:41:44.481326
"Insolvency and Bankruptcy Code, 2016",250,Amendments of Act 32 of 1994,"Section deals with technical amendment procedure, not a citizen-facing issue.",2026-09-30T16:41:44.633482
"Insolvency and Bankruptcy Code, 2016",254,Amendments of Act 6 of 2009,"Section deals with amendment of another law, not a direct citizen issue",2026-09-30T16:41:44.763448
"Insolvency and Bankruptcy Code, 2016",253,Amendments of Act 51 of 2007,"Section deals with amendment of another law, not a direct citizen issue",2026-09-30T16:41:44.773527
"Insolvency and Bankruptcy Code, 2016",252,Amendments of Act 1 of 2004,"Section deals with technical amendment of another law, not a citizen-facing issue.",2026-09-30T16:41:45.593894
"Insolvency and Bankruptcy Code, 2016",255,Amendments of Act 18 of 2013,"Section deals with technical amendment of another law, not a citizen-facing issue",2026-09-30T16:41:47.520536
"Insolvency and Bankruptcy Code, 2016",251,Amendments of Act 54 of 2002,"The section deals only with technical amendments to another law, not a matter a citizen would query.",2026-09-30T16:41:48.031886
"Insolvency and Bankruptcy Code, 2016",248,Amendments of Act 52 of 1962,"Section deals with technical amendment of another law, not a citizen-facing issue.",2026-09-30T16:41:48.435992
"Payment and Settlement Systems Act, 2007",32,Act to have overriding effect,The section is purely technical about the law's supremacy and not applicable to everyday citizen queries.,2026-09-30T16:42:00.101030
"Payment and Settlement Systems Act, 2007",34,Act not to apply to stock exchanges or clearing corporations of stock exchanges,"The provision merely excludes stock exchanges and clearing corporations from the Act, offering no practical guidance for ordinary citizens.",2026-09-30T16:42:01.740894
"Payment and Settlement Systems Act, 2007",34A,Act to apply to designated trade repository and issuer,"The provision deals with regulatory applicability to trade repositories and issuers, which is not a typical citizen concern.",2026-09-30T16:42:04.508638
"Provincial Insolvency Act, 1920",81,Power of State Government to bar application of certain provisions to certain Courts,"Section deals with governmental administrative power, not a situation a typical citizen would query.",2026-09-30T16:42:51.097328
"Recovery Of Debts And Bankruptcy Act, 1993",7,Staff of Tribunal,"Section deals only with appointment and conditions of tribunal staff, not a citizen-facing issue.",2026-09-30T16:42:51.530776
"Recovery Of Debts And Bankruptcy Act, 1993",6A,"Qualifications, terms and conditions of service of Presiding Officer","Section deals with internal appointment rules for tribunal officers, not a common citizen query",2026-09-30T16:42:54.579625
"Recovery Of Debts And Bankruptcy Act, 1993",12,Staff of the Appellate Tribunal,"Section deals with internal staffing of a tribunal, not a citizen issue.",2026-09-30T16:42:56.280737
"Recovery Of Debts And Bankruptcy Act, 1993",10,Qualifications for appointment as9 the Chairperson of the Appellate Tribunal,"Section describes qualifications for a tribunal chairperson, not a citizen-facing issue.",2026-09-30T16:42:57.138767
"Recovery Of Debts And Bankruptcy Act, 1993",17A,Power of Chairperson of Appellate Tribunal,"Section deals with internal administrative powers of tribunal chairperson, not a citizen-facing issue.",2026-09-30T16:42:57.737060
"Recovery Of Debts And Bankruptcy Act, 1993",15A,"Qualifications, terms and conditions of service of Chairperson","The section deals only with internal qualifications and service terms of a tribunal chairperson, which ordinary citizens would not query.",2026-09-30T16:42:57.856968
"Recovery Of Debts And Bankruptcy Act, 1993",35,Power to remove difficulties,"The provision deals with government’s power to issue orders to fix implementation issues, which is not a situation an ordinary citizen would search for.",2026-09-30T16:43:05.646580
"Securitisation and Reconstruction of Financial Assets and Enforcement of Security Interest Act, 2002",18B,"Appeal to High Court in certain cases . Omitted by the Jammu and Kashmir Reorganization (Adaptation of Central Laws) Order, 2020, vide notification N",Section has been omitted and contains no substantive provision for citizens.,2026-09-30T16:43:26.017097
"Securitisation and Reconstruction of Financial Assets and Enforcement of Security Interest Act, 2002",17A,"Making of application to Court of District Judge in certain cases.  Omitted by the Jammu and Kashmir Reorganization (Adaptation of Central Laws) Order,","Section omitted, no applicable citizen queries",2026-09-30T16:43:28.915619
"Securitisation and Reconstruction of Financial Assets and Enforcement of Security Interest Act, 2002",20B,Delegation of powers,"Section deals with internal delegation of governmental powers, not a matter citizens would query.",2026-09-30T16:43:30.418996
"Securitisation and Reconstruction of Financial Assets and Enforcement of Security Interest Act, 2002",41,Amendments to certain enactments,"Section deals with legislative amendments, not a practical issue for ordinary citizens",2026-09-30T16:43:40.044832
"Securitisation and Reconstruction of Financial Assets and Enforcement of Security Interest Act, 2002",40,Power to remove difficulties,"The provision deals only with government’s power to issue corrective orders, not a situation a typical citizen would encounter.",2026-09-30T16:43:40.054579
"Indian Easements Act, 1882",3,Construction of certain references to Act 15 of 1877 and Act 9 of 1871,"Section deals only with legal cross-references, not a practical citizen issue",2026-09-30T16:43:42.315786
"Registration Act, 1908",1,It has been amended in its application to West Bengal by Ben,"Section deals only with legislative amendments and applicability, not a citizen-facing issue.",2026-09-30T16:44:46.084967
"Registration Act, 1908",2,"See now the Specific Relief Act, 1963 (47 of 1963)","Section contains definitions and references, not a citizen-facing provision.",2026-09-30T16:44:46.166485
"Registration Act, 1908",13,"Report to State Government of appointments under sections 10, 11 and 12","Section deals with internal reporting of appointments, not a matter ordinary citizens would inquire about.",2026-09-30T16:44:52.097202
"Right to Fair Compensation and Transparency in Land Acquisition, Rehabilitation and Resettlement Act, 2013",1,"The Ancient Monuments and Archaeological Sites and Remains Act, 1958 (24 of 1958)","Section content is a list of unrelated Acts, not a usable provision for citizen queries.",2026-09-30T16:45:39.763105
"Right to Fair Compensation and Transparency in Land Acquisition, Rehabilitation and Resettlement Act, 2013",2,"1st January 2014, v ide notification No","The section only provides a notification date and list of project types, not a citizen‑facing right or remedy.",2026-09-30T16:45:42.583325
"Registration Act, 1908",92,"Burmese registration-rules confirmed  Rep . by the Government of India ( Adaptation of Indian Laws ) Order , 1937","Section deals with historical registration rules, not a practical issue for citizens",2026-09-30T16:45:44.973037
"Right to Fair Compensation and Transparency in Land Acquisition, Rehabilitation and Resettlement Act, 2013",53,Qualifications for appointment as Presiding Officer,Citizens unlikely to query qualifications for appointing a presiding officer,2026-09-30T16:46:01.052539
"Right to Fair Compensation and Transparency in Land Acquisition, Rehabilitation and Resettlement Act, 2013",56,Salary and allowances and other terms and conditions of service of Presiding Officers,"The section deals with internal service terms of presiding officers, not a citizen-facing issue.",2026-09-30T16:46:01.808378
"Right to Fair Compensation and Transparency in Land Acquisition, Rehabilitation and Resettlement Act, 2013",113,Power to remove difficulties,"The section deals with governmental procedural powers, not a situation an ordinary citizen would query.",2026-09-30T16:46:30.812911
"Commission of Sati (Prevention ) Act, 1987",1,"21st March, 1988, vide Notifn","Section contains only procedural notification, no citizen-facing provision.",2026-09-30T16:46:45.902093
"Commission of Sati (Prevention ) Act, 1987",10,Special Public Prosecutors,"Section deals only with appointment of prosecutors, not a citizen-facing issue",2026-09-30T16:46:56.158508
"Commissions for Protection of Child Rights Act, 2005",37,Power to remove difficulties,"The provision deals with government’s power to issue orders for administrative difficulties, which ordinary citizens would not directly query.",2026-09-30T16:47:07.001630
"Commissions for Protection of Child Rights Act, 2005",34,Returns or information,"Section deals with commission reporting to government, not a citizen-facing issue.",2026-09-30T16:47:09.975079
"Human Immunodeficiency Virus and Acquired Immune Deficiency Syndrome (Prevention and Control) Act, 2017",48,Laying of rules before both Houses of Parliament,"Section deals with parliamentary procedure, not a citizen's real-life issue",2026-09-30T16:47:32.482506
"Human Immunodeficiency Virus and Acquired Immune Deficiency Syndrome (Prevention and Control) Act, 2017",50,Power to remove difficulties,"Section deals only with government’s power to issue orders, not a citizen-facing issue.",2026-09-30T16:47:36.633112
"Juvenile Justice (Care and Protection of Children) Act, 2015",1,Section 1,"Section contains definitions and procedural details, not a citizen-facing issue.",2026-09-30T16:47:53.708049
"Juvenile Justice (Care and Protection of Children) Act, 2015",112,Power to remove difficulties,"Section deals with government administrative power, not a citizen's personal issue",2026-09-30T16:48:49.350926
"National Commission for Women Act, 1990",6,Salaries and allowances to be paid out of grants,"The section deals only with internal funding of the commission, not a matter citizens would inquire about.",2026-09-30T16:48:49.420965
"National Commission for Women Act, 1990",9,Procedure to be regulated by the Commission,"Section deals only with internal procedures of the commission, not a matter citizens would query.",2026-09-30T16:48:50.652881
"National Commission for Women Act, 1990",13,Annual report,"Section deals with internal reporting of the Commission, not a citizen issue",2026-09-30T16:48:51.471970
"National Commission for Women Act, 1990",11,Grants by the Central Government,"Section deals only with government funding to a commission, not a citizen-facing issue.",2026-09-30T16:48:55.340348
"Right of Children to Free and Compulsory Education Act, 2009",39,Power of Central Government to remove difficulties,"Section deals with government’s power to issue orders, not a matter citizens would query.",2026-09-30T16:49:23.032403
"Rights of Persons with Disabilities Act, 2016",49,Competent authority,The provision is about government appointment of an authority and does not address a citizen's everyday problem.,2026-09-30T16:49:41.217554
"Rights of Persons with Disabilities Act, 2016",60,Constitution of Central Advisory Board on Disability,"The section deals only with formation of a government advisory board, not a matter citizens would query.",2026-09-30T16:49:42.924214
"Rights of Persons with Disabilities Act, 2016",64,Meetings of the Central Advisory Board on disability,"Section deals only with internal procedural meetings of a board, not a citizen-facing issue.",2026-09-30T16:49:44.494197
"Rights of Persons with Disabilities Act, 2016",70,Meetings of State Advisory Board on disability,"The provision concerns internal meetings of a government board, not a citizen's personal legal issue.",2026-09-30T16:49:44.809949
"Rights of Persons with Disabilities Act, 2016",88,State Fund for persons with disabilities,"The provision deals with creation and management of a state fund, not a direct citizen issue.",2026-09-30T16:49:50.750813
"Rights of Persons with Disabilities Act, 2016",87,Accounts and audit,"The section deals with government fund accounting and audit procedures, not a matter a typical citizen would query.",2026-09-30T16:49:50.756029
"Rights of Persons with Disabilities Act, 2016",99,Power to amend Schedule,"The provision deals only with governmental power to amend a schedule, not a situation a citizen would seek guidance on.",2026-09-30T16:49:56.576553
"Transgender Persons (Protection of Rights) Act, 2019",23,Power to remove difficulties,"Section deals with governmental procedural power, not a citizen's personal issue",2026-09-30T16:50:04.668109
"Karnataka Civil Courts Act, 1964",3,Section 3,"Section deals with internal court administration, not a citizen's everyday legal problem.",2026-09-30T16:50:12.762160
"Karnataka Civil Courts Act, 1964",8,Number of1 Senior Civil Judges1 and1 Court of a Civil Judges1  to the1 Court of a Senior Civil Judge1 or1 Civil Judge1,"The section only deals with administrative appointment numbers, not a citizen-facing issue.",2026-09-30T16:50:13.389716
"Karnataka Civil Courts Act, 1964",5,Appointment of Additional District Judges,"Section deals with appointment of judges, not a citizen-facing issue",2026-09-30T16:50:13.677776
"Karnataka Civil Courts Act, 1964",12,Existing Courts to be deemed to be Courts established under this Act,"Section deals only with administrative classification of courts, not a citizen-facing issue.",2026-09-30T16:50:15.528013
"Karnataka Control of Organized Crimes Acts, 2000",13,Appointment of Competent Authority,"Section deals only with internal appointment of officials, not a citizen-facing issue.",2026-09-30T16:50:29.759545
"Karnataka Control of Organized Crimes Acts, 2000",28,Annual Report of Interceptions,"The provision deals with government reporting procedures, not a matter citizens would directly inquire about.",2026-09-30T16:50:31.250050
"Karnataka Control of Organized Crimes Acts, 2000",30,Powers of State Government to make rules,"Section deals only with how the state government makes and modifies rules, which is a procedural matter not typically queried by ordinary citizens.",2026-09-30T16:50:31.695962
"Karnataka Police Act, 1963",15,General powers of Commissioner and Superintendent,"The section deals with internal police administrative powers, not a situation a citizen would query.",2026-09-30T16:51:14.288657
"Karnataka Police Act, 1963",20A,The State Security Commission,"Section deals with formation of a government commission, not a citizen's everyday legal issue",2026-09-30T16:51:14.782583
"Karnataka Police Act, 1963",146,"Superintendence, control and administration of Force","The section deals only with internal police appointments and administration, not a matter a citizen would query.",2026-09-30T16:52:24.096753
"Karnataka Police Act, 1963",154,"Offence in respect of refusal to deliver certificate of appointment, etc","The provision deals with disciplinary action against reserve police officers, not a situation a typical citizen would inquire about.",2026-09-30T16:52:27.336188
"Karnataka Police Act, 1963",151,General duties of members of the State Reserve Police Force,"The section describes duties of reserve police officers, not a situation a typical citizen would inquire about.",2026-09-30T16:52:33.194849
"Karnataka Police Act, 1963",150,General powers of Commandant,"The provision deals with internal police command structure and duties, not a matter a citizen would seek guidance on.",2026-09-30T16:52:35.014650
"Karnataka Small Cause Courts Act, 1964",7,Duties of ministerial officers,"Section deals with internal duties of court staff, not a citizen issue.",2026-09-30T16:52:36.982187
"Karnataka Education Act, 1983",109,State Educational Advisory Council,"The section deals with formation of an advisory council, which is not a matter ordinary citizens would search for.",2026-09-30T16:53:40.996854
"Karnataka Education Act, 1983",115,Penalty for contravention of section 23,"The section only defines a penalty for violating another provision, without specifying the citizen-facing issue.",2026-09-30T16:53:41.265662
"Karnataka Education Act, 1983",112,Procedure of Meetings,"The section deals with internal procedural rules for council meetings, not a citizen-facing issue.",2026-09-30T16:53:45.908784
"Karnataka Education Act, 1983",140,Amendment of Karnataka Act No. 16 of 1966,The section only amends a previous law and does not address a citizen's practical problem.,2026-09-30T16:53:54.599994
"Karnataka Education Act, 1983",143,Delegation,"Section deals with governmental delegation of powers, not a citizen's practical problem",2026-09-30T16:53:55.029296
"Karnataka Educational Institutions (Prohibition of Capitation Fee) Act, 1984",1,Section 1,Section defines terms and does not address a citizen's actionable issue,2026-09-30T16:53:56.941943
"Karnataka Preservation of Trees Act, 1976",6,Appointment of other officers,"The section deals with internal administrative appointments, not a situation a typical citizen would inquire about.",2026-09-30T16:54:01.066688
"Karnataka Preservation of Trees Act, 1976",27B,Delegation of powers,"The section deals with internal delegation of governmental powers, not a situation a citizen would query.",2026-09-30T16:54:12.902431
"Karnataka Marriages (Registration and Miscellaneous Provisions) Act, 1976",35,Amendment of Karnataka Act 27 of 1966,Section deals with amendment of another law and is technical; not a practical issue for ordinary citizens.,2026-09-30T16:54:25.823229
"Karnataka Private Medical Establishments Act, 2007",11B,Power of State Government to amend the schedule,"Section deals only with government procedural powers, not a citizen's real-life issue",2026-09-30T16:54:32.787063
"Karnataka Daily Wage Employees Welfare Act, 2012",11,Section 11,"Section deals with rule-making authority, not a citizen-facing issue",2026-09-30T16:54:48.853507
"Karnataka Shops and Commercial Establishments Act, 1961",1,Section 1,"Section deals only with rule-making procedure, not a citizen-facing issue",2026-09-30T16:54:49.705567
"Karnataka Debt Relief Act, 1976",2,Declaration,"Section is a policy declaration, not directly applicable to individual queries",2026-09-30T16:55:12.586556
"Karnataka Shops and Commercial Establishments Act, 1961",80,Section 80,"Section deals only with the commencement date of the Act, not a practical issue citizens would search for.",2026-09-30T16:55:14.503280
"Karnataka Debt Relief Act, 2018",3,Declaration,The section is a constitutional declaration and does not address a specific citizen problem.,2026-09-30T16:55:27.475087
"Karnataka Debt Relief Act, 2018",17,Power to remove difficulties,"Section deals with governmental procedural power, not a citizen's actionable query",2026-09-30T16:55:35.865168
"Karnataka Micro Loan and Small Loan (Prevention of Coercive Actions) Act, 2025",16,Power to remove difficulties,"The section deals only with governmental procedural powers, not a situation a citizen would directly inquire about.",2026-09-30T16:55:44.064092
"Karnataka Money-lenders Act, 1961",5,Amendment of section 37,Section only amends wording of another provision; not directly applicable to a citizen's query,2026-09-30T16:55:48.335643
"Karnataka Traffic Control Act, 1960",1,Section 1,"Section only deals with when the law starts, not a citizen issue",2026-09-30T16:56:34.682093
"Karnataka Acquisition of Lands for Grant of House Sites Act, 1972",6,Delegation of powers by the State Government,"Section deals with internal government delegation, not a citizen-facing issue",2026-09-30T16:56:49.866504
"Karnataka Land (Restriction on Transfer) Act, 1991",4,Section 4,"Section contains only a list of districts, no actionable provision for citizens.",2026-09-30T16:56:58.035156
"Karnataka Land Grabbing Prohibition Act, 2011",12,Staff of the Special Court,"Section deals only with internal staffing of a special court, not a citizen-facing issue.",2026-09-30T16:57:09.274374
"Karnataka Land Reforms Act, 1961",4,"The Bombay Tenancy (Suspension of Provisions and Amendment) Act, 1957 (2 Karnataka Act2 No","Section deals with procedural hearing rules, not a common citizen issue",2026-09-30T16:57:11.956044
"Karnataka Land Reforms Act, 1961",2,"The Hyderabad Tenancy and Agricultural Lands Act, 1950 (Hyderabad Act XXI of 1950)",Section merely lists other Acts and adaptation orders; not a citizen‑facing provision.,2026-09-30T16:57:12.635510
"Karnataka Land Reforms Act, 1961",9,"The Karnataka2 Tenancy (Amendment and Continuance of Tenancies) Act, 1957 (2 Karnataka Act2 No",The section only references another act and contains no substantive provision for citizens to query.,2026-09-30T16:57:17.489947
"Karnataka Land Reforms Act, 1961",93,Consequences of registration,"Section deals with application of cooperative society law to registered farms, which is technical and not a typical citizen query",2026-09-30T16:58:00.298476
"Karnataka Land Reforms Act, 1961",134,Control,"Section deals with internal administrative control, not a citizen-facing issue",2026-09-30T16:58:10.955126
"Karnataka Slum Areas Development Act, 1973",5A,Application,"Section only defines territorial extent, not relevant to citizen queries",2026-09-30T16:58:23.517345
"Karnataka Slum Areas Development Act, 1973",48,Payment of certain amount by the State Housing Board to the Board,"The section deals with internal government fund transfers, not a matter citizens would query.",2026-09-30T16:58:47.739405
"Karnataka Stamp Act, 1957",1,Acknowledgment,"Section deals with technical definitions of acknowledgment and stamp duty, not a common citizen issue.",2026-09-30T16:59:05.733119
"Karnataka Stamp Act, 1957",6,Deemed to have been substituted by Act 20 of 2009 w,"Section deals with legislative substitution, not a citizen-facing issue",2026-09-30T16:59:05.995778
"Karnataka Stamp Act, 1957",45B,Constitution of Central Valuation Committee,"The provision deals with government committee formation, not a citizen's everyday legal issue.",2026-09-30T16:59:33.530608
"Karnataka Town and Country Planning Act, 1961",2,Adapted by the Karnataka Adaptations of Laws order 1973 w,"Section deals with technical adaptations of other laws, not a citizen-facing issue.",2026-09-30T16:59:39.090883
"Karnataka Town and Country Planning Act, 1961",68B,Budget of the Planning Authority,"Section deals with internal budgeting of planning authority, not a citizen issue.",2026-09-30T17:00:26.876220
"Karnataka Town and Country Planning Act, 1961",72,"Amendment of section 23 and section 24 of the Land Acquisition Act, 1894, for purposes of acquisition under this Act","Section deals with technical amendment of other law provisions, not a direct citizen issue",2026-09-30T17:00:32.999252
"Karnataka Sakaala Services Act, 2011",2,Amendment of title,"Section only amends the title of the Act, no citizen-facing issue.",2026-09-30T17:00:43.456866
"Karnataka Sakaala Services Act, 2011",3,Amendment of section 1,The section only amends the name of the Act and does not address any citizen-facing issue.,2026-09-30T17:00:46.600959
"Karnataka Sakaala Services Act, 2011",15,Deemed service condition,"The section defines how the Act's rules become part of officers' service conditions, which is not a situation a typical citizen would query.",2026-09-30T17:00:50.581038
"Karnataka Prohibition of Beggary Act, 1975",1,Section 1,"Section deals with government fund payments, not a citizen's everyday issue.",2026-09-30T17:01:00.083868
"Karnataka Prohibition of Beggary Act, 1975",37,Administration Report,"The section deals only with administrative reporting procedures, not a situation a citizen would ask about.",2026-09-30T17:01:12.895192
"Karnataka State Commission for Women Act, 1995",6,Staff of the Commission,"The section deals with internal staffing and funding of the commission, not a matter citizens would query.",2026-09-30T17:01:15.744201
"Karnataka State Commission for Women Act, 1995",14,Annual report,"Section deals with internal reporting of the commission, not a citizen-facing issue.",2026-09-30T17:01:16.275507
